Date,Close,Predictions,Crypto/Stock
2022-01-01 00:00:00+00:00,1.3769750595092773,1.3775839805603027,ADA-USD,,,,,,,,,,,,,,,,,,,,,,,
2022-01-02 00:00:00+00:00,1.3775839805603027,1.3216370344161987,ADA-USD,,,,,,,,,,,,,,,,,,,,,,,
2022-01-03 00:00:00+00:00,1.3216370344161987,1.3116580247879028,ADA-USD,,,,,,,,,,,,,,,,,,,,,,,
2022-01-04 00:00:00+00:00,1.3116580247879028,1.236001968383789,ADA-USD,,,,,,,,,,,,,,,,,,,,,,,
2022-01-05 00:00:00+00:00,1.236001968383789,1.2797820568084717,ADA-USD,,,,,,,,,,,,,,,,,,,,,,,
2022-01-06 00:00:00+00:00,1.2797820568084717,1.2115470170974731,ADA-USD,,,,,,,,,,,,,,,,,,,,,,,
2022-01-07 00:00:00+00:00,1.2115470170974731,1.1875120401382446,ADA-USD,,,,,,,,,,,,,,,,,,,,,,,
2022-01-08 00:00:00+00:00,1.1875120401382446,1.17385995388031,ADA-USD,,,,,,,,,,,,,,,,,,,,,,,
2022-01-09 00:00:00+00:00,1.17385995388031,1.128051996231079,ADA-USD,,,,,,,,,,,,,,,,,,,,,,,
2022-01-10 00:00:00+00:00,1.128051996231079,1.1851099729537964,ADA-USD,,,,,,,,,,,,,,,,,,,,,,,
2022-01-11 00:00:00+00:00,1.1851099729537964,1.3045350313186646,ADA-USD,,,,,,,,,,,,,,,,,,,,,,,
2022-01-12 00:00:00+00:00,1.3045350313186646,1.2331609725952148,ADA-USD,,,,,,,,,,,,,,,,,,,,,,,
2022-01-13 00:00:00+00:00,1.2331609725952148,1.2909259796142578,ADA-USD,,,,,,,,,,,,,,,,,,,,,,,
2022-01-14 00:00:00+00:00,1.2909259796142578,1.2962629795074463,ADA-USD,,,,,,,,,,,,,,,,,,,,,,,
2022-01-15 00:00:00+00:00,1.2962629795074463,1.407251000404358,ADA-USD,,,,,,,,,,,,,,,,,,,,,,,
2022-01-16 00:00:00+00:00,1.407251000404358,1.5941309928894043,ADA-USD,,,,,,,,,,,,,,,,,,,,,,,
2022-01-17 00:00:00+00:00,1.5941309928894043,1.4655410051345825,ADA-USD,,,,,,,,,,,,,,,,,,,,,,,
2022-01-18 00:00:00+00:00,1.4655410051345825,1.34175705909729,ADA-USD,,,,,,,,,,,,,,,,,,,,,,,
2022-01-19 00:00:00+00:00,1.34175705909729,1.2580549716949463,ADA-USD,,,,,,,,,,,,,,,,,,,,,,,
2022-01-20 00:00:00+00:00,1.2580549716949463,1.1232329607009888,ADA-USD,,,,,,,,,,,,,,,,,,,,,,,
2022-01-21 00:00:00+00:00,1.1232329607009888,1.066715955734253,ADA-USD,,,,,,,,,,,,,,,,,,,,,,,
2022-01-22 00:00:00+00:00,1.066715955734253,1.122370958328247,ADA-USD,,,,,,,,,,,,,,,,,,,,,,,
2022-01-23 00:00:00+00:00,1.122370958328247,1.0665980577468872,ADA-USD,,,,,,,,,,,,,,,,,,,,,,,
2022-01-24 00:00:00+00:00,1.0665980577468872,1.0435739755630493,ADA-USD,,,,,,,,,,,,,,,,,,,,,,,
2022-01-25 00:00:00+00:00,1.0435739755630493,1.0790469646453857,ADA-USD,,,,,,,,,,,,,,,,,,,,,,,
2022-01-26 00:00:00+00:00,1.0790469646453857,1.0435329675674438,ADA-USD,,,,,,,,,,,,,,,,,,,,,,,
2022-01-27 00:00:00+00:00,1.0435329675674438,1.0506060123443604,ADA-USD,,,,,,,,,,,,,,,,,,,,,,,
2022-01-28 00:00:00+00:00,1.0506060123443604,1.0595699548721313,ADA-USD,,,,,,,,,,,,,,,,,,,,,,,
2022-01-29 00:00:00+00:00,1.0595699548721313,1.0374729633331299,ADA-USD,,,,,,,,,,,,,,,,,,,,,,,
2022-01-30 00:00:00+00:00,1.0374729633331299,1.0523029565811157,ADA-USD,,,,,,,,,,,,,,,,,,,,,,,
2022-01-31 00:00:00+00:00,1.0523029565811157,1.0886240005493164,ADA-USD,,,,,,,,,,,,,,,,,,,,,,,
2022-02-01 00:00:00+00:00,1.0886240005493164,1.028905987739563,ADA-USD,,,,,,,,,,,,,,,,,,,,,,,
2022-02-02 00:00:00+00:00,1.028905987739563,1.0564440488815308,ADA-USD,,,,,,,,,,,,,,,,,,,,,,,
2022-02-03 00:00:00+00:00,1.0564440488815308,1.1356240510940552,ADA-USD,,,,,,,,,,,,,,,,,,,,,,,
2022-02-04 00:00:00+00:00,1.1356240510940552,1.1273449659347534,ADA-USD,,,,,,,,,,,,,,,,,,,,,,,
2022-02-05 00:00:00+00:00,1.1273449659347534,1.1445469856262207,ADA-USD,,,,,,,,,,,,,,,,,,,,,,,
2022-02-06 00:00:00+00:00,1.1445469856262207,1.1973069906234741,ADA-USD,,,,,,,,,,,,,,,,,,,,,,,
2022-02-07 00:00:00+00:00,1.1973069906234741,1.1787199974060059,ADA-USD,,,,,,,,,,,,,,,,,,,,,,,
2022-02-08 00:00:00+00:00,1.1787199974060059,1.1948100328445435,ADA-USD,,,,,,,,,,,,,,,,,,,,,,,
2022-02-09 00:00:00+00:00,1.1948100328445435,1.1524779796600342,ADA-USD,,,,,,,,,,,,,,,,,,,,,,,
2022-02-10 00:00:00+00:00,1.1524779796600342,1.080346941947937,ADA-USD,,,,,,,,,,,,,,,,,,,,,,,
2022-02-11 00:00:00+00:00,1.080346941947937,1.0581990480422974,ADA-USD,,,,,,,,,,,,,,,,,,,,,,,
2022-02-12 00:00:00+00:00,1.0581990480422974,1.0458190441131592,ADA-USD,,,,,,,,,,,,,,,,,,,,,,,
2022-02-13 00:00:00+00:00,1.0458190441131592,1.050266981124878,ADA-USD,,,,,,,,,,,,,,,,,,,,,,,
2022-02-14 00:00:00+00:00,1.050266981124878,1.1075860261917114,ADA-USD,,,,,,,,,,,,,,,,,,,,,,,
2022-02-15 00:00:00+00:00,1.1075860261917114,1.0849809646606445,ADA-USD,,,,,,,,,,,,,,,,,,,,,,,
2022-02-16 00:00:00+00:00,1.0849809646606445,1.0198949575424194,ADA-USD,,,,,,,,,,,,,,,,,,,,,,,
2022-02-17 00:00:00+00:00,1.0198949575424194,0.9971129894256592,ADA-USD,,,,,,,,,,,,,,,,,,,,,,,
2022-02-18 00:00:00+00:00,0.9971129894256592,0.9977030158042908,ADA-USD,,,,,,,,,,,,,,,,,,,,,,,
2022-02-19 00:00:00+00:00,0.9977030158042908,0.9329019784927368,ADA-USD,,,,,,,,,,,,,,,,,,,,,,,
2022-02-20 00:00:00+00:00,0.9329019784927368,0.8582360148429871,ADA-USD,,,,,,,,,,,,,,,,,,,,,,,
2022-02-21 00:00:00+00:00,0.8582360148429871,0.8890169858932495,ADA-USD,,,,,,,,,,,,,,,,,,,,,,,
2022-02-22 00:00:00+00:00,0.8890169858932495,0.8691689968109131,ADA-USD,,,,,,,,,,,,,,,,,,,,,,,
2022-02-23 00:00:00+00:00,0.8691689968109131,0.8534250259399414,ADA-USD,,,,,,,,,,,,,,,,,,,,,,,
2022-02-24 00:00:00+00:00,0.8534250259399414,0.8980270028114319,ADA-USD,,,,,,,,,,,,,,,,,,,,,,,
2022-02-25 00:00:00+00:00,0.8980270028114319,0.8879179954528809,ADA-USD,,,,,,,,,,,,,,,,,,,,,,,
2022-02-26 00:00:00+00:00,0.8879179954528809,0.858335018157959,ADA-USD,,,,,,,,,,,,,,,,,,,,,,,
2022-02-27 00:00:00+00:00,0.858335018157959,0.9598280191421509,ADA-USD,,,,,,,,,,,,,,,,,,,,,,,
2022-02-28 00:00:00+00:00,0.9598280191421509,0.9623460173606873,ADA-USD,,,,,,,,,,,,,,,,,,,,,,,
2022-03-01 00:00:00+00:00,0.9623460173606873,0.9386619925498962,ADA-USD,,,,,,,,,,,,,,,,,,,,,,,
2022-03-02 00:00:00+00:00,0.9386619925498962,0.902658998966217,ADA-USD,,,,,,,,,,,,,,,,,,,,,,,
2022-03-03 00:00:00+00:00,0.902658998966217,0.8428890109062195,ADA-USD,,,,,,,,,,,,,,,,,,,,,,,
2022-03-04 00:00:00+00:00,0.8428890109062195,0.8656719923019409,ADA-USD,,,,,,,,,,,,,,,,,,,,,,,
2022-03-05 00:00:00+00:00,0.8656719923019409,0.8237519860267639,ADA-USD,,,,,,,,,,,,,,,,,,,,,,,
2022-03-06 00:00:00+00:00,0.8237519860267639,0.7973790168762207,ADA-USD,,,,,,,,,,,,,,,,,,,,,,,
2022-03-07 00:00:00+00:00,0.7973790168762207,0.8012499809265137,ADA-USD,,,,,,,,,,,,,,,,,,,,,,,
2022-03-08 00:00:00+00:00,0.8012499809265137,0.8492929935455322,ADA-USD,,,,,,,,,,,,,,,,,,,,,,,
2022-03-09 00:00:00+00:00,0.8492929935455322,0.8063160181045532,ADA-USD,,,,,,,,,,,,,,,,,,,,,,,
2022-03-10 00:00:00+00:00,0.8063160181045532,0.7901250123977661,ADA-USD,,,,,,,,,,,,,,,,,,,,,,,
2022-03-11 00:00:00+00:00,0.7901250123977661,0.7906739711761475,ADA-USD,,,,,,,,,,,,,,,,,,,,,,,
2022-03-12 00:00:00+00:00,0.7906739711761475,0.7909950017929077,ADA-USD,,,,,,,,,,,,,,,,,,,,,,,
2022-03-13 00:00:00+00:00,0.7909950017929077,0.8039169907569885,ADA-USD,,,,,,,,,,,,,,,,,,,,,,,
2022-03-14 00:00:00+00:00,0.8039169907569885,0.8000059723854065,ADA-USD,,,,,,,,,,,,,,,,,,,,,,,
2022-03-15 00:00:00+00:00,0.8000059723854065,0.8383740186691284,ADA-USD,,,,,,,,,,,,,,,,,,,,,,,
2022-03-16 00:00:00+00:00,0.8383740186691284,0.8367840051651001,ADA-USD,,,,,,,,,,,,,,,,,,,,,,,
2022-03-17 00:00:00+00:00,0.8367840051651001,0.8534330129623413,ADA-USD,,,,,,,,,,,,,,,,,,,,,,,
2022-03-18 00:00:00+00:00,0.8534330129623413,0.9010990262031555,ADA-USD,,,,,,,,,,,,,,,,,,,,,,,
2022-03-19 00:00:00+00:00,0.9010990262031555,0.8770920038223267,ADA-USD,,,,,,,,,,,,,,,,,,,,,,,
2022-03-20 00:00:00+00:00,0.8770920038223267,0.916782021522522,ADA-USD,,,,,,,,,,,,,,,,,,,,,,,
2022-03-21 00:00:00+00:00,0.916782021522522,0.9764400124549866,ADA-USD,,,,,,,,,,,,,,,,,,,,,,,
2022-03-22 00:00:00+00:00,0.9764400124549866,1.1074819564819336,ADA-USD,,,,,,,,,,,,,,,,,,,,,,,
2022-03-23 00:00:00+00:00,1.1074819564819336,1.130010962486267,ADA-USD,,,,,,,,,,,,,,,,,,,,,,,
2022-03-24 00:00:00+00:00,1.130010962486267,1.0978879928588867,ADA-USD,,,,,,,,,,,,,,,,,,,,,,,
2022-03-25 00:00:00+00:00,1.0978879928588867,1.1505939960479736,ADA-USD,,,,,,,,,,,,,,,,,,,,,,,
2022-03-26 00:00:00+00:00,1.1505939960479736,1.1821479797363281,ADA-USD,,,,,,,,,,,,,,,,,,,,,,,
2022-03-27 00:00:00+00:00,1.1821479797363281,1.1701840162277222,ADA-USD,,,,,,,,,,,,,,,,,,,,,,,
2022-03-28 00:00:00+00:00,1.1701840162277222,1.1911120414733887,ADA-USD,,,,,,,,,,,,,,,,,,,,,,,
2022-03-29 00:00:00+00:00,1.1911120414733887,1.1903849840164185,ADA-USD,,,,,,,,,,,,,,,,,,,,,,,
2022-03-30 00:00:00+00:00,1.1903849840164185,1.1418509483337402,ADA-USD,,,,,,,,,,,,,,,,,,,,,,,
2022-03-31 00:00:00+00:00,1.1418509483337402,1.1654249429702759,ADA-USD,,,,,,,,,,,,,,,,,,,,,,,
2022-04-01 00:00:00+00:00,1.1654249429702759,1.1560070514678955,ADA-USD,,,,,,,,,,,,,,,,,,,,,,,
2022-04-02 00:00:00+00:00,1.1560070514678955,1.1859409809112549,ADA-USD,,,,,,,,,,,,,,,,,,,,,,,
2022-04-03 00:00:00+00:00,1.1859409809112549,1.2129449844360352,ADA-USD,,,,,,,,,,,,,,,,,,,,,,,
2022-04-04 00:00:00+00:00,1.2129449844360352,1.170801043510437,ADA-USD,,,,,,,,,,,,,,,,,,,,,,,
2022-04-05 00:00:00+00:00,1.170801043510437,1.052770972251892,ADA-USD,,,,,,,,,,,,,,,,,,,,,,,
2022-04-06 00:00:00+00:00,1.052770972251892,1.0918940305709839,ADA-USD,,,,,,,,,,,,,,,,,,,,,,,
2022-04-07 00:00:00+00:00,1.0918940305709839,1.0263259410858154,ADA-USD,,,,,,,,,,,,,,,,,,,,,,,
2022-04-08 00:00:00+00:00,1.0263259410858154,1.0450149774551392,ADA-USD,,,,,,,,,,,,,,,,,,,,,,,
2022-04-09 00:00:00+00:00,1.0450149774551392,1.0308849811553955,ADA-USD,,,,,,,,,,,,,,,,,,,,,,,
2022-04-10 00:00:00+00:00,1.0308849811553955,0.92044997215271,ADA-USD,,,,,,,,,,,,,,,,,,,,,,,
2022-04-11 00:00:00+00:00,0.92044997215271,0.955145001411438,ADA-USD,,,,,,,,,,,,,,,,,,,,,,,
2022-04-12 00:00:00+00:00,0.955145001411438,0.9746959805488586,ADA-USD,,,,,,,,,,,,,,,,,,,,,,,
2022-04-13 00:00:00+00:00,0.9746959805488586,0.9324120283126831,ADA-USD,,,,,,,,,,,,,,,,,,,,,,,
2022-04-14 00:00:00+00:00,0.9324120283126831,0.9547169804573059,ADA-USD,,,,,,,,,,,,,,,,,,,,,,,
2022-04-15 00:00:00+00:00,0.9547169804573059,0.9526399970054626,ADA-USD,,,,,,,,,,,,,,,,,,,,,,,
2022-04-16 00:00:00+00:00,0.9526399970054626,0.9174659848213196,ADA-USD,,,,,,,,,,,,,,,,,,,,,,,
2022-04-17 00:00:00+00:00,0.9174659848213196,0.9367300271987915,ADA-USD,,,,,,,,,,,,,,,,,,,,,,,
2022-04-18 00:00:00+00:00,0.9367300271987915,0.9533330202102661,ADA-USD,,,,,,,,,,,,,,,,,,,,,,,
2022-04-19 00:00:00+00:00,0.9533330202102661,0.9373409748077393,ADA-USD,,,,,,,,,,,,,,,,,,,,,,,
2022-04-20 00:00:00+00:00,0.9373409748077393,0.9104740023612976,ADA-USD,,,,,,,,,,,,,,,,,,,,,,,
2022-04-21 00:00:00+00:00,0.9104740023612976,0.9071540236473083,ADA-USD,,,,,,,,,,,,,,,,,,,,,,,
2022-04-22 00:00:00+00:00,0.9071540236473083,0.8885030150413513,ADA-USD,,,,,,,,,,,,,,,,,,,,,,,
2022-04-23 00:00:00+00:00,0.8885030150413513,0.8863499760627747,ADA-USD,,,,,,,,,,,,,,,,,,,,,,,
2022-04-24 00:00:00+00:00,0.8863499760627747,0.8986949920654297,ADA-USD,,,,,,,,,,,,,,,,,,,,,,,
2022-04-25 00:00:00+00:00,0.8986949920654297,0.8276450037956238,ADA-USD,,,,,,,,,,,,,,,,,,,,,,,
2022-04-26 00:00:00+00:00,0.8276450037956238,0.840595006942749,ADA-USD,,,,,,,,,,,,,,,,,,,,,,,
2022-04-27 00:00:00+00:00,0.840595006942749,0.8439499735832214,ADA-USD,,,,,,,,,,,,,,,,,,,,,,,
2022-04-28 00:00:00+00:00,0.8439499735832214,0.8050429821014404,ADA-USD,,,,,,,,,,,,,,,,,,,,,,,
2022-04-29 00:00:00+00:00,0.8050429821014404,0.756659984588623,ADA-USD,,,,,,,,,,,,,,,,,,,,,,,
2022-04-30 00:00:00+00:00,0.756659984588623,0.7903439998626709,ADA-USD,,,,,,,,,,,,,,,,,,,,,,,
2022-05-01 00:00:00+00:00,0.7903439998626709,0.7815290093421936,ADA-USD,,,,,,,,,,,,,,,,,,,,,,,
2022-05-02 00:00:00+00:00,0.7815290093421936,0.7711449861526489,ADA-USD,,,,,,,,,,,,,,,,,,,,,,,
2022-05-03 00:00:00+00:00,0.7711449861526489,0.8969420194625854,ADA-USD,,,,,,,,,,,,,,,,,,,,,,,
2022-05-04 00:00:00+00:00,0.8969420194625854,0.7911520004272461,ADA-USD,,,,,,,,,,,,,,,,,,,,,,,
2022-05-05 00:00:00+00:00,0.7911520004272461,0.7833589911460876,ADA-USD,,,,,,,,,,,,,,,,,,,,,,,
2022-05-06 00:00:00+00:00,0.7833589911460876,0.7618820071220398,ADA-USD,,,,,,,,,,,,,,,,,,,,,,,
2022-05-07 00:00:00+00:00,0.7618820071220398,0.73956298828125,ADA-USD,,,,,,,,,,,,,,,,,,,,,,,
2022-05-08 00:00:00+00:00,0.73956298828125,0.6100879907608032,ADA-USD,,,,,,,,,,,,,,,,,,,,,,,
2022-05-09 00:00:00+00:00,0.6100879907608032,0.6289629936218262,ADA-USD,,,,,,,,,,,,,,,,,,,,,,,
2022-05-10 00:00:00+00:00,0.6289629936218262,0.5127999782562256,ADA-USD,,,,,,,,,,,,,,,,,,,,,,,
2022-05-11 00:00:00+00:00,0.5127999782562256,0.47374600172042847,ADA-USD,,,,,,,,,,,,,,,,,,,,,,,
2022-05-12 00:00:00+00:00,0.47374600172042847,0.5288770198822021,ADA-USD,,,,,,,,,,,,,,,,,,,,,,,
2022-05-13 00:00:00+00:00,0.5288770198822021,0.5393580198287964,ADA-USD,,,,,,,,,,,,,,,,,,,,,,,
2022-05-14 00:00:00+00:00,0.5393580198287964,0.5975000262260437,ADA-USD,,,,,,,,,,,,,,,,,,,,,,,
2022-05-15 00:00:00+00:00,0.5975000262260437,0.5567160248756409,ADA-USD,,,,,,,,,,,,,,,,,,,,,,,
2022-05-16 00:00:00+00:00,0.5567160248756409,0.5780770182609558,ADA-USD,,,,,,,,,,,,,,,,,,,,,,,
2022-05-17 00:00:00+00:00,0.5780770182609558,0.5056149959564209,ADA-USD,,,,,,,,,,,,,,,,,,,,,,,
2022-05-18 00:00:00+00:00,0.5056149959564209,0.5333210229873657,ADA-USD,,,,,,,,,,,,,,,,,,,,,,,
2022-05-19 00:00:00+00:00,0.5333210229873657,0.5179070234298706,ADA-USD,,,,,,,,,,,,,,,,,,,,,,,
2022-05-20 00:00:00+00:00,0.5179070234298706,0.5283139944076538,ADA-USD,,,,,,,,,,,,,,,,,,,,,,,
2022-05-21 00:00:00+00:00,0.5283139944076538,0.5426179766654968,ADA-USD,,,,,,,,,,,,,,,,,,,,,,,
2022-05-22 00:00:00+00:00,0.5426179766654968,0.5126050114631653,ADA-USD,,,,,,,,,,,,,,,,,,,,,,,
2022-05-23 00:00:00+00:00,0.5126050114631653,0.5212240219116211,ADA-USD,,,,,,,,,,,,,,,,,,,,,,,
2022-05-24 00:00:00+00:00,0.5212240219116211,0.5138769745826721,ADA-USD,,,,,,,,,,,,,,,,,,,,,,,
2022-05-25 00:00:00+00:00,0.5138769745826721,0.48088300228118896,ADA-USD,,,,,,,,,,,,,,,,,,,,,,,
2022-05-26 00:00:00+00:00,0.48088300228118896,0.4555070102214813,ADA-USD,,,,,,,,,,,,,,,,,,,,,,,
2022-05-27 00:00:00+00:00,0.4555070102214813,0.4647639989852905,ADA-USD,,,,,,,,,,,,,,,,,,,,,,,
2022-05-28 00:00:00+00:00,0.4647639989852905,0.48112601041793823,ADA-USD,,,,,,,,,,,,,,,,,,,,,,,
2022-05-29 00:00:00+00:00,0.48112601041793823,0.5700730085372925,ADA-USD,,,,,,,,,,,,,,,,,,,,,,,
2022-05-30 00:00:00+00:00,0.5700730085372925,0.6252539753913879,ADA-USD,,,,,,,,,,,,,,,,,,,,,,,
2022-05-31 00:00:00+00:00,0.6252539753913879,0.5527499914169312,ADA-USD,,,,,,,,,,,,,,,,,,,,,,,
2022-06-01 00:00:00+00:00,0.5527499914169312,0.5877950191497803,ADA-USD,,,,,,,,,,,,,,,,,,,,,,,
2022-06-02 00:00:00+00:00,0.5877950191497803,0.5596579909324646,ADA-USD,,,,,,,,,,,,,,,,,,,,,,,
2022-06-03 00:00:00+00:00,0.5596579909324646,0.5660690069198608,ADA-USD,,,,,,,,,,,,,,,,,,,,,,,
2022-06-04 00:00:00+00:00,0.5660690069198608,0.5670899748802185,ADA-USD,,,,,,,,,,,,,,,,,,,,,,,
2022-06-05 00:00:00+00:00,0.5670899748802185,0.6093279719352722,ADA-USD,,,,,,,,,,,,,,,,,,,,,,,
2022-06-06 00:00:00+00:00,0.6093279719352722,0.6154450178146362,ADA-USD,,,,,,,,,,,,,,,,,,,,,,,
2022-06-07 00:00:00+00:00,0.6154450178146362,0.6416140198707581,ADA-USD,,,,,,,,,,,,,,,,,,,,,,,
2022-06-08 00:00:00+00:00,0.6416140198707581,0.6329200267791748,ADA-USD,,,,,,,,,,,,,,,,,,,,,,,
2022-06-09 00:00:00+00:00,0.6329200267791748,0.5742160081863403,ADA-USD,,,,,,,,,,,,,,,,,,,,,,,
2022-06-10 00:00:00+00:00,0.5742160081863403,0.5527769923210144,ADA-USD,,,,,,,,,,,,,,,,,,,,,,,
2022-06-11 00:00:00+00:00,0.5527769923210144,0.4968610107898712,ADA-USD,,,,,,,,,,,,,,,,,,,,,,,
2022-06-12 00:00:00+00:00,0.4968610107898712,0.4631330072879791,ADA-USD,,,,,,,,,,,,,,,,,,,,,,,
2022-06-13 00:00:00+00:00,0.4631330072879791,0.48438599705696106,ADA-USD,,,,,,,,,,,,,,,,,,,,,,,
2022-06-14 00:00:00+00:00,0.48438599705696106,0.5332959890365601,ADA-USD,,,,,,,,,,,,,,,,,,,,,,,
2022-06-15 00:00:00+00:00,0.5332959890365601,0.47502198815345764,ADA-USD,,,,,,,,,,,,,,,,,,,,,,,
2022-06-16 00:00:00+00:00,0.47502198815345764,0.48739200830459595,ADA-USD,,,,,,,,,,,,,,,,,,,,,,,
2022-06-17 00:00:00+00:00,0.48739200830459595,0.45618200302124023,ADA-USD,,,,,,,,,,,,,,,,,,,,,,,
2022-06-18 00:00:00+00:00,0.45618200302124023,0.48436400294303894,ADA-USD,,,,,,,,,,,,,,,,,,,,,,,
2022-06-19 00:00:00+00:00,0.48436400294303894,0.49226099252700806,ADA-USD,,,,,,,,,,,,,,,,,,,,,,,
2022-06-20 00:00:00+00:00,0.49226099252700806,0.479203999042511,ADA-USD,,,,,,,,,,,,,,,,,,,,,,,
2022-06-21 00:00:00+00:00,0.479203999042511,0.4585680067539215,ADA-USD,,,,,,,,,,,,,,,,,,,,,,,
2022-06-22 00:00:00+00:00,0.4585680067539215,0.4802919924259186,ADA-USD,,,,,,,,,,,,,,,,,,,,,,,
2022-06-23 00:00:00+00:00,0.4802919924259186,0.4992240071296692,ADA-USD,,,,,,,,,,,,,,,,,,,,,,,
2022-06-24 00:00:00+00:00,0.4992240071296692,0.49894601106643677,ADA-USD,,,,,,,,,,,,,,,,,,,,,,,
2022-06-25 00:00:00+00:00,0.49894601106643677,0.48965299129486084,ADA-USD,,,,,,,,,,,,,,,,,,,,,,,
2022-06-26 00:00:00+00:00,0.48965299129486084,0.4857900142669678,ADA-USD,,,,,,,,,,,,,,,,,,,,,,,
2022-06-27 00:00:00+00:00,0.4857900142669678,0.46967101097106934,ADA-USD,,,,,,,,,,,,,,,,,,,,,,,
2022-06-28 00:00:00+00:00,0.46967101097106934,0.46550899744033813,ADA-USD,,,,,,,,,,,,,,,,,,,,,,,
2022-06-29 00:00:00+00:00,0.46550899744033813,0.4588490128517151,ADA-USD,,,,,,,,,,,,,,,,,,,,,,,
2022-06-30 00:00:00+00:00,0.4588490128517151,0.44808900356292725,ADA-USD,,,,,,,,,,,,,,,,,,,,,,,
2022-07-01 00:00:00+00:00,0.44808900356292725,0.45635101199150085,ADA-USD,,,,,,,,,,,,,,,,,,,,,,,
2022-07-02 00:00:00+00:00,0.45635101199150085,0.4555869996547699,ADA-USD,,,,,,,,,,,,,,,,,,,,,,,
2022-07-03 00:00:00+00:00,0.4555869996547699,0.4696440100669861,ADA-USD,,,,,,,,,,,,,,,,,,,,,,,
2022-07-04 00:00:00+00:00,0.4696440100669861,0.45763200521469116,ADA-USD,,,,,,,,,,,,,,,,,,,,,,,
2022-07-05 00:00:00+00:00,0.45763200521469116,0.4621790051460266,ADA-USD,,,,,,,,,,,,,,,,,,,,,,,
2022-07-06 00:00:00+00:00,0.4621790051460266,0.4778119921684265,ADA-USD,,,,,,,,,,,,,,,,,,,,,,,
2022-07-07 00:00:00+00:00,0.4778119921684265,0.46731099486351013,ADA-USD,,,,,,,,,,,,,,,,,,,,,,,
2022-07-08 00:00:00+00:00,0.46731099486351013,0.4787600040435791,ADA-USD,,,,,,,,,,,,,,,,,,,,,,,
2022-07-09 00:00:00+00:00,0.4787600040435791,0.4632200002670288,ADA-USD,,,,,,,,,,,,,,,,,,,,,,,
2022-07-10 00:00:00+00:00,0.4632200002670288,0.4355199933052063,ADA-USD,,,,,,,,,,,,,,,,,,,,,,,
2022-07-11 00:00:00+00:00,0.4355199933052063,0.417928010225296,ADA-USD,,,,,,,,,,,,,,,,,,,,,,,
2022-07-12 00:00:00+00:00,0.417928010225296,0.43810799717903137,ADA-USD,,,,,,,,,,,,,,,,,,,,,,,
2022-07-13 00:00:00+00:00,0.43810799717903137,0.4410249888896942,ADA-USD,,,,,,,,,,,,,,,,,,,,,,,
2022-07-14 00:00:00+00:00,0.4410249888896942,0.4424560070037842,ADA-USD,,,,,,,,,,,,,,,,,,,,,,,
2022-07-15 00:00:00+00:00,0.4424560070037842,0.45723000168800354,ADA-USD,,,,,,,,,,,,,,,,,,,,,,,
2022-07-16 00:00:00+00:00,0.45723000168800354,0.4473530054092407,ADA-USD,,,,,,,,,,,,,,,,,,,,,,,
2022-07-17 00:00:00+00:00,0.4473530054092407,0.4925430119037628,ADA-USD,,,,,,,,,,,,,,,,,,,,,,,
2022-07-18 00:00:00+00:00,0.4925430119037628,0.5157679915428162,ADA-USD,,,,,,,,,,,,,,,,,,,,,,,
2022-07-19 00:00:00+00:00,0.5157679915428162,0.49104300141334534,ADA-USD,,,,,,,,,,,,,,,,,,,,,,,
2022-07-20 00:00:00+00:00,0.49104300141334534,0.5000979900360107,ADA-USD,,,,,,,,,,,,,,,,,,,,,,,
2022-07-21 00:00:00+00:00,0.5000979900360107,0.4839459955692291,ADA-USD,,,,,,,,,,,,,,,,,,,,,,,
2022-07-22 00:00:00+00:00,0.4839459955692291,0.5173680186271667,ADA-USD,,,,,,,,,,,,,,,,,,,,,,,
2022-07-23 00:00:00+00:00,0.5173680186271667,0.5138139724731445,ADA-USD,,,,,,,,,,,,,,,,,,,,,,,
2022-07-24 00:00:00+00:00,0.5138139724731445,0.4762499928474426,ADA-USD,,,,,,,,,,,,,,,,,,,,,,,
2022-07-25 00:00:00+00:00,0.4762499928474426,0.4676069915294647,ADA-USD,,,,,,,,,,,,,,,,,,,,,,,
2022-07-26 00:00:00+00:00,0.4676069915294647,0.5105530023574829,ADA-USD,,,,,,,,,,,,,,,,,,,,,,,
2022-07-27 00:00:00+00:00,0.5105530023574829,0.5133280158042908,ADA-USD,,,,,,,,,,,,,,,,,,,,,,,
2022-07-28 00:00:00+00:00,0.5133280158042908,0.5233349800109863,ADA-USD,,,,,,,,,,,,,,,,,,,,,,,
2022-07-29 00:00:00+00:00,0.5233349800109863,0.5255759954452515,ADA-USD,,,,,,,,,,,,,,,,,,,,,,,
2022-07-30 00:00:00+00:00,0.5255759954452515,0.5170199871063232,ADA-USD,,,,,,,,,,,,,,,,,,,,,,,
2022-07-31 00:00:00+00:00,0.5170199871063232,0.5141230225563049,ADA-USD,,,,,,,,,,,,,,,,,,,,,,,
2022-08-01 00:00:00+00:00,0.5141230225563049,0.4968329966068268,ADA-USD,,,,,,,,,,,,,,,,,,,,,,,
2022-08-02 00:00:00+00:00,0.4968329966068268,0.5009880065917969,ADA-USD,,,,,,,,,,,,,,,,,,,,,,,
2022-08-03 00:00:00+00:00,0.5009880065917969,0.4996680021286011,ADA-USD,,,,,,,,,,,,,,,,,,,,,,,
2022-08-04 00:00:00+00:00,0.4996680021286011,0.517503023147583,ADA-USD,,,,,,,,,,,,,,,,,,,,,,,
2022-08-05 00:00:00+00:00,0.517503023147583,0.5112559795379639,ADA-USD,,,,,,,,,,,,,,,,,,,,,,,
2022-08-06 00:00:00+00:00,0.5112559795379639,0.5274699926376343,ADA-USD,,,,,,,,,,,,,,,,,,,,,,,
2022-08-07 00:00:00+00:00,0.5274699926376343,0.5365960001945496,ADA-USD,,,,,,,,,,,,,,,,,,,,,,,
2022-08-08 00:00:00+00:00,0.5365960001945496,0.5140519738197327,ADA-USD,,,,,,,,,,,,,,,,,,,,,,,
2022-08-09 00:00:00+00:00,0.5140519738197327,0.5370929837226868,ADA-USD,,,,,,,,,,,,,,,,,,,,,,,
2022-08-10 00:00:00+00:00,0.5370929837226868,0.5312579870223999,ADA-USD,,,,,,,,,,,,,,,,,,,,,,,
2022-08-11 00:00:00+00:00,0.5312579870223999,0.5407530069351196,ADA-USD,,,,,,,,,,,,,,,,,,,,,,,
2022-08-12 00:00:00+00:00,0.5407530069351196,0.5598130226135254,ADA-USD,,,,,,,,,,,,,,,,,,,,,,,
2022-08-13 00:00:00+00:00,0.5598130226135254,0.570343017578125,ADA-USD,,,,,,,,,,,,,,,,,,,,,,,
2022-08-14 00:00:00+00:00,0.570343017578125,0.5511710047721863,ADA-USD,,,,,,,,,,,,,,,,,,,,,,,
2022-08-15 00:00:00+00:00,0.5511710047721863,0.5579149723052979,ADA-USD,,,,,,,,,,,,,,,,,,,,,,,
2022-08-16 00:00:00+00:00,0.5579149723052979,0.5370380282402039,ADA-USD,,,,,,,,,,,,,,,,,,,,,,,
2022-08-17 00:00:00+00:00,0.5370380282402039,0.5126330256462097,ADA-USD,,,,,,,,,,,,,,,,,,,,,,,
2022-08-18 00:00:00+00:00,0.5126330256462097,0.450980007648468,ADA-USD,,,,,,,,,,,,,,,,,,,,,,,
2022-08-19 00:00:00+00:00,0.450980007648468,0.45138800144195557,ADA-USD,,,,,,,,,,,,,,,,,,,,,,,
2022-08-20 00:00:00+00:00,0.45138800144195557,0.4635460078716278,ADA-USD,,,,,,,,,,,,,,,,,,,,,,,
2022-08-21 00:00:00+00:00,0.4635460078716278,0.46144598722457886,ADA-USD,,,,,,,,,,,,,,,,,,,,,,,
2022-08-22 00:00:00+00:00,0.46144598722457886,0.4652070105075836,ADA-USD,,,,,,,,,,,,,,,,,,,,,,,
2022-08-23 00:00:00+00:00,0.4652070105075836,0.4581089913845062,ADA-USD,,,,,,,,,,,,,,,,,,,,,,,
2022-08-24 00:00:00+00:00,0.4581089913845062,0.4649989902973175,ADA-USD,,,,,,,,,,,,,,,,,,,,,,,
2022-08-25 00:00:00+00:00,0.4649989902973175,0.43086299300193787,ADA-USD,,,,,,,,,,,,,,,,,,,,,,,
2022-08-26 00:00:00+00:00,0.43086299300193787,0.44970300793647766,ADA-USD,,,,,,,,,,,,,,,,,,,,,,,
2022-08-27 00:00:00+00:00,0.44970300793647766,0.43004900217056274,ADA-USD,,,,,,,,,,,,,,,,,,,,,,,
2022-08-28 00:00:00+00:00,0.43004900217056274,0.4507029950618744,ADA-USD,,,,,,,,,,,,,,,,,,,,,,,
2022-08-29 00:00:00+00:00,0.4507029950618744,0.4521690011024475,ADA-USD,,,,,,,,,,,,,,,,,,,,,,,
2022-08-30 00:00:00+00:00,0.4521690011024475,0.4466649889945984,ADA-USD,,,,,,,,,,,,,,,,,,,,,,,
2022-08-31 00:00:00+00:00,0.4466649889945984,0.4574809968471527,ADA-USD,,,,,,,,,,,,,,,,,,,,,,,
2022-09-01 00:00:00+00:00,0.4574809968471527,0.45455899834632874,ADA-USD,,,,,,,,,,,,,,,,,,,,,,,
2022-09-02 00:00:00+00:00,0.45455899834632874,0.48038700222969055,ADA-USD,,,,,,,,,,,,,,,,,,,,,,,
2022-09-03 00:00:00+00:00,0.48038700222969055,0.5030840039253235,ADA-USD,,,,,,,,,,,,,,,,,,,,,,,
2022-09-04 00:00:00+00:00,0.5030840039253235,0.4991210103034973,ADA-USD,,,,,,,,,,,,,,,,,,,,,,,
2022-09-05 00:00:00+00:00,0.4991210103034973,0.4630660116672516,ADA-USD,,,,,,,,,,,,,,,,,,,,,,,
2022-09-06 00:00:00+00:00,0.4630660116672516,0.4792819917201996,ADA-USD,,,,,,,,,,,,,,,,,,,,,,,
2022-09-07 00:00:00+00:00,0.4792819917201996,0.4792740046977997,ADA-USD,,,,,,,,,,,,,,,,,,,,,,,
2022-09-08 00:00:00+00:00,0.4792740046977997,0.5029199719429016,ADA-USD,,,,,,,,,,,,,,,,,,,,,,,
2022-09-09 00:00:00+00:00,0.5029199719429016,0.5124220252037048,ADA-USD,,,,,,,,,,,,,,,,,,,,,,,
2022-09-10 00:00:00+00:00,0.5124220252037048,0.5097519755363464,ADA-USD,,,,,,,,,,,,,,,,,,,,,,,
2022-09-11 00:00:00+00:00,0.5097519755363464,0.5015460252761841,ADA-USD,,,,,,,,,,,,,,,,,,,,,,,
2022-09-12 00:00:00+00:00,0.5015460252761841,0.4688810110092163,ADA-USD,,,,,,,,,,,,,,,,,,,,,,,
2022-09-13 00:00:00+00:00,0.4688810110092163,0.4813759922981262,ADA-USD,,,,,,,,,,,,,,,,,,,,,,,
2022-09-14 00:00:00+00:00,0.4813759922981262,0.4656440019607544,ADA-USD,,,,,,,,,,,,,,,,,,,,,,,
2022-09-15 00:00:00+00:00,0.4656440019607544,0.47412601113319397,ADA-USD,,,,,,,,,,,,,,,,,,,,,,,
2022-09-16 00:00:00+00:00,0.47412601113319397,0.4871560037136078,ADA-USD,,,,,,,,,,,,,,,,,,,,,,,
2022-09-17 00:00:00+00:00,0.4871560037136078,0.4471859931945801,ADA-USD,,,,,,,,,,,,,,,,,,,,,,,
2022-09-18 00:00:00+00:00,0.4471859931945801,0.4535039961338043,ADA-USD,,,,,,,,,,,,,,,,,,,,,,,
2022-09-19 00:00:00+00:00,0.4535039961338043,0.44189900159835815,ADA-USD,,,,,,,,,,,,,,,,,,,,,,,
2022-09-20 00:00:00+00:00,0.44189900159835815,0.4411590099334717,ADA-USD,,,,,,,,,,,,,,,,,,,,,,,
2022-09-21 00:00:00+00:00,0.4411590099334717,0.4589659869670868,ADA-USD,,,,,,,,,,,,,,,,,,,,,,,
2022-09-22 00:00:00+00:00,0.4589659869670868,0.4618209898471832,ADA-USD,,,,,,,,,,,,,,,,,,,,,,,
2022-09-23 00:00:00+00:00,0.4618209898471832,0.45159998536109924,ADA-USD,,,,,,,,,,,,,,,,,,,,,,,
2022-09-24 00:00:00+00:00,0.45159998536109924,0.4461880028247833,ADA-USD,,,,,,,,,,,,,,,,,,,,,,,
2022-09-25 00:00:00+00:00,0.4461880028247833,0.4467569887638092,ADA-USD,,,,,,,,,,,,,,,,,,,,,,,
2022-09-26 00:00:00+00:00,0.4467569887638092,0.44189000129699707,ADA-USD,,,,,,,,,,,,,,,,,,,,,,,
2022-09-27 00:00:00+00:00,0.44189000129699707,0.4372900128364563,ADA-USD,,,,,,,,,,,,,,,,,,,,,,,
2022-09-28 00:00:00+00:00,0.4372900128364563,0.4381699860095978,ADA-USD,,,,,,,,,,,,,,,,,,,,,,,
2022-09-29 00:00:00+00:00,0.4381699860095978,0.43441399931907654,ADA-USD,,,,,,,,,,,,,,,,,,,,,,,
2022-09-30 00:00:00+00:00,0.43441399931907654,0.4302929937839508,ADA-USD,,,,,,,,,,,,,,,,,,,,,,,
2022-10-01 00:00:00+00:00,0.4302929937839508,0.41963300108909607,ADA-USD,,,,,,,,,,,,,,,,,,,,,,,
2022-10-02 00:00:00+00:00,0.41963300108909607,0.42799800634384155,ADA-USD,,,,,,,,,,,,,,,,,,,,,,,
2022-10-03 00:00:00+00:00,0.42799800634384155,0.43576499819755554,ADA-USD,,,,,,,,,,,,,,,,,,,,,,,
2022-10-04 00:00:00+00:00,0.43576499819755554,0.4312730133533478,ADA-USD,,,,,,,,,,,,,,,,,,,,,,,
2022-10-05 00:00:00+00:00,0.4312730133533478,0.4286870062351227,ADA-USD,,,,,,,,,,,,,,,,,,,,,,,
2022-10-06 00:00:00+00:00,0.4286870062351227,0.4243200123310089,ADA-USD,,,,,,,,,,,,,,,,,,,,,,,
2022-10-07 00:00:00+00:00,0.4243200123310089,0.4217360019683838,ADA-USD,,,,,,,,,,,,,,,,,,,,,,,
2022-10-08 00:00:00+00:00,0.4217360019683838,0.4230720102787018,ADA-USD,,,,,,,,,,,,,,,,,,,,,,,
2022-10-09 00:00:00+00:00,0.4230720102787018,0.4018009901046753,ADA-USD,,,,,,,,,,,,,,,,,,,,,,,
2022-10-10 00:00:00+00:00,0.4018009901046753,0.3905400037765503,ADA-USD,,,,,,,,,,,,,,,,,,,,,,,
2022-10-11 00:00:00+00:00,0.3905400037765503,0.3813000023365021,ADA-USD,,,,,,,,,,,,,,,,,,,,,,,
2022-10-12 00:00:00+00:00,0.3813000023365021,0.3776380121707916,ADA-USD,,,,,,,,,,,,,,,,,,,,,,,
2022-10-13 00:00:00+00:00,0.3776380121707916,0.36685100197792053,ADA-USD,,,,,,,,,,,,,,,,,,,,,,,
2022-10-14 00:00:00+00:00,0.36685100197792053,0.36374399065971375,ADA-USD,,,,,,,,,,,,,,,,,,,,,,,
2022-10-15 00:00:00+00:00,0.36374399065971375,0.37028101086616516,ADA-USD,,,,,,,,,,,,,,,,,,,,,,,
2022-10-16 00:00:00+00:00,0.37028101086616516,0.3723450005054474,ADA-USD,,,,,,,,,,,,,,,,,,,,,,,
2022-10-17 00:00:00+00:00,0.3723450005054474,0.3618200123310089,ADA-USD,,,,,,,,,,,,,,,,,,,,,,,
2022-10-18 00:00:00+00:00,0.3618200123310089,0.3500320017337799,ADA-USD,,,,,,,,,,,,,,,,,,,,,,,
2022-10-19 00:00:00+00:00,0.3500320017337799,0.340254008769989,ADA-USD,,,,,,,,,,,,,,,,,,,,,,,
2022-10-20 00:00:00+00:00,0.340254008769989,0.3490769863128662,ADA-USD,,,,,,,,,,,,,,,,,,,,,,,
2022-10-21 00:00:00+00:00,0.3490769863128662,0.351408988237381,ADA-USD,,,,,,,,,,,,,,,,,,,,,,,
2022-10-22 00:00:00+00:00,0.351408988237381,0.3620989918708801,ADA-USD,,,,,,,,,,,,,,,,,,,,,,,
2022-10-23 00:00:00+00:00,0.3620989918708801,0.35785698890686035,ADA-USD,,,,,,,,,,,,,,,,,,,,,,,
2022-10-24 00:00:00+00:00,0.35785698890686035,0.4019879996776581,ADA-USD,,,,,,,,,,,,,,,,,,,,,,,
2022-10-25 00:00:00+00:00,0.4019879996776581,0.4034920036792755,ADA-USD,,,,,,,,,,,,,,,,,,,,,,,
2022-10-26 00:00:00+00:00,0.4034920036792755,0.3886969983577728,ADA-USD,,,,,,,,,,,,,,,,,,,,,,,
2022-10-27 00:00:00+00:00,0.3886969983577728,0.40450701117515564,ADA-USD,,,,,,,,,,,,,,,,,,,,,,,
2022-10-28 00:00:00+00:00,0.40450701117515564,0.4197779893875122,ADA-USD,,,,,,,,,,,,,,,,,,,,,,,
2022-10-29 00:00:00+00:00,0.4197779893875122,0.406046986579895,ADA-USD,,,,,,,,,,,,,,,,,,,,,,,
2022-10-30 00:00:00+00:00,0.406046986579895,0.4063360095024109,ADA-USD,,,,,,,,,,,,,,,,,,,,,,,
2022-10-31 00:00:00+00:00,0.4063360095024109,0.40140199661254883,ADA-USD,,,,,,,,,,,,,,,,,,,,,,,
2022-11-01 00:00:00+00:00,0.40140199661254883,0.3860760033130646,ADA-USD,,,,,,,,,,,,,,,,,,,,,,,
2022-11-02 00:00:00+00:00,0.3860760033130646,0.3894200026988983,ADA-USD,,,,,,,,,,,,,,,,,,,,,,,
2022-11-03 00:00:00+00:00,0.3894200026988983,0.4215250015258789,ADA-USD,,,,,,,,,,,,,,,,,,,,,,,
2022-11-04 00:00:00+00:00,0.4215250015258789,0.4267350137233734,ADA-USD,,,,,,,,,,,,,,,,,,,,,,,
2022-11-05 00:00:00+00:00,0.4267350137233734,0.4030050039291382,ADA-USD,,,,,,,,,,,,,,,,,,,,,,,
2022-11-06 00:00:00+00:00,0.4030050039291382,0.40425899624824524,ADA-USD,,,,,,,,,,,,,,,,,,,,,,,
2022-11-07 00:00:00+00:00,0.40425899624824524,0.37183400988578796,ADA-USD,,,,,,,,,,,,,,,,,,,,,,,
2022-11-08 00:00:00+00:00,0.37183400988578796,0.3178369998931885,ADA-USD,,,,,,,,,,,,,,,,,,,,,,,
2022-11-09 00:00:00+00:00,0.3178369998931885,0.36897701025009155,ADA-USD,,,,,,,,,,,,,,,,,,,,,,,
2022-11-10 00:00:00+00:00,0.36897701025009155,0.3546670079231262,ADA-USD,,,,,,,,,,,,,,,,,,,,,,,
2022-11-11 00:00:00+00:00,0.3546670079231262,0.3391439914703369,ADA-USD,,,,,,,,,,,,,,,,,,,,,,,
2022-11-12 00:00:00+00:00,0.3391439914703369,0.3301270008087158,ADA-USD,,,,,,,,,,,,,,,,,,,,,,,
2022-11-13 00:00:00+00:00,0.3301270008087158,0.33184900879859924,ADA-USD,,,,,,,,,,,,,,,,,,,,,,,
2022-11-14 00:00:00+00:00,0.33184900879859924,0.3370090126991272,ADA-USD,,,,,,,,,,,,,,,,,,,,,,,
2022-11-15 00:00:00+00:00,0.3370090126991272,0.3323819935321808,ADA-USD,,,,,,,,,,,,,,,,,,,,,,,
2022-11-16 00:00:00+00:00,0.3323819935321808,0.32485899329185486,ADA-USD,,,,,,,,,,,,,,,,,,,,,,,
2022-11-17 00:00:00+00:00,0.32485899329185486,0.3262209892272949,ADA-USD,,,,,,,,,,,,,,,,,,,,,,,
2022-11-18 00:00:00+00:00,0.3262209892272949,0.3285120129585266,ADA-USD,,,,,,,,,,,,,,,,,,,,,,,
2022-11-19 00:00:00+00:00,0.3285120129585266,0.3123070001602173,ADA-USD,,,,,,,,,,,,,,,,,,,,,,,
2022-11-20 00:00:00+00:00,0.3123070001602173,0.3045479953289032,ADA-USD,,,,,,,,,,,,,,,,,,,,,,,
2022-11-21 00:00:00+00:00,0.3045479953289032,0.31192201375961304,ADA-USD,,,,,,,,,,,,,,,,,,,,,,,
2022-11-22 00:00:00+00:00,0.31192201375961304,0.3183169960975647,ADA-USD,,,,,,,,,,,,,,,,,,,,,,,
2022-11-23 00:00:00+00:00,0.3183169960975647,0.31645798683166504,ADA-USD,,,,,,,,,,,,,,,,,,,,,,,
2022-11-24 00:00:00+00:00,0.31645798683166504,0.31498900055885315,ADA-USD,,,,,,,,,,,,,,,,,,,,,,,
2022-11-25 00:00:00+00:00,0.31498900055885315,0.3137899935245514,ADA-USD,,,,,,,,,,,,,,,,,,,,,,,
2022-11-26 00:00:00+00:00,0.3137899935245514,0.3124539852142334,ADA-USD,,,,,,,,,,,,,,,,,,,,,,,
2022-11-27 00:00:00+00:00,0.3124539852142334,0.3066999912261963,ADA-USD,,,,,,,,,,,,,,,,,,,,,,,
2022-11-28 00:00:00+00:00,0.3066999912261963,0.3093720078468323,ADA-USD,,,,,,,,,,,,,,,,,,,,,,,
2022-11-29 00:00:00+00:00,0.3093720078468323,0.3188830018043518,ADA-USD,,,,,,,,,,,,,,,,,,,,,,,
2022-11-30 00:00:00+00:00,0.3188830018043518,0.31448400020599365,ADA-USD,,,,,,,,,,,,,,,,,,,,,,,
2022-12-01 00:00:00+00:00,0.31448400020599365,0.31940698623657227,ADA-USD,,,,,,,,,,,,,,,,,,,,,,,
2022-12-02 00:00:00+00:00,0.31940698623657227,0.3196539878845215,ADA-USD,,,,,,,,,,,,,,,,,,,,,,,
2022-12-03 00:00:00+00:00,0.3196539878845215,0.3227500021457672,ADA-USD,,,,,,,,,,,,,,,,,,,,,,,
2022-12-04 00:00:00+00:00,0.3227500021457672,0.31951698660850525,ADA-USD,,,,,,,,,,,,,,,,,,,,,,,
2022-12-05 00:00:00+00:00,0.31951698660850525,0.3184640109539032,ADA-USD,,,,,,,,,,,,,,,,,,,,,,,
2022-12-06 00:00:00+00:00,0.3184640109539032,0.3103199899196625,ADA-USD,,,,,,,,,,,,,,,,,,,,,,,
2022-12-07 00:00:00+00:00,0.3103199899196625,0.31484299898147583,ADA-USD,,,,,,,,,,,,,,,,,,,,,,,
2022-12-08 00:00:00+00:00,0.31484299898147583,0.3116770088672638,ADA-USD,,,,,,,,,,,,,,,,,,,,,,,
2022-12-09 00:00:00+00:00,0.3116770088672638,0.31260600686073303,ADA-USD,,,,,,,,,,,,,,,,,,,,,,,
2022-12-10 00:00:00+00:00,0.31260600686073303,0.30771100521087646,ADA-USD,,,,,,,,,,,,,,,,,,,,,,,
2022-12-11 00:00:00+00:00,0.30771100521087646,0.3069489896297455,ADA-USD,,,,,,,,,,,,,,,,,,,,,,,
2022-12-12 00:00:00+00:00,0.3069489896297455,0.3128649890422821,ADA-USD,,,,,,,,,,,,,,,,,,,,,,,
2022-12-13 00:00:00+00:00,0.3128649890422821,0.308133989572525,ADA-USD,,,,,,,,,,,,,,,,,,,,,,,
2022-12-14 00:00:00+00:00,0.308133989572525,0.3002009987831116,ADA-USD,,,,,,,,,,,,,,,,,,,,,,,
2022-12-15 00:00:00+00:00,0.3002009987831116,0.2640700042247772,ADA-USD,,,,,,,,,,,,,,,,,,,,,,,
2022-12-16 00:00:00+00:00,0.2640700042247772,0.2669000029563904,ADA-USD,,,,,,,,,,,,,,,,,,,,,,,
2022-12-17 00:00:00+00:00,0.2669000029563904,0.26633501052856445,ADA-USD,,,,,,,,,,,,,,,,,,,,,,,
2022-12-18 00:00:00+00:00,0.26633501052856445,0.2529439926147461,ADA-USD,,,,,,,,,,,,,,,,,,,,,,,
2022-12-19 00:00:00+00:00,0.2529439926147461,0.2590070068836212,ADA-USD,,,,,,,,,,,,,,,,,,,,,,,
2022-12-20 00:00:00+00:00,0.2590070068836212,0.2531540095806122,ADA-USD,,,,,,,,,,,,,,,,,,,,,,,
2022-12-21 00:00:00+00:00,0.2531540095806122,0.2565230131149292,ADA-USD,,,,,,,,,,,,,,,,,,,,,,,
2022-12-22 00:00:00+00:00,0.2565230131149292,0.259429007768631,ADA-USD,,,,,,,,,,,,,,,,,,,,,,,
2022-12-23 00:00:00+00:00,0.259429007768631,0.25936800241470337,ADA-USD,,,,,,,,,,,,,,,,,,,,,,,
2022-12-24 00:00:00+00:00,0.25936800241470337,0.2592700123786926,ADA-USD,,,,,,,,,,,,,,,,,,,,,,,
2022-12-25 00:00:00+00:00,0.2592700123786926,0.265296995639801,ADA-USD,,,,,,,,,,,,,,,,,,,,,,,
2022-12-26 00:00:00+00:00,0.265296995639801,0.2603699862957001,ADA-USD,,,,,,,,,,,,,,,,,,,,,,,
2022-12-27 00:00:00+00:00,0.2603699862957001,0.2483779937028885,ADA-USD,,,,,,,,,,,,,,,,,,,,,,,
2022-12-28 00:00:00+00:00,0.2483779937028885,0.24413999915122986,ADA-USD,,,,,,,,,,,,,,,,,,,,,,,
2022-12-29 00:00:00+00:00,0.24413999915122986,0.2455569952726364,ADA-USD,,,,,,,,,,,,,,,,,,,,,,,
2022-12-30 00:00:00+00:00,0.2455569952726364,0.2464659959077835,ADA-USD,,,,,,,,,,,,,,,,,,,,,,,
2022-12-31 00:00:00+00:00,0.2464659959077835,,ADA-USD,,,,,,,,,,,,,,,,,,,,,,,
2022-01-01 00:00:00+00:00,,113.18633270263672,AVAX-USD,114.15801239013672,,,,,,,,,,,,,,,,,,,,,,
2022-01-02 00:00:00+00:00,,108.14521026611328,AVAX-USD,113.18633270263672,,,,,,,,,,,,,,,,,,,,,,
2022-01-03 00:00:00+00:00,,103.23924255371094,AVAX-USD,108.14521026611328,,,,,,,,,,,,,,,,,,,,,,
2022-01-04 00:00:00+00:00,,97.85257720947266,AVAX-USD,103.23924255371094,,,,,,,,,,,,,,,,,,,,,,
2022-01-05 00:00:00+00:00,,95.19853973388672,AVAX-USD,97.85257720947266,,,,,,,,,,,,,,,,,,,,,,
2022-01-06 00:00:00+00:00,,86.76771545410156,AVAX-USD,95.19853973388672,,,,,,,,,,,,,,,,,,,,,,
2022-01-07 00:00:00+00:00,,84.05683898925781,AVAX-USD,86.76771545410156,,,,,,,,,,,,,,,,,,,,,,
2022-01-08 00:00:00+00:00,,89.20655822753906,AVAX-USD,84.05683898925781,,,,,,,,,,,,,,,,,,,,,,
2022-01-09 00:00:00+00:00,,84.5326156616211,AVAX-USD,89.20655822753906,,,,,,,,,,,,,,,,,,,,,,
2022-01-10 00:00:00+00:00,,89.50181579589844,AVAX-USD,84.5326156616211,,,,,,,,,,,,,,,,,,,,,,
2022-01-11 00:00:00+00:00,,95.8235092163086,AVAX-USD,89.50181579589844,,,,,,,,,,,,,,,,,,,,,,
2022-01-12 00:00:00+00:00,,89.40788269042969,AVAX-USD,95.8235092163086,,,,,,,,,,,,,,,,,,,,,,
2022-01-13 00:00:00+00:00,,90.34053039550781,AVAX-USD,89.40788269042969,,,,,,,,,,,,,,,,,,,,,,
2022-01-14 00:00:00+00:00,,93.3158187866211,AVAX-USD,90.34053039550781,,,,,,,,,,,,,,,,,,,,,,
2022-01-15 00:00:00+00:00,,92.23979949951172,AVAX-USD,93.3158187866211,,,,,,,,,,,,,,,,,,,,,,
2022-01-16 00:00:00+00:00,,86.75066375732422,AVAX-USD,92.23979949951172,,,,,,,,,,,,,,,,,,,,,,
2022-01-17 00:00:00+00:00,,86.01341247558594,AVAX-USD,86.75066375732422,,,,,,,,,,,,,,,,,,,,,,
2022-01-18 00:00:00+00:00,,82.90330505371094,AVAX-USD,86.01341247558594,,,,,,,,,,,,,,,,,,,,,,
2022-01-19 00:00:00+00:00,,79.0684585571289,AVAX-USD,82.90330505371094,,,,,,,,,,,,,,,,,,,,,,
2022-01-20 00:00:00+00:00,,65.92256164550781,AVAX-USD,79.0684585571289,,,,,,,,,,,,,,,,,,,,,,
2022-01-21 00:00:00+00:00,,59.72904968261719,AVAX-USD,65.92256164550781,,,,,,,,,,,,,,,,,,,,,,
2022-01-22 00:00:00+00:00,,64.72541046142578,AVAX-USD,59.72904968261719,,,,,,,,,,,,,,,,,,,,,,
2022-01-23 00:00:00+00:00,,62.87763214111328,AVAX-USD,64.72541046142578,,,,,,,,,,,,,,,,,,,,,,
2022-01-24 00:00:00+00:00,,67.90058898925781,AVAX-USD,62.87763214111328,,,,,,,,,,,,,,,,,,,,,,
2022-01-25 00:00:00+00:00,,65.99578857421875,AVAX-USD,67.90058898925781,,,,,,,,,,,,,,,,,,,,,,
2022-01-26 00:00:00+00:00,,64.69680786132812,AVAX-USD,65.99578857421875,,,,,,,,,,,,,,,,,,,,,,
2022-01-27 00:00:00+00:00,,67.12731170654297,AVAX-USD,64.69680786132812,,,,,,,,,,,,,,,,,,,,,,
2022-01-28 00:00:00+00:00,,72.12027740478516,AVAX-USD,67.12731170654297,,,,,,,,,,,,,,,,,,,,,,
2022-01-29 00:00:00+00:00,,67.97378540039062,AVAX-USD,72.12027740478516,,,,,,,,,,,,,,,,,,,,,,
2022-01-30 00:00:00+00:00,,69.99242401123047,AVAX-USD,67.97378540039062,,,,,,,,,,,,,,,,,,,,,,
2022-01-31 00:00:00+00:00,,73.44881439208984,AVAX-USD,69.99242401123047,,,,,,,,,,,,,,,,,,,,,,
2022-02-01 00:00:00+00:00,,67.87997436523438,AVAX-USD,73.44881439208984,,,,,,,,,,,,,,,,,,,,,,
2022-02-02 00:00:00+00:00,,68.10771942138672,AVAX-USD,67.87997436523438,,,,,,,,,,,,,,,,,,,,,,
2022-02-03 00:00:00+00:00,,77.31163787841797,AVAX-USD,68.10771942138672,,,,,,,,,,,,,,,,,,,,,,
2022-02-04 00:00:00+00:00,,77.2494888305664,AVAX-USD,77.31163787841797,,,,,,,,,,,,,,,,,,,,,,
2022-02-05 00:00:00+00:00,,78.75726318359375,AVAX-USD,77.2494888305664,,,,,,,,,,,,,,,,,,,,,,
2022-02-06 00:00:00+00:00,,83.16699981689453,AVAX-USD,78.75726318359375,,,,,,,,,,,,,,,,,,,,,,
2022-02-07 00:00:00+00:00,,86.62419891357422,AVAX-USD,83.16699981689453,,,,,,,,,,,,,,,,,,,,,,
2022-02-08 00:00:00+00:00,,90.02086639404297,AVAX-USD,86.62419891357422,,,,,,,,,,,,,,,,,,,,,,
2022-02-09 00:00:00+00:00,,91.13622283935547,AVAX-USD,90.02086639404297,,,,,,,,,,,,,,,,,,,,,,
2022-02-10 00:00:00+00:00,,81.73299407958984,AVAX-USD,91.13622283935547,,,,,,,,,,,,,,,,,,,,,,
2022-02-11 00:00:00+00:00,,81.24567413330078,AVAX-USD,81.73299407958984,,,,,,,,,,,,,,,,,,,,,,
2022-02-12 00:00:00+00:00,,78.24311828613281,AVAX-USD,81.24567413330078,,,,,,,,,,,,,,,,,,,,,,
2022-02-13 00:00:00+00:00,,82.01966857910156,AVAX-USD,78.24311828613281,,,,,,,,,,,,,,,,,,,,,,
2022-02-14 00:00:00+00:00,,92.67250061035156,AVAX-USD,82.01966857910156,,,,,,,,,,,,,,,,,,,,,,
2022-02-15 00:00:00+00:00,,95.34611511230469,AVAX-USD,92.67250061035156,,,,,,,,,,,,,,,,,,,,,,
2022-02-16 00:00:00+00:00,,88.12377166748047,AVAX-USD,95.34611511230469,,,,,,,,,,,,,,,,,,,,,,
2022-02-17 00:00:00+00:00,,83.83697509765625,AVAX-USD,88.12377166748047,,,,,,,,,,,,,,,,,,,,,,
2022-02-18 00:00:00+00:00,,85.09931945800781,AVAX-USD,83.83697509765625,,,,,,,,,,,,,,,,,,,,,,
2022-02-19 00:00:00+00:00,,77.33678436279297,AVAX-USD,85.09931945800781,,,,,,,,,,,,,,,,,,,,,,
2022-02-20 00:00:00+00:00,,69.98892974853516,AVAX-USD,77.33678436279297,,,,,,,,,,,,,,,,,,,,,,
2022-02-21 00:00:00+00:00,,74.57435607910156,AVAX-USD,69.98892974853516,,,,,,,,,,,,,,,,,,,,,,
2022-02-22 00:00:00+00:00,,73.6986312866211,AVAX-USD,74.57435607910156,,,,,,,,,,,,,,,,,,,,,,
2022-02-23 00:00:00+00:00,,76.52396392822266,AVAX-USD,73.6986312866211,,,,,,,,,,,,,,,,,,,,,,
2022-02-24 00:00:00+00:00,,80.8326187133789,AVAX-USD,76.52396392822266,,,,,,,,,,,,,,,,,,,,,,
2022-02-25 00:00:00+00:00,,81.87970733642578,AVAX-USD,80.8326187133789,,,,,,,,,,,,,,,,,,,,,,
2022-02-26 00:00:00+00:00,,74.9911880493164,AVAX-USD,81.87970733642578,,,,,,,,,,,,,,,,,,,,,,
2022-02-27 00:00:00+00:00,,84.3392333984375,AVAX-USD,74.9911880493164,,,,,,,,,,,,,,,,,,,,,,
2022-02-28 00:00:00+00:00,,86.73593139648438,AVAX-USD,84.3392333984375,,,,,,,,,,,,,,,,,,,,,,
2022-03-01 00:00:00+00:00,,83.29166412353516,AVAX-USD,86.73593139648438,,,,,,,,,,,,,,,,,,,,,,
2022-03-02 00:00:00+00:00,,78.55764770507812,AVAX-USD,83.29166412353516,,,,,,,,,,,,,,,,,,,,,,
2022-03-03 00:00:00+00:00,,75.65424346923828,AVAX-USD,78.55764770507812,,,,,,,,,,,,,,,,,,,,,,
2022-03-04 00:00:00+00:00,,76.72742462158203,AVAX-USD,75.65424346923828,,,,,,,,,,,,,,,,,,,,,,
2022-03-05 00:00:00+00:00,,72.52902221679688,AVAX-USD,76.72742462158203,,,,,,,,,,,,,,,,,,,,,,
2022-03-06 00:00:00+00:00,,71.88053894042969,AVAX-USD,72.52902221679688,,,,,,,,,,,,,,,,,,,,,,
2022-03-07 00:00:00+00:00,,72.9183578491211,AVAX-USD,71.88053894042969,,,,,,,,,,,,,,,,,,,,,,
2022-03-08 00:00:00+00:00,,77.71604919433594,AVAX-USD,72.9183578491211,,,,,,,,,,,,,,,,,,,,,,
2022-03-09 00:00:00+00:00,,74.00409698486328,AVAX-USD,77.71604919433594,,,,,,,,,,,,,,,,,,,,,,
2022-03-10 00:00:00+00:00,,71.2354736328125,AVAX-USD,74.00409698486328,,,,,,,,,,,,,,,,,,,,,,
2022-03-11 00:00:00+00:00,,71.002197265625,AVAX-USD,71.2354736328125,,,,,,,,,,,,,,,,,,,,,,
2022-03-12 00:00:00+00:00,,68.07599639892578,AVAX-USD,71.002197265625,,,,,,,,,,,,,,,,,,,,,,
2022-03-13 00:00:00+00:00,,68.89183807373047,AVAX-USD,68.07599639892578,,,,,,,,,,,,,,,,,,,,,,
2022-03-14 00:00:00+00:00,,69.88738250732422,AVAX-USD,68.89183807373047,,,,,,,,,,,,,,,,,,,,,,
2022-03-15 00:00:00+00:00,,74.18374633789062,AVAX-USD,69.88738250732422,,,,,,,,,,,,,,,,,,,,,,
2022-03-16 00:00:00+00:00,,79.53851318359375,AVAX-USD,74.18374633789062,,,,,,,,,,,,,,,,,,,,,,
2022-03-17 00:00:00+00:00,,85.76238250732422,AVAX-USD,79.53851318359375,,,,,,,,,,,,,,,,,,,,,,
2022-03-18 00:00:00+00:00,,89.69412231445312,AVAX-USD,85.76238250732422,,,,,,,,,,,,,,,,,,,,,,
2022-03-19 00:00:00+00:00,,84.72430419921875,AVAX-USD,89.69412231445312,,,,,,,,,,,,,,,,,,,,,,
2022-03-20 00:00:00+00:00,,86.44969940185547,AVAX-USD,84.72430419921875,,,,,,,,,,,,,,,,,,,,,,
2022-03-21 00:00:00+00:00,,83.9814453125,AVAX-USD,86.44969940185547,,,,,,,,,,,,,,,,,,,,,,
2022-03-22 00:00:00+00:00,,86.25101470947266,AVAX-USD,83.9814453125,,,,,,,,,,,,,,,,,,,,,,
2022-03-23 00:00:00+00:00,,87.55538940429688,AVAX-USD,86.25101470947266,,,,,,,,,,,,,,,,,,,,,,
2022-03-24 00:00:00+00:00,,83.66136932373047,AVAX-USD,87.55538940429688,,,,,,,,,,,,,,,,,,,,,,
2022-03-25 00:00:00+00:00,,85.95565032958984,AVAX-USD,83.66136932373047,,,,,,,,,,,,,,,,,,,,,,
2022-03-26 00:00:00+00:00,,89.82484436035156,AVAX-USD,85.95565032958984,,,,,,,,,,,,,,,,,,,,,,
2022-03-27 00:00:00+00:00,,89.60455322265625,AVAX-USD,89.82484436035156,,,,,,,,,,,,,,,,,,,,,,
2022-03-28 00:00:00+00:00,,92.84088897705078,AVAX-USD,89.60455322265625,,,,,,,,,,,,,,,,,,,,,,
2022-03-29 00:00:00+00:00,,95.77998352050781,AVAX-USD,92.84088897705078,,,,,,,,,,,,,,,,,,,,,,
2022-03-30 00:00:00+00:00,,96.9246597290039,AVAX-USD,95.77998352050781,,,,,,,,,,,,,,,,,,,,,,
2022-03-31 00:00:00+00:00,,96.69318389892578,AVAX-USD,96.9246597290039,,,,,,,,,,,,,,,,,,,,,,
2022-04-01 00:00:00+00:00,,95.9732666015625,AVAX-USD,96.69318389892578,,,,,,,,,,,,,,,,,,,,,,
2022-04-02 00:00:00+00:00,,98.0777816772461,AVAX-USD,95.9732666015625,,,,,,,,,,,,,,,,,,,,,,
2022-04-03 00:00:00+00:00,,95.52021789550781,AVAX-USD,98.0777816772461,,,,,,,,,,,,,,,,,,,,,,
2022-04-04 00:00:00+00:00,,91.0210952758789,AVAX-USD,95.52021789550781,,,,,,,,,,,,,,,,,,,,,,
2022-04-05 00:00:00+00:00,,82.9559097290039,AVAX-USD,91.0210952758789,,,,,,,,,,,,,,,,,,,,,,
2022-04-06 00:00:00+00:00,,87.91970825195312,AVAX-USD,82.9559097290039,,,,,,,,,,,,,,,,,,,,,,
2022-04-07 00:00:00+00:00,,83.76922607421875,AVAX-USD,87.91970825195312,,,,,,,,,,,,,,,,,,,,,,
2022-04-08 00:00:00+00:00,,84.5946273803711,AVAX-USD,83.76922607421875,,,,,,,,,,,,,,,,,,,,,,
2022-04-09 00:00:00+00:00,,81.81646728515625,AVAX-USD,84.5946273803711,,,,,,,,,,,,,,,,,,,,,,
2022-04-10 00:00:00+00:00,,74.17261505126953,AVAX-USD,81.81646728515625,,,,,,,,,,,,,,,,,,,,,,
2022-04-11 00:00:00+00:00,,76.36006164550781,AVAX-USD,74.17261505126953,,,,,,,,,,,,,,,,,,,,,,
2022-04-12 00:00:00+00:00,,80.0019760131836,AVAX-USD,76.36006164550781,,,,,,,,,,,,,,,,,,,,,,
2022-04-13 00:00:00+00:00,,76.81785583496094,AVAX-USD,80.0019760131836,,,,,,,,,,,,,,,,,,,,,,
2022-04-14 00:00:00+00:00,,77.43753814697266,AVAX-USD,76.81785583496094,,,,,,,,,,,,,,,,,,,,,,
2022-04-15 00:00:00+00:00,,77.89026641845703,AVAX-USD,77.43753814697266,,,,,,,,,,,,,,,,,,,,,,
2022-04-16 00:00:00+00:00,,75.70925903320312,AVAX-USD,77.89026641845703,,,,,,,,,,,,,,,,,,,,,,
2022-04-17 00:00:00+00:00,,77.7936782836914,AVAX-USD,75.70925903320312,,,,,,,,,,,,,,,,,,,,,,
2022-04-18 00:00:00+00:00,,80.28591918945312,AVAX-USD,77.7936782836914,,,,,,,,,,,,,,,,,,,,,,
2022-04-19 00:00:00+00:00,,78.27433013916016,AVAX-USD,80.28591918945312,,,,,,,,,,,,,,,,,,,,,,
2022-04-20 00:00:00+00:00,,75.08074188232422,AVAX-USD,78.27433013916016,,,,,,,,,,,,,,,,,,,,,,
2022-04-21 00:00:00+00:00,,74.12296295166016,AVAX-USD,75.08074188232422,,,,,,,,,,,,,,,,,,,,,,
2022-04-22 00:00:00+00:00,,72.92001342773438,AVAX-USD,74.12296295166016,,,,,,,,,,,,,,,,,,,,,,
2022-04-23 00:00:00+00:00,,71.60303497314453,AVAX-USD,72.92001342773438,,,,,,,,,,,,,,,,,,,,,,
2022-04-24 00:00:00+00:00,,72.86742401123047,AVAX-USD,71.60303497314453,,,,,,,,,,,,,,,,,,,,,,
2022-04-25 00:00:00+00:00,,68.67205810546875,AVAX-USD,72.86742401123047,,,,,,,,,,,,,,,,,,,,,,
2022-04-26 00:00:00+00:00,,69.85772705078125,AVAX-USD,68.67205810546875,,,,,,,,,,,,,,,,,,,,,,
2022-04-27 00:00:00+00:00,,67.31945037841797,AVAX-USD,69.85772705078125,,,,,,,,,,,,,,,,,,,,,,
2022-04-28 00:00:00+00:00,,63.41709518432617,AVAX-USD,67.31945037841797,,,,,,,,,,,,,,,,,,,,,,
2022-04-29 00:00:00+00:00,,57.048004150390625,AVAX-USD,63.41709518432617,,,,,,,,,,,,,,,,,,,,,,
2022-04-30 00:00:00+00:00,,58.85614776611328,AVAX-USD,57.048004150390625,,,,,,,,,,,,,,,,,,,,,,
2022-05-01 00:00:00+00:00,,60.51710510253906,AVAX-USD,58.85614776611328,,,,,,,,,,,,,,,,,,,,,,
2022-05-02 00:00:00+00:00,,59.66010665893555,AVAX-USD,60.51710510253906,,,,,,,,,,,,,,,,,,,,,,
2022-05-03 00:00:00+00:00,,67.08610534667969,AVAX-USD,59.66010665893555,,,,,,,,,,,,,,,,,,,,,,
2022-05-04 00:00:00+00:00,,59.12744140625,AVAX-USD,67.08610534667969,,,,,,,,,,,,,,,,,,,,,,
2022-05-05 00:00:00+00:00,,57.034324645996094,AVAX-USD,59.12744140625,,,,,,,,,,,,,,,,,,,,,,
2022-05-06 00:00:00+00:00,,55.15669250488281,AVAX-USD,57.034324645996094,,,,,,,,,,,,,,,,,,,,,,
2022-05-07 00:00:00+00:00,,51.52122497558594,AVAX-USD,55.15669250488281,,,,,,,,,,,,,,,,,,,,,,
2022-05-08 00:00:00+00:00,,41.972042083740234,AVAX-USD,51.52122497558594,,,,,,,,,,,,,,,,,,,,,,
2022-05-09 00:00:00+00:00,,44.56028366088867,AVAX-USD,41.972042083740234,,,,,,,,,,,,,,,,,,,,,,
2022-05-10 00:00:00+00:00,,30.962865829467773,AVAX-USD,44.56028366088867,,,,,,,,,,,,,,,,,,,,,,
2022-05-11 00:00:00+00:00,,30.35753631591797,AVAX-USD,30.962865829467773,,,,,,,,,,,,,,,,,,,,,,
2022-05-12 00:00:00+00:00,,32.13642883300781,AVAX-USD,30.35753631591797,,,,,,,,,,,,,,,,,,,,,,
2022-05-13 00:00:00+00:00,,34.08252716064453,AVAX-USD,32.13642883300781,,,,,,,,,,,,,,,,,,,,,,
2022-05-14 00:00:00+00:00,,36.542335510253906,AVAX-USD,34.08252716064453,,,,,,,,,,,,,,,,,,,,,,
2022-05-15 00:00:00+00:00,,32.571998596191406,AVAX-USD,36.542335510253906,,,,,,,,,,,,,,,,,,,,,,
2022-05-16 00:00:00+00:00,,34.396461486816406,AVAX-USD,32.571998596191406,,,,,,,,,,,,,,,,,,,,,,
2022-05-17 00:00:00+00:00,,29.60548210144043,AVAX-USD,34.396461486816406,,,,,,,,,,,,,,,,,,,,,,
2022-05-18 00:00:00+00:00,,30.37901496887207,AVAX-USD,29.60548210144043,,,,,,,,,,,,,,,,,,,,,,
2022-05-19 00:00:00+00:00,,28.953659057617188,AVAX-USD,30.37901496887207,,,,,,,,,,,,,,,,,,,,,,
2022-05-20 00:00:00+00:00,,29.86665153503418,AVAX-USD,28.953659057617188,,,,,,,,,,,,,,,,,,,,,,
2022-05-21 00:00:00+00:00,,31.807361602783203,AVAX-USD,29.86665153503418,,,,,,,,,,,,,,,,,,,,,,
2022-05-22 00:00:00+00:00,,29.02623176574707,AVAX-USD,31.807361602783203,,,,,,,,,,,,,,,,,,,,,,
2022-05-23 00:00:00+00:00,,29.02564811706543,AVAX-USD,29.02623176574707,,,,,,,,,,,,,,,,,,,,,,
2022-05-24 00:00:00+00:00,,27.22537612915039,AVAX-USD,29.02564811706543,,,,,,,,,,,,,,,,,,,,,,
2022-05-25 00:00:00+00:00,,23.550029754638672,AVAX-USD,27.22537612915039,,,,,,,,,,,,,,,,,,,,,,
2022-05-26 00:00:00+00:00,,22.418622970581055,AVAX-USD,23.550029754638672,,,,,,,,,,,,,,,,,,,,,,
2022-05-27 00:00:00+00:00,,24.839765548706055,AVAX-USD,22.418622970581055,,,,,,,,,,,,,,,,,,,,,,
2022-05-28 00:00:00+00:00,,26.12006950378418,AVAX-USD,24.839765548706055,,,,,,,,,,,,,,,,,,,,,,
2022-05-29 00:00:00+00:00,,27.632150650024414,AVAX-USD,26.12006950378418,,,,,,,,,,,,,,,,,,,,,,
2022-05-30 00:00:00+00:00,,26.38993263244629,AVAX-USD,27.632150650024414,,,,,,,,,,,,,,,,,,,,,,
2022-05-31 00:00:00+00:00,,23.800512313842773,AVAX-USD,26.38993263244629,,,,,,,,,,,,,,,,,,,,,,
2022-06-01 00:00:00+00:00,,24.677284240722656,AVAX-USD,23.800512313842773,,,,,,,,,,,,,,,,,,,,,,
2022-06-02 00:00:00+00:00,,23.005441665649414,AVAX-USD,24.677284240722656,,,,,,,,,,,,,,,,,,,,,,
2022-06-03 00:00:00+00:00,,24.532329559326172,AVAX-USD,23.005441665649414,,,,,,,,,,,,,,,,,,,,,,
2022-06-04 00:00:00+00:00,,24.164182662963867,AVAX-USD,24.532329559326172,,,,,,,,,,,,,,,,,,,,,,
2022-06-05 00:00:00+00:00,,25.98859214782715,AVAX-USD,24.164182662963867,,,,,,,,,,,,,,,,,,,,,,
2022-06-06 00:00:00+00:00,,24.63542938232422,AVAX-USD,25.98859214782715,,,,,,,,,,,,,,,,,,,,,,
2022-06-07 00:00:00+00:00,,24.500253677368164,AVAX-USD,24.63542938232422,,,,,,,,,,,,,,,,,,,,,,
2022-06-08 00:00:00+00:00,,24.410659790039062,AVAX-USD,24.500253677368164,,,,,,,,,,,,,,,,,,,,,,
2022-06-09 00:00:00+00:00,,22.07607078552246,AVAX-USD,24.410659790039062,,,,,,,,,,,,,,,,,,,,,,
2022-06-10 00:00:00+00:00,,19.798967361450195,AVAX-USD,22.07607078552246,,,,,,,,,,,,,,,,,,,,,,
2022-06-11 00:00:00+00:00,,17.387441635131836,AVAX-USD,19.798967361450195,,,,,,,,,,,,,,,,,,,,,,
2022-06-12 00:00:00+00:00,,16.019935607910156,AVAX-USD,17.387441635131836,,,,,,,,,,,,,,,,,,,,,,
2022-06-13 00:00:00+00:00,,16.54035186767578,AVAX-USD,16.019935607910156,,,,,,,,,,,,,,,,,,,,,,
2022-06-14 00:00:00+00:00,,18.21199607849121,AVAX-USD,16.54035186767578,,,,,,,,,,,,,,,,,,,,,,
2022-06-15 00:00:00+00:00,,15.73227596282959,AVAX-USD,18.21199607849121,,,,,,,,,,,,,,,,,,,,,,
2022-06-16 00:00:00+00:00,,16.00944709777832,AVAX-USD,15.73227596282959,,,,,,,,,,,,,,,,,,,,,,
2022-06-17 00:00:00+00:00,,14.841096878051758,AVAX-USD,16.00944709777832,,,,,,,,,,,,,,,,,,,,,,
2022-06-18 00:00:00+00:00,,16.18973731994629,AVAX-USD,14.841096878051758,,,,,,,,,,,,,,,,,,,,,,
2022-06-19 00:00:00+00:00,,17.137866973876953,AVAX-USD,16.18973731994629,,,,,,,,,,,,,,,,,,,,,,
2022-06-20 00:00:00+00:00,,16.85599708557129,AVAX-USD,17.137866973876953,,,,,,,,,,,,,,,,,,,,,,
2022-06-21 00:00:00+00:00,,16.07598876953125,AVAX-USD,16.85599708557129,,,,,,,,,,,,,,,,,,,,,,
2022-06-22 00:00:00+00:00,,18.290050506591797,AVAX-USD,16.07598876953125,,,,,,,,,,,,,,,,,,,,,,
2022-06-23 00:00:00+00:00,,20.54885482788086,AVAX-USD,18.290050506591797,,,,,,,,,,,,,,,,,,,,,,
2022-06-24 00:00:00+00:00,,21.366357803344727,AVAX-USD,20.54885482788086,,,,,,,,,,,,,,,,,,,,,,
2022-06-25 00:00:00+00:00,,19.692432403564453,AVAX-USD,21.366357803344727,,,,,,,,,,,,,,,,,,,,,,
2022-06-26 00:00:00+00:00,,19.31756591796875,AVAX-USD,19.692432403564453,,,,,,,,,,,,,,,,,,,,,,
2022-06-27 00:00:00+00:00,,18.120983123779297,AVAX-USD,19.31756591796875,,,,,,,,,,,,,,,,,,,,,,
2022-06-28 00:00:00+00:00,,17.5980167388916,AVAX-USD,18.120983123779297,,,,,,,,,,,,,,,,,,,,,,
2022-06-29 00:00:00+00:00,,16.929367065429688,AVAX-USD,17.5980167388916,,,,,,,,,,,,,,,,,,,,,,
2022-06-30 00:00:00+00:00,,16.085920333862305,AVAX-USD,16.929367065429688,,,,,,,,,,,,,,,,,,,,,,
2022-07-01 00:00:00+00:00,,16.336135864257812,AVAX-USD,16.085920333862305,,,,,,,,,,,,,,,,,,,,,,
2022-07-02 00:00:00+00:00,,16.660402297973633,AVAX-USD,16.336135864257812,,,,,,,,,,,,,,,,,,,,,,
2022-07-03 00:00:00+00:00,,17.939966201782227,AVAX-USD,16.660402297973633,,,,,,,,,,,,,,,,,,,,,,
2022-07-04 00:00:00+00:00,,18.064729690551758,AVAX-USD,17.939966201782227,,,,,,,,,,,,,,,,,,,,,,
2022-07-05 00:00:00+00:00,,19.147266387939453,AVAX-USD,18.064729690551758,,,,,,,,,,,,,,,,,,,,,,
2022-07-06 00:00:00+00:00,,20.23383903503418,AVAX-USD,19.147266387939453,,,,,,,,,,,,,,,,,,,,,,
2022-07-07 00:00:00+00:00,,19.79790687561035,AVAX-USD,20.23383903503418,,,,,,,,,,,,,,,,,,,,,,
2022-07-08 00:00:00+00:00,,19.91847801208496,AVAX-USD,19.79790687561035,,,,,,,,,,,,,,,,,,,,,,
2022-07-09 00:00:00+00:00,,19.152053833007812,AVAX-USD,19.91847801208496,,,,,,,,,,,,,,,,,,,,,,
2022-07-10 00:00:00+00:00,,17.374582290649414,AVAX-USD,19.152053833007812,,,,,,,,,,,,,,,,,,,,,,
2022-07-11 00:00:00+00:00,,16.84541130065918,AVAX-USD,17.374582290649414,,,,,,,,,,,,,,,,,,,,,,
2022-07-12 00:00:00+00:00,,18.80950355529785,AVAX-USD,16.84541130065918,,,,,,,,,,,,,,,,,,,,,,
2022-07-13 00:00:00+00:00,,19.729873657226562,AVAX-USD,18.80950355529785,,,,,,,,,,,,,,,,,,,,,,
2022-07-14 00:00:00+00:00,,19.386037826538086,AVAX-USD,19.729873657226562,,,,,,,,,,,,,,,,,,,,,,
2022-07-15 00:00:00+00:00,,21.21149253845215,AVAX-USD,19.386037826538086,,,,,,,,,,,,,,,,,,,,,,
2022-07-16 00:00:00+00:00,,20.605005264282227,AVAX-USD,21.21149253845215,,,,,,,,,,,,,,,,,,,,,,
2022-07-17 00:00:00+00:00,,24.08971405029297,AVAX-USD,20.605005264282227,,,,,,,,,,,,,,,,,,,,,,
2022-07-18 00:00:00+00:00,,24.737207412719727,AVAX-USD,24.08971405029297,,,,,,,,,,,,,,,,,,,,,,
2022-07-19 00:00:00+00:00,,23.59771728515625,AVAX-USD,24.737207412719727,,,,,,,,,,,,,,,,,,,,,,
2022-07-20 00:00:00+00:00,,25.04392433166504,AVAX-USD,23.59771728515625,,,,,,,,,,,,,,,,,,,,,,
2022-07-21 00:00:00+00:00,,23.715850830078125,AVAX-USD,25.04392433166504,,,,,,,,,,,,,,,,,,,,,,
2022-07-22 00:00:00+00:00,,23.646005630493164,AVAX-USD,23.715850830078125,,,,,,,,,,,,,,,,,,,,,,
2022-07-23 00:00:00+00:00,,23.86612319946289,AVAX-USD,23.646005630493164,,,,,,,,,,,,,,,,,,,,,,
2022-07-24 00:00:00+00:00,,20.975677490234375,AVAX-USD,23.86612319946289,,,,,,,,,,,,,,,,,,,,,,
2022-07-25 00:00:00+00:00,,20.668285369873047,AVAX-USD,20.975677490234375,,,,,,,,,,,,,,,,,,,,,,
2022-07-26 00:00:00+00:00,,23.418182373046875,AVAX-USD,20.668285369873047,,,,,,,,,,,,,,,,,,,,,,
2022-07-27 00:00:00+00:00,,24.237096786499023,AVAX-USD,23.418182373046875,,,,,,,,,,,,,,,,,,,,,,
2022-07-28 00:00:00+00:00,,24.522363662719727,AVAX-USD,24.237096786499023,,,,,,,,,,,,,,,,,,,,,,
2022-07-29 00:00:00+00:00,,24.228477478027344,AVAX-USD,24.522363662719727,,,,,,,,,,,,,,,,,,,,,,
2022-07-30 00:00:00+00:00,,23.74578285217285,AVAX-USD,24.228477478027344,,,,,,,,,,,,,,,,,,,,,,
2022-07-31 00:00:00+00:00,,23.658235549926758,AVAX-USD,23.74578285217285,,,,,,,,,,,,,,,,,,,,,,
2022-08-01 00:00:00+00:00,,22.86105728149414,AVAX-USD,23.658235549926758,,,,,,,,,,,,,,,,,,,,,,
2022-08-02 00:00:00+00:00,,23.071916580200195,AVAX-USD,22.86105728149414,,,,,,,,,,,,,,,,,,,,,,
2022-08-03 00:00:00+00:00,,23.375619888305664,AVAX-USD,23.071916580200195,,,,,,,,,,,,,,,,,,,,,,
2022-08-04 00:00:00+00:00,,24.949527740478516,AVAX-USD,23.375619888305664,,,,,,,,,,,,,,,,,,,,,,
2022-08-05 00:00:00+00:00,,26.659427642822266,AVAX-USD,24.949527740478516,,,,,,,,,,,,,,,,,,,,,,
2022-08-06 00:00:00+00:00,,27.889965057373047,AVAX-USD,26.659427642822266,,,,,,,,,,,,,,,,,,,,,,
2022-08-07 00:00:00+00:00,,27.94895362854004,AVAX-USD,27.889965057373047,,,,,,,,,,,,,,,,,,,,,,
2022-08-08 00:00:00+00:00,,27.420223236083984,AVAX-USD,27.94895362854004,,,,,,,,,,,,,,,,,,,,,,
2022-08-09 00:00:00+00:00,,29.1173095703125,AVAX-USD,27.420223236083984,,,,,,,,,,,,,,,,,,,,,,
2022-08-10 00:00:00+00:00,,28.555143356323242,AVAX-USD,29.1173095703125,,,,,,,,,,,,,,,,,,,,,,
2022-08-11 00:00:00+00:00,,29.343828201293945,AVAX-USD,28.555143356323242,,,,,,,,,,,,,,,,,,,,,,
2022-08-12 00:00:00+00:00,,29.108469009399414,AVAX-USD,29.343828201293945,,,,,,,,,,,,,,,,,,,,,,
2022-08-13 00:00:00+00:00,,28.215635299682617,AVAX-USD,29.108469009399414,,,,,,,,,,,,,,,,,,,,,,
2022-08-14 00:00:00+00:00,,27.92951011657715,AVAX-USD,28.215635299682617,,,,,,,,,,,,,,,,,,,,,,
2022-08-15 00:00:00+00:00,,27.162704467773438,AVAX-USD,27.92951011657715,,,,,,,,,,,,,,,,,,,,,,
2022-08-16 00:00:00+00:00,,25.486738204956055,AVAX-USD,27.162704467773438,,,,,,,,,,,,,,,,,,,,,,
2022-08-17 00:00:00+00:00,,24.25769805908203,AVAX-USD,25.486738204956055,,,,,,,,,,,,,,,,,,,,,,
2022-08-18 00:00:00+00:00,,22.487878799438477,AVAX-USD,24.25769805908203,,,,,,,,,,,,,,,,,,,,,,
2022-08-19 00:00:00+00:00,,22.302879333496094,AVAX-USD,22.487878799438477,,,,,,,,,,,,,,,,,,,,,,
2022-08-20 00:00:00+00:00,,22.977310180664062,AVAX-USD,22.302879333496094,,,,,,,,,,,,,,,,,,,,,,
2022-08-21 00:00:00+00:00,,22.581424713134766,AVAX-USD,22.977310180664062,,,,,,,,,,,,,,,,,,,,,,
2022-08-22 00:00:00+00:00,,23.52440071105957,AVAX-USD,22.581424713134766,,,,,,,,,,,,,,,,,,,,,,
2022-08-23 00:00:00+00:00,,23.024131774902344,AVAX-USD,23.52440071105957,,,,,,,,,,,,,,,,,,,,,,
2022-08-24 00:00:00+00:00,,23.02031707763672,AVAX-USD,23.024131774902344,,,,,,,,,,,,,,,,,,,,,,
2022-08-25 00:00:00+00:00,,20.59803009033203,AVAX-USD,23.02031707763672,,,,,,,,,,,,,,,,,,,,,,
2022-08-26 00:00:00+00:00,,20.0777587890625,AVAX-USD,20.59803009033203,,,,,,,,,,,,,,,,,,,,,,
2022-08-27 00:00:00+00:00,,18.430381774902344,AVAX-USD,20.0777587890625,,,,,,,,,,,,,,,,,,,,,,
2022-08-28 00:00:00+00:00,,19.349014282226562,AVAX-USD,18.430381774902344,,,,,,,,,,,,,,,,,,,,,,
2022-08-29 00:00:00+00:00,,19.34550666809082,AVAX-USD,19.349014282226562,,,,,,,,,,,,,,,,,,,,,,
2022-08-30 00:00:00+00:00,,19.128339767456055,AVAX-USD,19.34550666809082,,,,,,,,,,,,,,,,,,,,,,
2022-08-31 00:00:00+00:00,,19.306751251220703,AVAX-USD,19.128339767456055,,,,,,,,,,,,,,,,,,,,,,
2022-09-01 00:00:00+00:00,,18.860631942749023,AVAX-USD,19.306751251220703,,,,,,,,,,,,,,,,,,,,,,
2022-09-02 00:00:00+00:00,,18.875083923339844,AVAX-USD,18.860631942749023,,,,,,,,,,,,,,,,,,,,,,
2022-09-03 00:00:00+00:00,,19.005001068115234,AVAX-USD,18.875083923339844,,,,,,,,,,,,,,,,,,,,,,
2022-09-04 00:00:00+00:00,,19.426530838012695,AVAX-USD,19.005001068115234,,,,,,,,,,,,,,,,,,,,,,
2022-09-05 00:00:00+00:00,,18.21985626220703,AVAX-USD,19.426530838012695,,,,,,,,,,,,,,,,,,,,,,
2022-09-06 00:00:00+00:00,,19.032773971557617,AVAX-USD,18.21985626220703,,,,,,,,,,,,,,,,,,,,,,
2022-09-07 00:00:00+00:00,,19.123456954956055,AVAX-USD,19.032773971557617,,,,,,,,,,,,,,,,,,,,,,
2022-09-08 00:00:00+00:00,,20.400781631469727,AVAX-USD,19.123456954956055,,,,,,,,,,,,,,,,,,,,,,
2022-09-09 00:00:00+00:00,,20.497501373291016,AVAX-USD,20.400781631469727,,,,,,,,,,,,,,,,,,,,,,
2022-09-10 00:00:00+00:00,,20.658855438232422,AVAX-USD,20.497501373291016,,,,,,,,,,,,,,,,,,,,,,
2022-09-11 00:00:00+00:00,,21.348209381103516,AVAX-USD,20.658855438232422,,,,,,,,,,,,,,,,,,,,,,
2022-09-12 00:00:00+00:00,,19.06827163696289,AVAX-USD,21.348209381103516,,,,,,,,,,,,,,,,,,,,,,
2022-09-13 00:00:00+00:00,,19.120759963989258,AVAX-USD,19.06827163696289,,,,,,,,,,,,,,,,,,,,,,
2022-09-14 00:00:00+00:00,,18.186092376708984,AVAX-USD,19.120759963989258,,,,,,,,,,,,,,,,,,,,,,
2022-09-15 00:00:00+00:00,,18.056598663330078,AVAX-USD,18.186092376708984,,,,,,,,,,,,,,,,,,,,,,
2022-09-16 00:00:00+00:00,,18.483089447021484,AVAX-USD,18.056598663330078,,,,,,,,,,,,,,,,,,,,,,
2022-09-17 00:00:00+00:00,,16.732431411743164,AVAX-USD,18.483089447021484,,,,,,,,,,,,,,,,,,,,,,
2022-09-18 00:00:00+00:00,,17.304716110229492,AVAX-USD,16.732431411743164,,,,,,,,,,,,,,,,,,,,,,
2022-09-19 00:00:00+00:00,,16.66739845275879,AVAX-USD,17.304716110229492,,,,,,,,,,,,,,,,,,,,,,
2022-09-20 00:00:00+00:00,,16.61811637878418,AVAX-USD,16.66739845275879,,,,,,,,,,,,,,,,,,,,,,
2022-09-21 00:00:00+00:00,,17.690845489501953,AVAX-USD,16.61811637878418,,,,,,,,,,,,,,,,,,,,,,
2022-09-22 00:00:00+00:00,,17.959775924682617,AVAX-USD,17.690845489501953,,,,,,,,,,,,,,,,,,,,,,
2022-09-23 00:00:00+00:00,,17.623594284057617,AVAX-USD,17.959775924682617,,,,,,,,,,,,,,,,,,,,,,
2022-09-24 00:00:00+00:00,,17.33123016357422,AVAX-USD,17.623594284057617,,,,,,,,,,,,,,,,,,,,,,
2022-09-25 00:00:00+00:00,,17.542062759399414,AVAX-USD,17.33123016357422,,,,,,,,,,,,,,,,,,,,,,
2022-09-26 00:00:00+00:00,,17.30769157409668,AVAX-USD,17.542062759399414,,,,,,,,,,,,,,,,,,,,,,
2022-09-27 00:00:00+00:00,,17.25748634338379,AVAX-USD,17.30769157409668,,,,,,,,,,,,,,,,,,,,,,
2022-09-28 00:00:00+00:00,,17.3486385345459,AVAX-USD,17.25748634338379,,,,,,,,,,,,,,,,,,,,,,
2022-09-29 00:00:00+00:00,,17.196197509765625,AVAX-USD,17.3486385345459,,,,,,,,,,,,,,,,,,,,,,
2022-09-30 00:00:00+00:00,,16.970863342285156,AVAX-USD,17.196197509765625,,,,,,,,,,,,,,,,,,,,,,
2022-10-01 00:00:00+00:00,,16.53337860107422,AVAX-USD,16.970863342285156,,,,,,,,,,,,,,,,,,,,,,
2022-10-02 00:00:00+00:00,,17.16819190979004,AVAX-USD,16.53337860107422,,,,,,,,,,,,,,,,,,,,,,
2022-10-03 00:00:00+00:00,,17.440378189086914,AVAX-USD,17.16819190979004,,,,,,,,,,,,,,,,,,,,,,
2022-10-04 00:00:00+00:00,,17.373703002929688,AVAX-USD,17.440378189086914,,,,,,,,,,,,,,,,,,,,,,
2022-10-05 00:00:00+00:00,,17.037782669067383,AVAX-USD,17.373703002929688,,,,,,,,,,,,,,,,,,,,,,
2022-10-06 00:00:00+00:00,,16.90461540222168,AVAX-USD,17.037782669067383,,,,,,,,,,,,,,,,,,,,,,
2022-10-07 00:00:00+00:00,,16.785358428955078,AVAX-USD,16.90461540222168,,,,,,,,,,,,,,,,,,,,,,
2022-10-08 00:00:00+00:00,,16.903053283691406,AVAX-USD,16.785358428955078,,,,,,,,,,,,,,,,,,,,,,
2022-10-09 00:00:00+00:00,,16.238502502441406,AVAX-USD,16.903053283691406,,,,,,,,,,,,,,,,,,,,,,
2022-10-10 00:00:00+00:00,,15.951668739318848,AVAX-USD,16.238502502441406,,,,,,,,,,,,,,,,,,,,,,
2022-10-11 00:00:00+00:00,,15.961630821228027,AVAX-USD,15.951668739318848,,,,,,,,,,,,,,,,,,,,,,
2022-10-12 00:00:00+00:00,,15.671713829040527,AVAX-USD,15.961630821228027,,,,,,,,,,,,,,,,,,,,,,
2022-10-13 00:00:00+00:00,,15.68238353729248,AVAX-USD,15.671713829040527,,,,,,,,,,,,,,,,,,,,,,
2022-10-14 00:00:00+00:00,,15.440478324890137,AVAX-USD,15.68238353729248,,,,,,,,,,,,,,,,,,,,,,
2022-10-15 00:00:00+00:00,,15.755318641662598,AVAX-USD,15.440478324890137,,,,,,,,,,,,,,,,,,,,,,
2022-10-16 00:00:00+00:00,,16.18509864807129,AVAX-USD,15.755318641662598,,,,,,,,,,,,,,,,,,,,,,
2022-10-17 00:00:00+00:00,,15.871760368347168,AVAX-USD,16.18509864807129,,,,,,,,,,,,,,,,,,,,,,
2022-10-18 00:00:00+00:00,,15.107032775878906,AVAX-USD,15.871760368347168,,,,,,,,,,,,,,,,,,,,,,
2022-10-19 00:00:00+00:00,,15.187332153320312,AVAX-USD,15.107032775878906,,,,,,,,,,,,,,,,,,,,,,
2022-10-20 00:00:00+00:00,,15.690286636352539,AVAX-USD,15.187332153320312,,,,,,,,,,,,,,,,,,,,,,
2022-10-21 00:00:00+00:00,,15.683671951293945,AVAX-USD,15.690286636352539,,,,,,,,,,,,,,,,,,,,,,
2022-10-22 00:00:00+00:00,,16.30229377746582,AVAX-USD,15.683671951293945,,,,,,,,,,,,,,,,,,,,,,
2022-10-23 00:00:00+00:00,,15.759552001953125,AVAX-USD,16.30229377746582,,,,,,,,,,,,,,,,,,,,,,
2022-10-24 00:00:00+00:00,,16.668628692626953,AVAX-USD,15.759552001953125,,,,,,,,,,,,,,,,,,,,,,
2022-10-25 00:00:00+00:00,,17.015155792236328,AVAX-USD,16.668628692626953,,,,,,,,,,,,,,,,,,,,,,
2022-10-26 00:00:00+00:00,,16.913970947265625,AVAX-USD,17.015155792236328,,,,,,,,,,,,,,,,,,,,,,
2022-10-27 00:00:00+00:00,,18.340309143066406,AVAX-USD,16.913970947265625,,,,,,,,,,,,,,,,,,,,,,
2022-10-28 00:00:00+00:00,,18.307973861694336,AVAX-USD,18.340309143066406,,,,,,,,,,,,,,,,,,,,,,
2022-10-29 00:00:00+00:00,,18.265605926513672,AVAX-USD,18.307973861694336,,,,,,,,,,,,,,,,,,,,,,
2022-10-30 00:00:00+00:00,,19.311609268188477,AVAX-USD,18.265605926513672,,,,,,,,,,,,,,,,,,,,,,
2022-10-31 00:00:00+00:00,,18.66878318786621,AVAX-USD,19.311609268188477,,,,,,,,,,,,,,,,,,,,,,
2022-11-01 00:00:00+00:00,,17.897476196289062,AVAX-USD,18.66878318786621,,,,,,,,,,,,,,,,,,,,,,
2022-11-02 00:00:00+00:00,,18.04765510559082,AVAX-USD,17.897476196289062,,,,,,,,,,,,,,,,,,,,,,
2022-11-03 00:00:00+00:00,,19.39575958251953,AVAX-USD,18.04765510559082,,,,,,,,,,,,,,,,,,,,,,
2022-11-04 00:00:00+00:00,,19.603248596191406,AVAX-USD,19.39575958251953,,,,,,,,,,,,,,,,,,,,,,
2022-11-05 00:00:00+00:00,,18.27923011779785,AVAX-USD,19.603248596191406,,,,,,,,,,,,,,,,,,,,,,
2022-11-06 00:00:00+00:00,,18.06842041015625,AVAX-USD,18.27923011779785,,,,,,,,,,,,,,,,,,,,,,
2022-11-07 00:00:00+00:00,,15.991604804992676,AVAX-USD,18.06842041015625,,,,,,,,,,,,,,,,,,,,,,
2022-11-08 00:00:00+00:00,,12.917875289916992,AVAX-USD,15.991604804992676,,,,,,,,,,,,,,,,,,,,,,
2022-11-09 00:00:00+00:00,,15.386506080627441,AVAX-USD,12.917875289916992,,,,,,,,,,,,,,,,,,,,,,
2022-11-10 00:00:00+00:00,,14.095545768737793,AVAX-USD,15.386506080627441,,,,,,,,,,,,,,,,,,,,,,
2022-11-11 00:00:00+00:00,,13.064070701599121,AVAX-USD,14.095545768737793,,,,,,,,,,,,,,,,,,,,,,
2022-11-12 00:00:00+00:00,,13.052020072937012,AVAX-USD,13.064070701599121,,,,,,,,,,,,,,,,,,,,,,
2022-11-13 00:00:00+00:00,,13.10676383972168,AVAX-USD,13.052020072937012,,,,,,,,,,,,,,,,,,,,,,
2022-11-14 00:00:00+00:00,,13.49658203125,AVAX-USD,13.10676383972168,,,,,,,,,,,,,,,,,,,,,,
2022-11-15 00:00:00+00:00,,13.078482627868652,AVAX-USD,13.49658203125,,,,,,,,,,,,,,,,,,,,,,
2022-11-16 00:00:00+00:00,,12.889345169067383,AVAX-USD,13.078482627868652,,,,,,,,,,,,,,,,,,,,,,
2022-11-17 00:00:00+00:00,,12.989431381225586,AVAX-USD,12.889345169067383,,,,,,,,,,,,,,,,,,,,,,
2022-11-18 00:00:00+00:00,,12.882172584533691,AVAX-USD,12.989431381225586,,,,,,,,,,,,,,,,,,,,,,
2022-11-19 00:00:00+00:00,,12.196779251098633,AVAX-USD,12.882172584533691,,,,,,,,,,,,,,,,,,,,,,
2022-11-20 00:00:00+00:00,,11.834380149841309,AVAX-USD,12.196779251098633,,,,,,,,,,,,,,,,,,,,,,
2022-11-21 00:00:00+00:00,,12.322193145751953,AVAX-USD,11.834380149841309,,,,,,,,,,,,,,,,,,,,,,
2022-11-22 00:00:00+00:00,,13.031652450561523,AVAX-USD,12.322193145751953,,,,,,,,,,,,,,,,,,,,,,
2022-11-23 00:00:00+00:00,,12.94083309173584,AVAX-USD,13.031652450561523,,,,,,,,,,,,,,,,,,,,,,
2022-11-24 00:00:00+00:00,,12.828289031982422,AVAX-USD,12.94083309173584,,,,,,,,,,,,,,,,,,,,,,
2022-11-25 00:00:00+00:00,,12.75235652923584,AVAX-USD,12.828289031982422,,,,,,,,,,,,,,,,,,,,,,
2022-11-26 00:00:00+00:00,,12.876786231994629,AVAX-USD,12.75235652923584,,,,,,,,,,,,,,,,,,,,,,
2022-11-27 00:00:00+00:00,,12.457791328430176,AVAX-USD,12.876786231994629,,,,,,,,,,,,,,,,,,,,,,
2022-11-28 00:00:00+00:00,,12.47298812866211,AVAX-USD,12.457791328430176,,,,,,,,,,,,,,,,,,,,,,
2022-11-29 00:00:00+00:00,,13.157401084899902,AVAX-USD,12.47298812866211,,,,,,,,,,,,,,,,,,,,,,
2022-11-30 00:00:00+00:00,,12.887733459472656,AVAX-USD,13.157401084899902,,,,,,,,,,,,,,,,,,,,,,
2022-12-01 00:00:00+00:00,,13.58639907836914,AVAX-USD,12.887733459472656,,,,,,,,,,,,,,,,,,,,,,
2022-12-02 00:00:00+00:00,,13.431282043457031,AVAX-USD,13.58639907836914,,,,,,,,,,,,,,,,,,,,,,
2022-12-03 00:00:00+00:00,,13.925615310668945,AVAX-USD,13.431282043457031,,,,,,,,,,,,,,,,,,,,,,
2022-12-04 00:00:00+00:00,,13.60273265838623,AVAX-USD,13.925615310668945,,,,,,,,,,,,,,,,,,,,,,
2022-12-05 00:00:00+00:00,,13.666421890258789,AVAX-USD,13.60273265838623,,,,,,,,,,,,,,,,,,,,,,
2022-12-06 00:00:00+00:00,,13.264047622680664,AVAX-USD,13.666421890258789,,,,,,,,,,,,,,,,,,,,,,
2022-12-07 00:00:00+00:00,,13.40671443939209,AVAX-USD,13.264047622680664,,,,,,,,,,,,,,,,,,,,,,
2022-12-08 00:00:00+00:00,,13.451823234558105,AVAX-USD,13.40671443939209,,,,,,,,,,,,,,,,,,,,,,
2022-12-09 00:00:00+00:00,,13.480047225952148,AVAX-USD,13.451823234558105,,,,,,,,,,,,,,,,,,,,,,
2022-12-10 00:00:00+00:00,,12.995100021362305,AVAX-USD,13.480047225952148,,,,,,,,,,,,,,,,,,,,,,
2022-12-11 00:00:00+00:00,,12.991484642028809,AVAX-USD,12.995100021362305,,,,,,,,,,,,,,,,,,,,,,
2022-12-12 00:00:00+00:00,,13.728175163269043,AVAX-USD,12.991484642028809,,,,,,,,,,,,,,,,,,,,,,
2022-12-13 00:00:00+00:00,,13.727560043334961,AVAX-USD,13.728175163269043,,,,,,,,,,,,,,,,,,,,,,
2022-12-14 00:00:00+00:00,,13.170801162719727,AVAX-USD,13.727560043334961,,,,,,,,,,,,,,,,,,,,,,
2022-12-15 00:00:00+00:00,,11.846814155578613,AVAX-USD,13.170801162719727,,,,,,,,,,,,,,,,,,,,,,
2022-12-16 00:00:00+00:00,,11.963336944580078,AVAX-USD,11.846814155578613,,,,,,,,,,,,,,,,,,,,,,
2022-12-17 00:00:00+00:00,,11.92267894744873,AVAX-USD,11.963336944580078,,,,,,,,,,,,,,,,,,,,,,
2022-12-18 00:00:00+00:00,,11.382280349731445,AVAX-USD,11.92267894744873,,,,,,,,,,,,,,,,,,,,,,
2022-12-19 00:00:00+00:00,,11.967804908752441,AVAX-USD,11.382280349731445,,,,,,,,,,,,,,,,,,,,,,
2022-12-20 00:00:00+00:00,,11.696436882019043,AVAX-USD,11.967804908752441,,,,,,,,,,,,,,,,,,,,,,
2022-12-21 00:00:00+00:00,,11.84343147277832,AVAX-USD,11.696436882019043,,,,,,,,,,,,,,,,,,,,,,
2022-12-22 00:00:00+00:00,,11.781726837158203,AVAX-USD,11.84343147277832,,,,,,,,,,,,,,,,,,,,,,
2022-12-23 00:00:00+00:00,,11.680429458618164,AVAX-USD,11.781726837158203,,,,,,,,,,,,,,,,,,,,,,
2022-12-24 00:00:00+00:00,,11.684593200683594,AVAX-USD,11.680429458618164,,,,,,,,,,,,,,,,,,,,,,
2022-12-25 00:00:00+00:00,,11.723855972290039,AVAX-USD,11.684593200683594,,,,,,,,,,,,,,,,,,,,,,
2022-12-26 00:00:00+00:00,,11.646395683288574,AVAX-USD,11.723855972290039,,,,,,,,,,,,,,,,,,,,,,
2022-12-27 00:00:00+00:00,,11.202914237976074,AVAX-USD,11.646395683288574,,,,,,,,,,,,,,,,,,,,,,
2022-12-28 00:00:00+00:00,,10.992694854736328,AVAX-USD,11.202914237976074,,,,,,,,,,,,,,,,,,,,,,
2022-12-29 00:00:00+00:00,,10.870248794555664,AVAX-USD,10.992694854736328,,,,,,,,,,,,,,,,,,,,,,
2022-12-30 00:00:00+00:00,,10.902632713317871,AVAX-USD,10.870248794555664,,,,,,,,,,,,,,,,,,,,,,
2022-12-31 00:00:00+00:00,,,AVAX-USD,10.902632713317871,,,,,,,,,,,,,,,,,,,,,,
2022-01-01 00:00:00+00:00,,47345.21875,BTC-USD,,47686.8125,,,,,,,,,,,,,,,,,,,,,
2022-01-02 00:00:00+00:00,,46458.1171875,BTC-USD,,47345.21875,,,,,,,,,,,,,,,,,,,,,
2022-01-03 00:00:00+00:00,,45897.57421875,BTC-USD,,46458.1171875,,,,,,,,,,,,,,,,,,,,,
2022-01-04 00:00:00+00:00,,43569.00390625,BTC-USD,,45897.57421875,,,,,,,,,,,,,,,,,,,,,
2022-01-05 00:00:00+00:00,,43160.9296875,BTC-USD,,43569.00390625,,,,,,,,,,,,,,,,,,,,,
2022-01-06 00:00:00+00:00,,41557.90234375,BTC-USD,,43160.9296875,,,,,,,,,,,,,,,,,,,,,
2022-01-07 00:00:00+00:00,,41733.94140625,BTC-USD,,41557.90234375,,,,,,,,,,,,,,,,,,,,,
2022-01-08 00:00:00+00:00,,41911.6015625,BTC-USD,,41733.94140625,,,,,,,,,,,,,,,,,,,,,
2022-01-09 00:00:00+00:00,,41821.26171875,BTC-USD,,41911.6015625,,,,,,,,,,,,,,,,,,,,,
2022-01-10 00:00:00+00:00,,42735.85546875,BTC-USD,,41821.26171875,,,,,,,,,,,,,,,,,,,,,
2022-01-11 00:00:00+00:00,,43949.1015625,BTC-USD,,42735.85546875,,,,,,,,,,,,,,,,,,,,,
2022-01-12 00:00:00+00:00,,42591.5703125,BTC-USD,,43949.1015625,,,,,,,,,,,,,,,,,,,,,
2022-01-13 00:00:00+00:00,,43099.69921875,BTC-USD,,42591.5703125,,,,,,,,,,,,,,,,,,,,,
2022-01-14 00:00:00+00:00,,43177.3984375,BTC-USD,,43099.69921875,,,,,,,,,,,,,,,,,,,,,
2022-01-15 00:00:00+00:00,,43113.87890625,BTC-USD,,43177.3984375,,,,,,,,,,,,,,,,,,,,,
2022-01-16 00:00:00+00:00,,42250.55078125,BTC-USD,,43113.87890625,,,,,,,,,,,,,,,,,,,,,
2022-01-17 00:00:00+00:00,,42375.6328125,BTC-USD,,42250.55078125,,,,,,,,,,,,,,,,,,,,,
2022-01-18 00:00:00+00:00,,41744.328125,BTC-USD,,42375.6328125,,,,,,,,,,,,,,,,,,,,,
2022-01-19 00:00:00+00:00,,40680.41796875,BTC-USD,,41744.328125,,,,,,,,,,,,,,,,,,,,,
2022-01-20 00:00:00+00:00,,36457.31640625,BTC-USD,,40680.41796875,,,,,,,,,,,,,,,,,,,,,
2022-01-21 00:00:00+00:00,,35030.25,BTC-USD,,36457.31640625,,,,,,,,,,,,,,,,,,,,,
2022-01-22 00:00:00+00:00,,36276.8046875,BTC-USD,,35030.25,,,,,,,,,,,,,,,,,,,,,
2022-01-23 00:00:00+00:00,,36654.328125,BTC-USD,,36276.8046875,,,,,,,,,,,,,,,,,,,,,
2022-01-24 00:00:00+00:00,,36954.00390625,BTC-USD,,36654.328125,,,,,,,,,,,,,,,,,,,,,
2022-01-25 00:00:00+00:00,,36852.12109375,BTC-USD,,36954.00390625,,,,,,,,,,,,,,,,,,,,,
2022-01-26 00:00:00+00:00,,37138.234375,BTC-USD,,36852.12109375,,,,,,,,,,,,,,,,,,,,,
2022-01-27 00:00:00+00:00,,37784.33203125,BTC-USD,,37138.234375,,,,,,,,,,,,,,,,,,,,,
2022-01-28 00:00:00+00:00,,38138.1796875,BTC-USD,,37784.33203125,,,,,,,,,,,,,,,,,,,,,
2022-01-29 00:00:00+00:00,,37917.6015625,BTC-USD,,38138.1796875,,,,,,,,,,,,,,,,,,,,,
2022-01-30 00:00:00+00:00,,38483.125,BTC-USD,,37917.6015625,,,,,,,,,,,,,,,,,,,,,
2022-01-31 00:00:00+00:00,,38743.2734375,BTC-USD,,38483.125,,,,,,,,,,,,,,,,,,,,,
2022-02-01 00:00:00+00:00,,36952.984375,BTC-USD,,38743.2734375,,,,,,,,,,,,,,,,,,,,,
2022-02-02 00:00:00+00:00,,37154.6015625,BTC-USD,,36952.984375,,,,,,,,,,,,,,,,,,,,,
2022-02-03 00:00:00+00:00,,41500.875,BTC-USD,,37154.6015625,,,,,,,,,,,,,,,,,,,,,
2022-02-04 00:00:00+00:00,,41441.1640625,BTC-USD,,41500.875,,,,,,,,,,,,,,,,,,,,,
2022-02-05 00:00:00+00:00,,42412.43359375,BTC-USD,,41441.1640625,,,,,,,,,,,,,,,,,,,,,
2022-02-06 00:00:00+00:00,,43840.28515625,BTC-USD,,42412.43359375,,,,,,,,,,,,,,,,,,,,,
2022-02-07 00:00:00+00:00,,44118.4453125,BTC-USD,,43840.28515625,,,,,,,,,,,,,,,,,,,,,
2022-02-08 00:00:00+00:00,,44338.796875,BTC-USD,,44118.4453125,,,,,,,,,,,,,,,,,,,,,
2022-02-09 00:00:00+00:00,,43565.11328125,BTC-USD,,44338.796875,,,,,,,,,,,,,,,,,,,,,
2022-02-10 00:00:00+00:00,,42407.9375,BTC-USD,,43565.11328125,,,,,,,,,,,,,,,,,,,,,
2022-02-11 00:00:00+00:00,,42244.46875,BTC-USD,,42407.9375,,,,,,,,,,,,,,,,,,,,,
2022-02-12 00:00:00+00:00,,42197.515625,BTC-USD,,42244.46875,,,,,,,,,,,,,,,,,,,,,
2022-02-13 00:00:00+00:00,,42586.91796875,BTC-USD,,42197.515625,,,,,,,,,,,,,,,,,,,,,
2022-02-14 00:00:00+00:00,,44575.203125,BTC-USD,,42586.91796875,,,,,,,,,,,,,,,,,,,,,
2022-02-15 00:00:00+00:00,,43961.859375,BTC-USD,,44575.203125,,,,,,,,,,,,,,,,,,,,,
2022-02-16 00:00:00+00:00,,40538.01171875,BTC-USD,,43961.859375,,,,,,,,,,,,,,,,,,,,,
2022-02-17 00:00:00+00:00,,40030.9765625,BTC-USD,,40538.01171875,,,,,,,,,,,,,,,,,,,,,
2022-02-18 00:00:00+00:00,,40122.15625,BTC-USD,,40030.9765625,,,,,,,,,,,,,,,,,,,,,
2022-02-19 00:00:00+00:00,,38431.37890625,BTC-USD,,40122.15625,,,,,,,,,,,,,,,,,,,,,
2022-02-20 00:00:00+00:00,,37075.28125,BTC-USD,,38431.37890625,,,,,,,,,,,,,,,,,,,,,
2022-02-21 00:00:00+00:00,,38286.02734375,BTC-USD,,37075.28125,,,,,,,,,,,,,,,,,,,,,
2022-02-22 00:00:00+00:00,,37296.5703125,BTC-USD,,38286.02734375,,,,,,,,,,,,,,,,,,,,,
2022-02-23 00:00:00+00:00,,38332.609375,BTC-USD,,37296.5703125,,,,,,,,,,,,,,,,,,,,,
2022-02-24 00:00:00+00:00,,39214.21875,BTC-USD,,38332.609375,,,,,,,,,,,,,,,,,,,,,
2022-02-25 00:00:00+00:00,,39105.1484375,BTC-USD,,39214.21875,,,,,,,,,,,,,,,,,,,,,
2022-02-26 00:00:00+00:00,,37709.78515625,BTC-USD,,39105.1484375,,,,,,,,,,,,,,,,,,,,,
2022-02-27 00:00:00+00:00,,43193.234375,BTC-USD,,37709.78515625,,,,,,,,,,,,,,,,,,,,,
2022-02-28 00:00:00+00:00,,44354.63671875,BTC-USD,,43193.234375,,,,,,,,,,,,,,,,,,,,,
2022-03-01 00:00:00+00:00,,43924.1171875,BTC-USD,,44354.63671875,,,,,,,,,,,,,,,,,,,,,
2022-03-02 00:00:00+00:00,,42451.7890625,BTC-USD,,43924.1171875,,,,,,,,,,,,,,,,,,,,,
2022-03-03 00:00:00+00:00,,39137.60546875,BTC-USD,,42451.7890625,,,,,,,,,,,,,,,,,,,,,
2022-03-04 00:00:00+00:00,,39400.5859375,BTC-USD,,39137.60546875,,,,,,,,,,,,,,,,,,,,,
2022-03-05 00:00:00+00:00,,38419.984375,BTC-USD,,39400.5859375,,,,,,,,,,,,,,,,,,,,,
2022-03-06 00:00:00+00:00,,38062.0390625,BTC-USD,,38419.984375,,,,,,,,,,,,,,,,,,,,,
2022-03-07 00:00:00+00:00,,38737.26953125,BTC-USD,,38062.0390625,,,,,,,,,,,,,,,,,,,,,
2022-03-08 00:00:00+00:00,,41982.92578125,BTC-USD,,38737.26953125,,,,,,,,,,,,,,,,,,,,,
2022-03-09 00:00:00+00:00,,39437.4609375,BTC-USD,,41982.92578125,,,,,,,,,,,,,,,,,,,,,
2022-03-10 00:00:00+00:00,,38794.97265625,BTC-USD,,39437.4609375,,,,,,,,,,,,,,,,,,,,,
2022-03-11 00:00:00+00:00,,38904.01171875,BTC-USD,,38794.97265625,,,,,,,,,,,,,,,,,,,,,
2022-03-12 00:00:00+00:00,,37849.6640625,BTC-USD,,38904.01171875,,,,,,,,,,,,,,,,,,,,,
2022-03-13 00:00:00+00:00,,39666.75390625,BTC-USD,,37849.6640625,,,,,,,,,,,,,,,,,,,,,
2022-03-14 00:00:00+00:00,,39338.78515625,BTC-USD,,39666.75390625,,,,,,,,,,,,,,,,,,,,,
2022-03-15 00:00:00+00:00,,41143.9296875,BTC-USD,,39338.78515625,,,,,,,,,,,,,,,,,,,,,
2022-03-16 00:00:00+00:00,,40951.37890625,BTC-USD,,41143.9296875,,,,,,,,,,,,,,,,,,,,,
2022-03-17 00:00:00+00:00,,41801.15625,BTC-USD,,40951.37890625,,,,,,,,,,,,,,,,,,,,,
2022-03-18 00:00:00+00:00,,42190.65234375,BTC-USD,,41801.15625,,,,,,,,,,,,,,,,,,,,,
2022-03-19 00:00:00+00:00,,41247.82421875,BTC-USD,,42190.65234375,,,,,,,,,,,,,,,,,,,,,
2022-03-20 00:00:00+00:00,,41077.99609375,BTC-USD,,41247.82421875,,,,,,,,,,,,,,,,,,,,,
2022-03-21 00:00:00+00:00,,42358.80859375,BTC-USD,,41077.99609375,,,,,,,,,,,,,,,,,,,,,
2022-03-22 00:00:00+00:00,,42892.95703125,BTC-USD,,42358.80859375,,,,,,,,,,,,,,,,,,,,,
2022-03-23 00:00:00+00:00,,43960.93359375,BTC-USD,,42892.95703125,,,,,,,,,,,,,,,,,,,,,
2022-03-24 00:00:00+00:00,,44348.73046875,BTC-USD,,43960.93359375,,,,,,,,,,,,,,,,,,,,,
2022-03-25 00:00:00+00:00,,44500.828125,BTC-USD,,44348.73046875,,,,,,,,,,,,,,,,,,,,,
2022-03-26 00:00:00+00:00,,46820.4921875,BTC-USD,,44500.828125,,,,,,,,,,,,,,,,,,,,,
2022-03-27 00:00:00+00:00,,47128.00390625,BTC-USD,,46820.4921875,,,,,,,,,,,,,,,,,,,,,
2022-03-28 00:00:00+00:00,,47465.73046875,BTC-USD,,47128.00390625,,,,,,,,,,,,,,,,,,,,,
2022-03-29 00:00:00+00:00,,47062.6640625,BTC-USD,,47465.73046875,,,,,,,,,,,,,,,,,,,,,
2022-03-30 00:00:00+00:00,,45538.67578125,BTC-USD,,47062.6640625,,,,,,,,,,,,,,,,,,,,,
2022-03-31 00:00:00+00:00,,46281.64453125,BTC-USD,,45538.67578125,,,,,,,,,,,,,,,,,,,,,
2022-04-01 00:00:00+00:00,,45868.94921875,BTC-USD,,46281.64453125,,,,,,,,,,,,,,,,,,,,,
2022-04-02 00:00:00+00:00,,46453.56640625,BTC-USD,,45868.94921875,,,,,,,,,,,,,,,,,,,,,
2022-04-03 00:00:00+00:00,,46622.67578125,BTC-USD,,46453.56640625,,,,,,,,,,,,,,,,,,,,,
2022-04-04 00:00:00+00:00,,45555.9921875,BTC-USD,,46622.67578125,,,,,,,,,,,,,,,,,,,,,
2022-04-05 00:00:00+00:00,,43206.73828125,BTC-USD,,45555.9921875,,,,,,,,,,,,,,,,,,,,,
2022-04-06 00:00:00+00:00,,43503.84765625,BTC-USD,,43206.73828125,,,,,,,,,,,,,,,,,,,,,
2022-04-07 00:00:00+00:00,,42287.6640625,BTC-USD,,43503.84765625,,,,,,,,,,,,,,,,,,,,,
2022-04-08 00:00:00+00:00,,42782.13671875,BTC-USD,,42287.6640625,,,,,,,,,,,,,,,,,,,,,
2022-04-09 00:00:00+00:00,,42207.671875,BTC-USD,,42782.13671875,,,,,,,,,,,,,,,,,,,,,
2022-04-10 00:00:00+00:00,,39521.90234375,BTC-USD,,42207.671875,,,,,,,,,,,,,,,,,,,,,
2022-04-11 00:00:00+00:00,,40127.18359375,BTC-USD,,39521.90234375,,,,,,,,,,,,,,,,,,,,,
2022-04-12 00:00:00+00:00,,41166.73046875,BTC-USD,,40127.18359375,,,,,,,,,,,,,,,,,,,,,
2022-04-13 00:00:00+00:00,,39935.515625,BTC-USD,,41166.73046875,,,,,,,,,,,,,,,,,,,,,
2022-04-14 00:00:00+00:00,,40553.46484375,BTC-USD,,39935.515625,,,,,,,,,,,,,,,,,,,,,
2022-04-15 00:00:00+00:00,,40424.484375,BTC-USD,,40553.46484375,,,,,,,,,,,,,,,,,,,,,
2022-04-16 00:00:00+00:00,,39716.953125,BTC-USD,,40424.484375,,,,,,,,,,,,,,,,,,,,,
2022-04-17 00:00:00+00:00,,40826.21484375,BTC-USD,,39716.953125,,,,,,,,,,,,,,,,,,,,,
2022-04-18 00:00:00+00:00,,41502.75,BTC-USD,,40826.21484375,,,,,,,,,,,,,,,,,,,,,
2022-04-19 00:00:00+00:00,,41374.37890625,BTC-USD,,41502.75,,,,,,,,,,,,,,,,,,,,,
2022-04-20 00:00:00+00:00,,40527.36328125,BTC-USD,,41374.37890625,,,,,,,,,,,,,,,,,,,,,
2022-04-21 00:00:00+00:00,,39740.3203125,BTC-USD,,40527.36328125,,,,,,,,,,,,,,,,,,,,,
2022-04-22 00:00:00+00:00,,39486.73046875,BTC-USD,,39740.3203125,,,,,,,,,,,,,,,,,,,,,
2022-04-23 00:00:00+00:00,,39469.29296875,BTC-USD,,39486.73046875,,,,,,,,,,,,,,,,,,,,,
2022-04-24 00:00:00+00:00,,40458.30859375,BTC-USD,,39469.29296875,,,,,,,,,,,,,,,,,,,,,
2022-04-25 00:00:00+00:00,,38117.4609375,BTC-USD,,40458.30859375,,,,,,,,,,,,,,,,,,,,,
2022-04-26 00:00:00+00:00,,39241.12109375,BTC-USD,,38117.4609375,,,,,,,,,,,,,,,,,,,,,
2022-04-27 00:00:00+00:00,,39773.828125,BTC-USD,,39241.12109375,,,,,,,,,,,,,,,,,,,,,
2022-04-28 00:00:00+00:00,,38609.82421875,BTC-USD,,39773.828125,,,,,,,,,,,,,,,,,,,,,
2022-04-29 00:00:00+00:00,,37714.875,BTC-USD,,38609.82421875,,,,,,,,,,,,,,,,,,,,,
2022-04-30 00:00:00+00:00,,38469.09375,BTC-USD,,37714.875,,,,,,,,,,,,,,,,,,,,,
2022-05-01 00:00:00+00:00,,38529.328125,BTC-USD,,38469.09375,,,,,,,,,,,,,,,,,,,,,
2022-05-02 00:00:00+00:00,,37750.453125,BTC-USD,,38529.328125,,,,,,,,,,,,,,,,,,,,,
2022-05-03 00:00:00+00:00,,39698.37109375,BTC-USD,,37750.453125,,,,,,,,,,,,,,,,,,,,,
2022-05-04 00:00:00+00:00,,36575.140625,BTC-USD,,39698.37109375,,,,,,,,,,,,,,,,,,,,,
2022-05-05 00:00:00+00:00,,36040.921875,BTC-USD,,36575.140625,,,,,,,,,,,,,,,,,,,,,
2022-05-06 00:00:00+00:00,,35501.953125,BTC-USD,,36040.921875,,,,,,,,,,,,,,,,,,,,,
2022-05-07 00:00:00+00:00,,34059.265625,BTC-USD,,35501.953125,,,,,,,,,,,,,,,,,,,,,
2022-05-08 00:00:00+00:00,,30296.953125,BTC-USD,,34059.265625,,,,,,,,,,,,,,,,,,,,,
2022-05-09 00:00:00+00:00,,31022.90625,BTC-USD,,30296.953125,,,,,,,,,,,,,,,,,,,,,
2022-05-10 00:00:00+00:00,,28936.35546875,BTC-USD,,31022.90625,,,,,,,,,,,,,,,,,,,,,
2022-05-11 00:00:00+00:00,,29047.751953125,BTC-USD,,28936.35546875,,,,,,,,,,,,,,,,,,,,,
2022-05-12 00:00:00+00:00,,29283.103515625,BTC-USD,,29047.751953125,,,,,,,,,,,,,,,,,,,,,
2022-05-13 00:00:00+00:00,,30101.265625,BTC-USD,,29283.103515625,,,,,,,,,,,,,,,,,,,,,
2022-05-14 00:00:00+00:00,,31305.11328125,BTC-USD,,30101.265625,,,,,,,,,,,,,,,,,,,,,
2022-05-15 00:00:00+00:00,,29862.91796875,BTC-USD,,31305.11328125,,,,,,,,,,,,,,,,,,,,,
2022-05-16 00:00:00+00:00,,30425.857421875,BTC-USD,,29862.91796875,,,,,,,,,,,,,,,,,,,,,
2022-05-17 00:00:00+00:00,,28720.271484375,BTC-USD,,30425.857421875,,,,,,,,,,,,,,,,,,,,,
2022-05-18 00:00:00+00:00,,30314.333984375,BTC-USD,,28720.271484375,,,,,,,,,,,,,,,,,,,,,
2022-05-19 00:00:00+00:00,,29200.740234375,BTC-USD,,30314.333984375,,,,,,,,,,,,,,,,,,,,,
2022-05-20 00:00:00+00:00,,29432.2265625,BTC-USD,,29200.740234375,,,,,,,,,,,,,,,,,,,,,
2022-05-21 00:00:00+00:00,,30323.72265625,BTC-USD,,29432.2265625,,,,,,,,,,,,,,,,,,,,,
2022-05-22 00:00:00+00:00,,29098.91015625,BTC-USD,,30323.72265625,,,,,,,,,,,,,,,,,,,,,
2022-05-23 00:00:00+00:00,,29655.5859375,BTC-USD,,29098.91015625,,,,,,,,,,,,,,,,,,,,,
2022-05-24 00:00:00+00:00,,29562.361328125,BTC-USD,,29655.5859375,,,,,,,,,,,,,,,,,,,,,
2022-05-25 00:00:00+00:00,,29267.224609375,BTC-USD,,29562.361328125,,,,,,,,,,,,,,,,,,,,,
2022-05-26 00:00:00+00:00,,28627.57421875,BTC-USD,,29267.224609375,,,,,,,,,,,,,,,,,,,,,
2022-05-27 00:00:00+00:00,,28814.900390625,BTC-USD,,28627.57421875,,,,,,,,,,,,,,,,,,,,,
2022-05-28 00:00:00+00:00,,29445.95703125,BTC-USD,,28814.900390625,,,,,,,,,,,,,,,,,,,,,
2022-05-29 00:00:00+00:00,,31726.390625,BTC-USD,,29445.95703125,,,,,,,,,,,,,,,,,,,,,
2022-05-30 00:00:00+00:00,,31792.310546875,BTC-USD,,31726.390625,,,,,,,,,,,,,,,,,,,,,
2022-05-31 00:00:00+00:00,,29799.080078125,BTC-USD,,31792.310546875,,,,,,,,,,,,,,,,,,,,,
2022-06-01 00:00:00+00:00,,30467.48828125,BTC-USD,,29799.080078125,,,,,,,,,,,,,,,,,,,,,
2022-06-02 00:00:00+00:00,,29704.390625,BTC-USD,,30467.48828125,,,,,,,,,,,,,,,,,,,,,
2022-06-03 00:00:00+00:00,,29832.9140625,BTC-USD,,29704.390625,,,,,,,,,,,,,,,,,,,,,
2022-06-04 00:00:00+00:00,,29906.662109375,BTC-USD,,29832.9140625,,,,,,,,,,,,,,,,,,,,,
2022-06-05 00:00:00+00:00,,31370.671875,BTC-USD,,29906.662109375,,,,,,,,,,,,,,,,,,,,,
2022-06-06 00:00:00+00:00,,31155.478515625,BTC-USD,,31370.671875,,,,,,,,,,,,,,,,,,,,,
2022-06-07 00:00:00+00:00,,30214.35546875,BTC-USD,,31155.478515625,,,,,,,,,,,,,,,,,,,,,
2022-06-08 00:00:00+00:00,,30111.998046875,BTC-USD,,30214.35546875,,,,,,,,,,,,,,,,,,,,,
2022-06-09 00:00:00+00:00,,29083.8046875,BTC-USD,,30111.998046875,,,,,,,,,,,,,,,,,,,,,
2022-06-10 00:00:00+00:00,,28360.810546875,BTC-USD,,29083.8046875,,,,,,,,,,,,,,,,,,,,,
2022-06-11 00:00:00+00:00,,26762.6484375,BTC-USD,,28360.810546875,,,,,,,,,,,,,,,,,,,,,
2022-06-12 00:00:00+00:00,,22487.388671875,BTC-USD,,26762.6484375,,,,,,,,,,,,,,,,,,,,,
2022-06-13 00:00:00+00:00,,22206.79296875,BTC-USD,,22487.388671875,,,,,,,,,,,,,,,,,,,,,
2022-06-14 00:00:00+00:00,,22572.83984375,BTC-USD,,22206.79296875,,,,,,,,,,,,,,,,,,,,,
2022-06-15 00:00:00+00:00,,20381.650390625,BTC-USD,,22572.83984375,,,,,,,,,,,,,,,,,,,,,
2022-06-16 00:00:00+00:00,,20471.482421875,BTC-USD,,20381.650390625,,,,,,,,,,,,,,,,,,,,,
2022-06-17 00:00:00+00:00,,19017.642578125,BTC-USD,,20471.482421875,,,,,,,,,,,,,,,,,,,,,
2022-06-18 00:00:00+00:00,,20553.271484375,BTC-USD,,19017.642578125,,,,,,,,,,,,,,,,,,,,,
2022-06-19 00:00:00+00:00,,20599.537109375,BTC-USD,,20553.271484375,,,,,,,,,,,,,,,,,,,,,
2022-06-20 00:00:00+00:00,,20710.59765625,BTC-USD,,20599.537109375,,,,,,,,,,,,,,,,,,,,,
2022-06-21 00:00:00+00:00,,19987.029296875,BTC-USD,,20710.59765625,,,,,,,,,,,,,,,,,,,,,
2022-06-22 00:00:00+00:00,,21085.876953125,BTC-USD,,19987.029296875,,,,,,,,,,,,,,,,,,,,,
2022-06-23 00:00:00+00:00,,21231.65625,BTC-USD,,21085.876953125,,,,,,,,,,,,,,,,,,,,,
2022-06-24 00:00:00+00:00,,21502.337890625,BTC-USD,,21231.65625,,,,,,,,,,,,,,,,,,,,,
2022-06-25 00:00:00+00:00,,21027.294921875,BTC-USD,,21502.337890625,,,,,,,,,,,,,,,,,,,,,
2022-06-26 00:00:00+00:00,,20735.478515625,BTC-USD,,21027.294921875,,,,,,,,,,,,,,,,,,,,,
2022-06-27 00:00:00+00:00,,20280.634765625,BTC-USD,,20735.478515625,,,,,,,,,,,,,,,,,,,,,
2022-06-28 00:00:00+00:00,,20104.0234375,BTC-USD,,20280.634765625,,,,,,,,,,,,,,,,,,,,,
2022-06-29 00:00:00+00:00,,19784.7265625,BTC-USD,,20104.0234375,,,,,,,,,,,,,,,,,,,,,
2022-06-30 00:00:00+00:00,,19269.3671875,BTC-USD,,19784.7265625,,,,,,,,,,,,,,,,,,,,,
2022-07-01 00:00:00+00:00,,19242.255859375,BTC-USD,,19269.3671875,,,,,,,,,,,,,,,,,,,,,
2022-07-02 00:00:00+00:00,,19297.076171875,BTC-USD,,19242.255859375,,,,,,,,,,,,,,,,,,,,,
2022-07-03 00:00:00+00:00,,20231.26171875,BTC-USD,,19297.076171875,,,,,,,,,,,,,,,,,,,,,
2022-07-04 00:00:00+00:00,,20190.115234375,BTC-USD,,20231.26171875,,,,,,,,,,,,,,,,,,,,,
2022-07-05 00:00:00+00:00,,20548.24609375,BTC-USD,,20190.115234375,,,,,,,,,,,,,,,,,,,,,
2022-07-06 00:00:00+00:00,,21637.587890625,BTC-USD,,20548.24609375,,,,,,,,,,,,,,,,,,,,,
2022-07-07 00:00:00+00:00,,21731.1171875,BTC-USD,,21637.587890625,,,,,,,,,,,,,,,,,,,,,
2022-07-08 00:00:00+00:00,,21592.20703125,BTC-USD,,21731.1171875,,,,,,,,,,,,,,,,,,,,,
2022-07-09 00:00:00+00:00,,20860.44921875,BTC-USD,,21592.20703125,,,,,,,,,,,,,,,,,,,,,
2022-07-10 00:00:00+00:00,,19970.556640625,BTC-USD,,20860.44921875,,,,,,,,,,,,,,,,,,,,,
2022-07-11 00:00:00+00:00,,19323.9140625,BTC-USD,,19970.556640625,,,,,,,,,,,,,,,,,,,,,
2022-07-12 00:00:00+00:00,,20212.07421875,BTC-USD,,19323.9140625,,,,,,,,,,,,,,,,,,,,,
2022-07-13 00:00:00+00:00,,20569.919921875,BTC-USD,,20212.07421875,,,,,,,,,,,,,,,,,,,,,
2022-07-14 00:00:00+00:00,,20836.328125,BTC-USD,,20569.919921875,,,,,,,,,,,,,,,,,,,,,
2022-07-15 00:00:00+00:00,,21190.31640625,BTC-USD,,20836.328125,,,,,,,,,,,,,,,,,,,,,
2022-07-16 00:00:00+00:00,,20779.34375,BTC-USD,,21190.31640625,,,,,,,,,,,,,,,,,,,,,
2022-07-17 00:00:00+00:00,,22485.689453125,BTC-USD,,20779.34375,,,,,,,,,,,,,,,,,,,,,
2022-07-18 00:00:00+00:00,,23389.43359375,BTC-USD,,22485.689453125,,,,,,,,,,,,,,,,,,,,,
2022-07-19 00:00:00+00:00,,23231.732421875,BTC-USD,,23389.43359375,,,,,,,,,,,,,,,,,,,,,
2022-07-20 00:00:00+00:00,,23164.62890625,BTC-USD,,23231.732421875,,,,,,,,,,,,,,,,,,,,,
2022-07-21 00:00:00+00:00,,22714.978515625,BTC-USD,,23164.62890625,,,,,,,,,,,,,,,,,,,,,
2022-07-22 00:00:00+00:00,,22465.478515625,BTC-USD,,22714.978515625,,,,,,,,,,,,,,,,,,,,,
2022-07-23 00:00:00+00:00,,22609.1640625,BTC-USD,,22465.478515625,,,,,,,,,,,,,,,,,,,,,
2022-07-24 00:00:00+00:00,,21361.701171875,BTC-USD,,22609.1640625,,,,,,,,,,,,,,,,,,,,,
2022-07-25 00:00:00+00:00,,21239.75390625,BTC-USD,,21361.701171875,,,,,,,,,,,,,,,,,,,,,
2022-07-26 00:00:00+00:00,,22930.548828125,BTC-USD,,21239.75390625,,,,,,,,,,,,,,,,,,,,,
2022-07-27 00:00:00+00:00,,23843.88671875,BTC-USD,,22930.548828125,,,,,,,,,,,,,,,,,,,,,
2022-07-28 00:00:00+00:00,,23804.6328125,BTC-USD,,23843.88671875,,,,,,,,,,,,,,,,,,,,,
2022-07-29 00:00:00+00:00,,23656.20703125,BTC-USD,,23804.6328125,,,,,,,,,,,,,,,,,,,,,
2022-07-30 00:00:00+00:00,,23336.896484375,BTC-USD,,23656.20703125,,,,,,,,,,,,,,,,,,,,,
2022-07-31 00:00:00+00:00,,23314.19921875,BTC-USD,,23336.896484375,,,,,,,,,,,,,,,,,,,,,
2022-08-01 00:00:00+00:00,,22978.1171875,BTC-USD,,23314.19921875,,,,,,,,,,,,,,,,,,,,,
2022-08-02 00:00:00+00:00,,22846.5078125,BTC-USD,,22978.1171875,,,,,,,,,,,,,,,,,,,,,
2022-08-03 00:00:00+00:00,,22630.95703125,BTC-USD,,22846.5078125,,,,,,,,,,,,,,,,,,,,,
2022-08-04 00:00:00+00:00,,23289.314453125,BTC-USD,,22630.95703125,,,,,,,,,,,,,,,,,,,,,
2022-08-05 00:00:00+00:00,,22961.279296875,BTC-USD,,23289.314453125,,,,,,,,,,,,,,,,,,,,,
2022-08-06 00:00:00+00:00,,23175.890625,BTC-USD,,22961.279296875,,,,,,,,,,,,,,,,,,,,,
2022-08-07 00:00:00+00:00,,23809.486328125,BTC-USD,,23175.890625,,,,,,,,,,,,,,,,,,,,,
2022-08-08 00:00:00+00:00,,23164.318359375,BTC-USD,,23809.486328125,,,,,,,,,,,,,,,,,,,,,
2022-08-09 00:00:00+00:00,,23947.642578125,BTC-USD,,23164.318359375,,,,,,,,,,,,,,,,,,,,,
2022-08-10 00:00:00+00:00,,23957.529296875,BTC-USD,,23947.642578125,,,,,,,,,,,,,,,,,,,,,
2022-08-11 00:00:00+00:00,,24402.818359375,BTC-USD,,23957.529296875,,,,,,,,,,,,,,,,,,,,,
2022-08-12 00:00:00+00:00,,24424.068359375,BTC-USD,,24402.818359375,,,,,,,,,,,,,,,,,,,,,
2022-08-13 00:00:00+00:00,,24319.333984375,BTC-USD,,24424.068359375,,,,,,,,,,,,,,,,,,,,,
2022-08-14 00:00:00+00:00,,24136.97265625,BTC-USD,,24319.333984375,,,,,,,,,,,,,,,,,,,,,
2022-08-15 00:00:00+00:00,,23883.291015625,BTC-USD,,24136.97265625,,,,,,,,,,,,,,,,,,,,,
2022-08-16 00:00:00+00:00,,23335.998046875,BTC-USD,,23883.291015625,,,,,,,,,,,,,,,,,,,,,
2022-08-17 00:00:00+00:00,,23212.73828125,BTC-USD,,23335.998046875,,,,,,,,,,,,,,,,,,,,,
2022-08-18 00:00:00+00:00,,20877.552734375,BTC-USD,,23212.73828125,,,,,,,,,,,,,,,,,,,,,
2022-08-19 00:00:00+00:00,,21166.060546875,BTC-USD,,20877.552734375,,,,,,,,,,,,,,,,,,,,,
2022-08-20 00:00:00+00:00,,21534.12109375,BTC-USD,,21166.060546875,,,,,,,,,,,,,,,,,,,,,
2022-08-21 00:00:00+00:00,,21398.908203125,BTC-USD,,21534.12109375,,,,,,,,,,,,,,,,,,,,,
2022-08-22 00:00:00+00:00,,21528.087890625,BTC-USD,,21398.908203125,,,,,,,,,,,,,,,,,,,,,
2022-08-23 00:00:00+00:00,,21395.01953125,BTC-USD,,21528.087890625,,,,,,,,,,,,,,,,,,,,,
2022-08-24 00:00:00+00:00,,21600.904296875,BTC-USD,,21395.01953125,,,,,,,,,,,,,,,,,,,,,
2022-08-25 00:00:00+00:00,,20260.01953125,BTC-USD,,21600.904296875,,,,,,,,,,,,,,,,,,,,,
2022-08-26 00:00:00+00:00,,20041.73828125,BTC-USD,,20260.01953125,,,,,,,,,,,,,,,,,,,,,
2022-08-27 00:00:00+00:00,,19616.814453125,BTC-USD,,20041.73828125,,,,,,,,,,,,,,,,,,,,,
2022-08-28 00:00:00+00:00,,20297.994140625,BTC-USD,,19616.814453125,,,,,,,,,,,,,,,,,,,,,
2022-08-29 00:00:00+00:00,,19796.80859375,BTC-USD,,20297.994140625,,,,,,,,,,,,,,,,,,,,,
2022-08-30 00:00:00+00:00,,20049.763671875,BTC-USD,,19796.80859375,,,,,,,,,,,,,,,,,,,,,
2022-08-31 00:00:00+00:00,,20127.140625,BTC-USD,,20049.763671875,,,,,,,,,,,,,,,,,,,,,
2022-09-01 00:00:00+00:00,,19969.771484375,BTC-USD,,20127.140625,,,,,,,,,,,,,,,,,,,,,
2022-09-02 00:00:00+00:00,,19832.087890625,BTC-USD,,19969.771484375,,,,,,,,,,,,,,,,,,,,,
2022-09-03 00:00:00+00:00,,19986.712890625,BTC-USD,,19832.087890625,,,,,,,,,,,,,,,,,,,,,
2022-09-04 00:00:00+00:00,,19812.37109375,BTC-USD,,19986.712890625,,,,,,,,,,,,,,,,,,,,,
2022-09-05 00:00:00+00:00,,18837.66796875,BTC-USD,,19812.37109375,,,,,,,,,,,,,,,,,,,,,
2022-09-06 00:00:00+00:00,,19290.32421875,BTC-USD,,18837.66796875,,,,,,,,,,,,,,,,,,,,,
2022-09-07 00:00:00+00:00,,19329.833984375,BTC-USD,,19290.32421875,,,,,,,,,,,,,,,,,,,,,
2022-09-08 00:00:00+00:00,,21381.15234375,BTC-USD,,19329.833984375,,,,,,,,,,,,,,,,,,,,,
2022-09-09 00:00:00+00:00,,21680.5390625,BTC-USD,,21381.15234375,,,,,,,,,,,,,,,,,,,,,
2022-09-10 00:00:00+00:00,,21769.255859375,BTC-USD,,21680.5390625,,,,,,,,,,,,,,,,,,,,,
2022-09-11 00:00:00+00:00,,22370.44921875,BTC-USD,,21769.255859375,,,,,,,,,,,,,,,,,,,,,
2022-09-12 00:00:00+00:00,,20296.70703125,BTC-USD,,22370.44921875,,,,,,,,,,,,,,,,,,,,,
2022-09-13 00:00:00+00:00,,20241.08984375,BTC-USD,,20296.70703125,,,,,,,,,,,,,,,,,,,,,
2022-09-14 00:00:00+00:00,,19701.2109375,BTC-USD,,20241.08984375,,,,,,,,,,,,,,,,,,,,,
2022-09-15 00:00:00+00:00,,19772.583984375,BTC-USD,,19701.2109375,,,,,,,,,,,,,,,,,,,,,
2022-09-16 00:00:00+00:00,,20127.576171875,BTC-USD,,19772.583984375,,,,,,,,,,,,,,,,,,,,,
2022-09-17 00:00:00+00:00,,19419.505859375,BTC-USD,,20127.576171875,,,,,,,,,,,,,,,,,,,,,
2022-09-18 00:00:00+00:00,,19544.12890625,BTC-USD,,19419.505859375,,,,,,,,,,,,,,,,,,,,,
2022-09-19 00:00:00+00:00,,18890.7890625,BTC-USD,,19544.12890625,,,,,,,,,,,,,,,,,,,,,
2022-09-20 00:00:00+00:00,,18547.400390625,BTC-USD,,18890.7890625,,,,,,,,,,,,,,,,,,,,,
2022-09-21 00:00:00+00:00,,19413.55078125,BTC-USD,,18547.400390625,,,,,,,,,,,,,,,,,,,,,
2022-09-22 00:00:00+00:00,,19297.638671875,BTC-USD,,19413.55078125,,,,,,,,,,,,,,,,,,,,,
2022-09-23 00:00:00+00:00,,18937.01171875,BTC-USD,,19297.638671875,,,,,,,,,,,,,,,,,,,,,
2022-09-24 00:00:00+00:00,,18802.09765625,BTC-USD,,18937.01171875,,,,,,,,,,,,,,,,,,,,,
2022-09-25 00:00:00+00:00,,19222.671875,BTC-USD,,18802.09765625,,,,,,,,,,,,,,,,,,,,,
2022-09-26 00:00:00+00:00,,19110.546875,BTC-USD,,19222.671875,,,,,,,,,,,,,,,,,,,,,
2022-09-27 00:00:00+00:00,,19426.720703125,BTC-USD,,19110.546875,,,,,,,,,,,,,,,,,,,,,
2022-09-28 00:00:00+00:00,,19573.05078125,BTC-USD,,19426.720703125,,,,,,,,,,,,,,,,,,,,,
2022-09-29 00:00:00+00:00,,19431.7890625,BTC-USD,,19573.05078125,,,,,,,,,,,,,,,,,,,,,
2022-09-30 00:00:00+00:00,,19312.095703125,BTC-USD,,19431.7890625,,,,,,,,,,,,,,,,,,,,,
2022-10-01 00:00:00+00:00,,19044.107421875,BTC-USD,,19312.095703125,,,,,,,,,,,,,,,,,,,,,
2022-10-02 00:00:00+00:00,,19623.580078125,BTC-USD,,19044.107421875,,,,,,,,,,,,,,,,,,,,,
2022-10-03 00:00:00+00:00,,20336.84375,BTC-USD,,19623.580078125,,,,,,,,,,,,,,,,,,,,,
2022-10-04 00:00:00+00:00,,20160.716796875,BTC-USD,,20336.84375,,,,,,,,,,,,,,,,,,,,,
2022-10-05 00:00:00+00:00,,19955.443359375,BTC-USD,,20160.716796875,,,,,,,,,,,,,,,,,,,,,
2022-10-06 00:00:00+00:00,,19546.849609375,BTC-USD,,19955.443359375,,,,,,,,,,,,,,,,,,,,,
2022-10-07 00:00:00+00:00,,19416.568359375,BTC-USD,,19546.849609375,,,,,,,,,,,,,,,,,,,,,
2022-10-08 00:00:00+00:00,,19446.42578125,BTC-USD,,19416.568359375,,,,,,,,,,,,,,,,,,,,,
2022-10-09 00:00:00+00:00,,19141.484375,BTC-USD,,19446.42578125,,,,,,,,,,,,,,,,,,,,,
2022-10-10 00:00:00+00:00,,19051.41796875,BTC-USD,,19141.484375,,,,,,,,,,,,,,,,,,,,,
2022-10-11 00:00:00+00:00,,19157.4453125,BTC-USD,,19051.41796875,,,,,,,,,,,,,,,,,,,,,
2022-10-12 00:00:00+00:00,,19382.904296875,BTC-USD,,19157.4453125,,,,,,,,,,,,,,,,,,,,,
2022-10-13 00:00:00+00:00,,19185.65625,BTC-USD,,19382.904296875,,,,,,,,,,,,,,,,,,,,,
2022-10-14 00:00:00+00:00,,19067.634765625,BTC-USD,,19185.65625,,,,,,,,,,,,,,,,,,,,,
2022-10-15 00:00:00+00:00,,19268.09375,BTC-USD,,19067.634765625,,,,,,,,,,,,,,,,,,,,,
2022-10-16 00:00:00+00:00,,19550.7578125,BTC-USD,,19268.09375,,,,,,,,,,,,,,,,,,,,,
2022-10-17 00:00:00+00:00,,19334.416015625,BTC-USD,,19550.7578125,,,,,,,,,,,,,,,,,,,,,
2022-10-18 00:00:00+00:00,,19139.53515625,BTC-USD,,19334.416015625,,,,,,,,,,,,,,,,,,,,,
2022-10-19 00:00:00+00:00,,19053.740234375,BTC-USD,,19139.53515625,,,,,,,,,,,,,,,,,,,,,
2022-10-20 00:00:00+00:00,,19172.46875,BTC-USD,,19053.740234375,,,,,,,,,,,,,,,,,,,,,
2022-10-21 00:00:00+00:00,,19208.189453125,BTC-USD,,19172.46875,,,,,,,,,,,,,,,,,,,,,
2022-10-22 00:00:00+00:00,,19567.0078125,BTC-USD,,19208.189453125,,,,,,,,,,,,,,,,,,,,,
2022-10-23 00:00:00+00:00,,19345.572265625,BTC-USD,,19567.0078125,,,,,,,,,,,,,,,,,,,,,
2022-10-24 00:00:00+00:00,,20095.857421875,BTC-USD,,19345.572265625,,,,,,,,,,,,,,,,,,,,,
2022-10-25 00:00:00+00:00,,20770.44140625,BTC-USD,,20095.857421875,,,,,,,,,,,,,,,,,,,,,
2022-10-26 00:00:00+00:00,,20285.8359375,BTC-USD,,20770.44140625,,,,,,,,,,,,,,,,,,,,,
2022-10-27 00:00:00+00:00,,20595.3515625,BTC-USD,,20285.8359375,,,,,,,,,,,,,,,,,,,,,
2022-10-28 00:00:00+00:00,,20818.4765625,BTC-USD,,20595.3515625,,,,,,,,,,,,,,,,,,,,,
2022-10-29 00:00:00+00:00,,20635.603515625,BTC-USD,,20818.4765625,,,,,,,,,,,,,,,,,,,,,
2022-10-30 00:00:00+00:00,,20495.7734375,BTC-USD,,20635.603515625,,,,,,,,,,,,,,,,,,,,,
2022-10-31 00:00:00+00:00,,20485.2734375,BTC-USD,,20495.7734375,,,,,,,,,,,,,,,,,,,,,
2022-11-01 00:00:00+00:00,,20159.50390625,BTC-USD,,20485.2734375,,,,,,,,,,,,,,,,,,,,,
2022-11-02 00:00:00+00:00,,20209.98828125,BTC-USD,,20159.50390625,,,,,,,,,,,,,,,,,,,,,
2022-11-03 00:00:00+00:00,,21147.23046875,BTC-USD,,20209.98828125,,,,,,,,,,,,,,,,,,,,,
2022-11-04 00:00:00+00:00,,21282.69140625,BTC-USD,,21147.23046875,,,,,,,,,,,,,,,,,,,,,
2022-11-05 00:00:00+00:00,,20926.486328125,BTC-USD,,21282.69140625,,,,,,,,,,,,,,,,,,,,,
2022-11-06 00:00:00+00:00,,20602.81640625,BTC-USD,,20926.486328125,,,,,,,,,,,,,,,,,,,,,
2022-11-07 00:00:00+00:00,,18541.271484375,BTC-USD,,20602.81640625,,,,,,,,,,,,,,,,,,,,,
2022-11-08 00:00:00+00:00,,15880.7802734375,BTC-USD,,18541.271484375,,,,,,,,,,,,,,,,,,,,,
2022-11-09 00:00:00+00:00,,17586.771484375,BTC-USD,,15880.7802734375,,,,,,,,,,,,,,,,,,,,,
2022-11-10 00:00:00+00:00,,17034.29296875,BTC-USD,,17586.771484375,,,,,,,,,,,,,,,,,,,,,
2022-11-11 00:00:00+00:00,,16799.185546875,BTC-USD,,17034.29296875,,,,,,,,,,,,,,,,,,,,,
2022-11-12 00:00:00+00:00,,16353.365234375,BTC-USD,,16799.185546875,,,,,,,,,,,,,,,,,,,,,
2022-11-13 00:00:00+00:00,,16618.19921875,BTC-USD,,16353.365234375,,,,,,,,,,,,,,,,,,,,,
2022-11-14 00:00:00+00:00,,16884.61328125,BTC-USD,,16618.19921875,,,,,,,,,,,,,,,,,,,,,
2022-11-15 00:00:00+00:00,,16669.439453125,BTC-USD,,16884.61328125,,,,,,,,,,,,,,,,,,,,,
2022-11-16 00:00:00+00:00,,16687.517578125,BTC-USD,,16669.439453125,,,,,,,,,,,,,,,,,,,,,
2022-11-17 00:00:00+00:00,,16697.77734375,BTC-USD,,16687.517578125,,,,,,,,,,,,,,,,,,,,,
2022-11-18 00:00:00+00:00,,16711.546875,BTC-USD,,16697.77734375,,,,,,,,,,,,,,,,,,,,,
2022-11-19 00:00:00+00:00,,16291.83203125,BTC-USD,,16711.546875,,,,,,,,,,,,,,,,,,,,,
2022-11-20 00:00:00+00:00,,15787.2841796875,BTC-USD,,16291.83203125,,,,,,,,,,,,,,,,,,,,,
2022-11-21 00:00:00+00:00,,16189.76953125,BTC-USD,,15787.2841796875,,,,,,,,,,,,,,,,,,,,,
2022-11-22 00:00:00+00:00,,16610.70703125,BTC-USD,,16189.76953125,,,,,,,,,,,,,,,,,,,,,
2022-11-23 00:00:00+00:00,,16604.46484375,BTC-USD,,16610.70703125,,,,,,,,,,,,,,,,,,,,,
2022-11-24 00:00:00+00:00,,16521.841796875,BTC-USD,,16604.46484375,,,,,,,,,,,,,,,,,,,,,
2022-11-25 00:00:00+00:00,,16464.28125,BTC-USD,,16521.841796875,,,,,,,,,,,,,,,,,,,,,
2022-11-26 00:00:00+00:00,,16444.626953125,BTC-USD,,16464.28125,,,,,,,,,,,,,,,,,,,,,
2022-11-27 00:00:00+00:00,,16217.322265625,BTC-USD,,16444.626953125,,,,,,,,,,,,,,,,,,,,,
2022-11-28 00:00:00+00:00,,16444.982421875,BTC-USD,,16217.322265625,,,,,,,,,,,,,,,,,,,,,
2022-11-29 00:00:00+00:00,,17168.56640625,BTC-USD,,16444.982421875,,,,,,,,,,,,,,,,,,,,,
2022-11-30 00:00:00+00:00,,16967.1328125,BTC-USD,,17168.56640625,,,,,,,,,,,,,,,,,,,,,
2022-12-01 00:00:00+00:00,,17088.66015625,BTC-USD,,16967.1328125,,,,,,,,,,,,,,,,,,,,,
2022-12-02 00:00:00+00:00,,16908.236328125,BTC-USD,,17088.66015625,,,,,,,,,,,,,,,,,,,,,
2022-12-03 00:00:00+00:00,,17130.486328125,BTC-USD,,16908.236328125,,,,,,,,,,,,,,,,,,,,,
2022-12-04 00:00:00+00:00,,16974.826171875,BTC-USD,,17130.486328125,,,,,,,,,,,,,,,,,,,,,
2022-12-05 00:00:00+00:00,,17089.50390625,BTC-USD,,16974.826171875,,,,,,,,,,,,,,,,,,,,,
2022-12-06 00:00:00+00:00,,16848.126953125,BTC-USD,,17089.50390625,,,,,,,,,,,,,,,,,,,,,
2022-12-07 00:00:00+00:00,,17233.474609375,BTC-USD,,16848.126953125,,,,,,,,,,,,,,,,,,,,,
2022-12-08 00:00:00+00:00,,17133.15234375,BTC-USD,,17233.474609375,,,,,,,,,,,,,,,,,,,,,
2022-12-09 00:00:00+00:00,,17128.724609375,BTC-USD,,17133.15234375,,,,,,,,,,,,,,,,,,,,,
2022-12-10 00:00:00+00:00,,17104.193359375,BTC-USD,,17128.724609375,,,,,,,,,,,,,,,,,,,,,
2022-12-11 00:00:00+00:00,,17206.4375,BTC-USD,,17104.193359375,,,,,,,,,,,,,,,,,,,,,
2022-12-12 00:00:00+00:00,,17781.318359375,BTC-USD,,17206.4375,,,,,,,,,,,,,,,,,,,,,
2022-12-13 00:00:00+00:00,,17815.650390625,BTC-USD,,17781.318359375,,,,,,,,,,,,,,,,,,,,,
2022-12-14 00:00:00+00:00,,17364.865234375,BTC-USD,,17815.650390625,,,,,,,,,,,,,,,,,,,,,
2022-12-15 00:00:00+00:00,,16647.484375,BTC-USD,,17364.865234375,,,,,,,,,,,,,,,,,,,,,
2022-12-16 00:00:00+00:00,,16795.091796875,BTC-USD,,16647.484375,,,,,,,,,,,,,,,,,,,,,
2022-12-17 00:00:00+00:00,,16757.9765625,BTC-USD,,16795.091796875,,,,,,,,,,,,,,,,,,,,,
2022-12-18 00:00:00+00:00,,16439.6796875,BTC-USD,,16757.9765625,,,,,,,,,,,,,,,,,,,,,
2022-12-19 00:00:00+00:00,,16906.3046875,BTC-USD,,16439.6796875,,,,,,,,,,,,,,,,,,,,,
2022-12-20 00:00:00+00:00,,16817.53515625,BTC-USD,,16906.3046875,,,,,,,,,,,,,,,,,,,,,
2022-12-21 00:00:00+00:00,,16830.341796875,BTC-USD,,16817.53515625,,,,,,,,,,,,,,,,,,,,,
2022-12-22 00:00:00+00:00,,16796.953125,BTC-USD,,16830.341796875,,,,,,,,,,,,,,,,,,,,,
2022-12-23 00:00:00+00:00,,16847.755859375,BTC-USD,,16796.953125,,,,,,,,,,,,,,,,,,,,,
2022-12-24 00:00:00+00:00,,16841.986328125,BTC-USD,,16847.755859375,,,,,,,,,,,,,,,,,,,,,
2022-12-25 00:00:00+00:00,,16919.8046875,BTC-USD,,16841.986328125,,,,,,,,,,,,,,,,,,,,,
2022-12-26 00:00:00+00:00,,16717.173828125,BTC-USD,,16919.8046875,,,,,,,,,,,,,,,,,,,,,
2022-12-27 00:00:00+00:00,,16552.572265625,BTC-USD,,16717.173828125,,,,,,,,,,,,,,,,,,,,,
2022-12-28 00:00:00+00:00,,16642.341796875,BTC-USD,,16552.572265625,,,,,,,,,,,,,,,,,,,,,
2022-12-29 00:00:00+00:00,,16602.5859375,BTC-USD,,16642.341796875,,,,,,,,,,,,,,,,,,,,,
2022-12-30 00:00:00+00:00,,16547.49609375,BTC-USD,,16602.5859375,,,,,,,,,,,,,,,,,,,,,
2022-12-31 00:00:00+00:00,,,BTC-USD,,16547.49609375,,,,,,,,,,,,,,,,,,,,,
2022-01-01 00:00:00+00:00,,3829.56494140625,ETH-USD,,,3769.697021484375,,,,,,,,,,,,,,,,,,,,
2022-01-02 00:00:00+00:00,,3761.38037109375,ETH-USD,,,3829.56494140625,,,,,,,,,,,,,,,,,,,,
2022-01-03 00:00:00+00:00,,3794.056640625,ETH-USD,,,3761.38037109375,,,,,,,,,,,,,,,,,,,,
2022-01-04 00:00:00+00:00,,3550.386962890625,ETH-USD,,,3794.056640625,,,,,,,,,,,,,,,,,,,,
2022-01-05 00:00:00+00:00,,3418.408203125,ETH-USD,,,3550.386962890625,,,,,,,,,,,,,,,,,,,,
2022-01-06 00:00:00+00:00,,3193.21044921875,ETH-USD,,,3418.408203125,,,,,,,,,,,,,,,,,,,,
2022-01-07 00:00:00+00:00,,3091.97265625,ETH-USD,,,3193.21044921875,,,,,,,,,,,,,,,,,,,,
2022-01-08 00:00:00+00:00,,3157.75146484375,ETH-USD,,,3091.97265625,,,,,,,,,,,,,,,,,,,,
2022-01-09 00:00:00+00:00,,3083.097900390625,ETH-USD,,,3157.75146484375,,,,,,,,,,,,,,,,,,,,
2022-01-10 00:00:00+00:00,,3238.111572265625,ETH-USD,,,3083.097900390625,,,,,,,,,,,,,,,,,,,,
2022-01-11 00:00:00+00:00,,3372.25830078125,ETH-USD,,,3238.111572265625,,,,,,,,,,,,,,,,,,,,
2022-01-12 00:00:00+00:00,,3248.28857421875,ETH-USD,,,3372.25830078125,,,,,,,,,,,,,,,,,,,,
2022-01-13 00:00:00+00:00,,3310.00146484375,ETH-USD,,,3248.28857421875,,,,,,,,,,,,,,,,,,,,
2022-01-14 00:00:00+00:00,,3330.53076171875,ETH-USD,,,3310.00146484375,,,,,,,,,,,,,,,,,,,,
2022-01-15 00:00:00+00:00,,3350.921875,ETH-USD,,,3330.53076171875,,,,,,,,,,,,,,,,,,,,
2022-01-16 00:00:00+00:00,,3212.304931640625,ETH-USD,,,3350.921875,,,,,,,,,,,,,,,,,,,,
2022-01-17 00:00:00+00:00,,3164.025146484375,ETH-USD,,,3212.304931640625,,,,,,,,,,,,,,,,,,,,
2022-01-18 00:00:00+00:00,,3095.825927734375,ETH-USD,,,3164.025146484375,,,,,,,,,,,,,,,,,,,,
2022-01-19 00:00:00+00:00,,3001.1201171875,ETH-USD,,,3095.825927734375,,,,,,,,,,,,,,,,,,,,
2022-01-20 00:00:00+00:00,,2557.931640625,ETH-USD,,,3001.1201171875,,,,,,,,,,,,,,,,,,,,
2022-01-21 00:00:00+00:00,,2405.18115234375,ETH-USD,,,2557.931640625,,,,,,,,,,,,,,,,,,,,
2022-01-22 00:00:00+00:00,,2535.0390625,ETH-USD,,,2405.18115234375,,,,,,,,,,,,,,,,,,,,
2022-01-23 00:00:00+00:00,,2440.352294921875,ETH-USD,,,2535.0390625,,,,,,,,,,,,,,,,,,,,
2022-01-24 00:00:00+00:00,,2455.93505859375,ETH-USD,,,2440.352294921875,,,,,,,,,,,,,,,,,,,,
2022-01-25 00:00:00+00:00,,2468.0302734375,ETH-USD,,,2455.93505859375,,,,,,,,,,,,,,,,,,,,
2022-01-26 00:00:00+00:00,,2423.001220703125,ETH-USD,,,2468.0302734375,,,,,,,,,,,,,,,,,,,,
2022-01-27 00:00:00+00:00,,2547.092041015625,ETH-USD,,,2423.001220703125,,,,,,,,,,,,,,,,,,,,
2022-01-28 00:00:00+00:00,,2597.084716796875,ETH-USD,,,2547.092041015625,,,,,,,,,,,,,,,,,,,,
2022-01-29 00:00:00+00:00,,2603.466552734375,ETH-USD,,,2597.084716796875,,,,,,,,,,,,,,,,,,,,
2022-01-30 00:00:00+00:00,,2688.27880859375,ETH-USD,,,2603.466552734375,,,,,,,,,,,,,,,,,,,,
2022-01-31 00:00:00+00:00,,2792.1171875,ETH-USD,,,2688.27880859375,,,,,,,,,,,,,,,,,,,,
2022-02-01 00:00:00+00:00,,2682.85400390625,ETH-USD,,,2792.1171875,,,,,,,,,,,,,,,,,,,,
2022-02-02 00:00:00+00:00,,2679.16259765625,ETH-USD,,,2682.85400390625,,,,,,,,,,,,,,,,,,,,
2022-02-03 00:00:00+00:00,,2983.5869140625,ETH-USD,,,2679.16259765625,,,,,,,,,,,,,,,,,,,,
2022-02-04 00:00:00+00:00,,3014.648193359375,ETH-USD,,,2983.5869140625,,,,,,,,,,,,,,,,,,,,
2022-02-05 00:00:00+00:00,,3057.47607421875,ETH-USD,,,3014.648193359375,,,,,,,,,,,,,,,,,,,,
2022-02-06 00:00:00+00:00,,3142.470703125,ETH-USD,,,3057.47607421875,,,,,,,,,,,,,,,,,,,,
2022-02-07 00:00:00+00:00,,3122.608642578125,ETH-USD,,,3142.470703125,,,,,,,,,,,,,,,,,,,,
2022-02-08 00:00:00+00:00,,3239.45703125,ETH-USD,,,3122.608642578125,,,,,,,,,,,,,,,,,,,,
2022-02-09 00:00:00+00:00,,3077.482177734375,ETH-USD,,,3239.45703125,,,,,,,,,,,,,,,,,,,,
2022-02-10 00:00:00+00:00,,2927.383544921875,ETH-USD,,,3077.482177734375,,,,,,,,,,,,,,,,,,,,
2022-02-11 00:00:00+00:00,,2917.36279296875,ETH-USD,,,2927.383544921875,,,,,,,,,,,,,,,,,,,,
2022-02-12 00:00:00+00:00,,2883.46337890625,ETH-USD,,,2917.36279296875,,,,,,,,,,,,,,,,,,,,
2022-02-13 00:00:00+00:00,,2933.47900390625,ETH-USD,,,2883.46337890625,,,,,,,,,,,,,,,,,,,,
2022-02-14 00:00:00+00:00,,3179.877197265625,ETH-USD,,,2933.47900390625,,,,,,,,,,,,,,,,,,,,
2022-02-15 00:00:00+00:00,,3127.830078125,ETH-USD,,,3179.877197265625,,,,,,,,,,,,,,,,,,,,
2022-02-16 00:00:00+00:00,,2881.48193359375,ETH-USD,,,3127.830078125,,,,,,,,,,,,,,,,,,,,
2022-02-17 00:00:00+00:00,,2785.7275390625,ETH-USD,,,2881.48193359375,,,,,,,,,,,,,,,,,,,,
2022-02-18 00:00:00+00:00,,2763.701171875,ETH-USD,,,2785.7275390625,,,,,,,,,,,,,,,,,,,,
2022-02-19 00:00:00+00:00,,2628.6484375,ETH-USD,,,2763.701171875,,,,,,,,,,,,,,,,,,,,
2022-02-20 00:00:00+00:00,,2573.816162109375,ETH-USD,,,2628.6484375,,,,,,,,,,,,,,,,,,,,
2022-02-21 00:00:00+00:00,,2639.29931640625,ETH-USD,,,2573.816162109375,,,,,,,,,,,,,,,,,,,,
2022-02-22 00:00:00+00:00,,2590.359619140625,ETH-USD,,,2639.29931640625,,,,,,,,,,,,,,,,,,,,
2022-02-23 00:00:00+00:00,,2598.067138671875,ETH-USD,,,2590.359619140625,,,,,,,,,,,,,,,,,,,,
2022-02-24 00:00:00+00:00,,2764.53564453125,ETH-USD,,,2598.067138671875,,,,,,,,,,,,,,,,,,,,
2022-02-25 00:00:00+00:00,,2781.11181640625,ETH-USD,,,2764.53564453125,,,,,,,,,,,,,,,,,,,,
2022-02-26 00:00:00+00:00,,2621.8017578125,ETH-USD,,,2781.11181640625,,,,,,,,,,,,,,,,,,,,
2022-02-27 00:00:00+00:00,,2919.201171875,ETH-USD,,,2621.8017578125,,,,,,,,,,,,,,,,,,,,
2022-02-28 00:00:00+00:00,,2972.485107421875,ETH-USD,,,2919.201171875,,,,,,,,,,,,,,,,,,,,
2022-03-01 00:00:00+00:00,,2950.118408203125,ETH-USD,,,2972.485107421875,,,,,,,,,,,,,,,,,,,,
2022-03-02 00:00:00+00:00,,2834.468994140625,ETH-USD,,,2950.118408203125,,,,,,,,,,,,,,,,,,,,
2022-03-03 00:00:00+00:00,,2617.156005859375,ETH-USD,,,2834.468994140625,,,,,,,,,,,,,,,,,,,,
2022-03-04 00:00:00+00:00,,2664.8310546875,ETH-USD,,,2617.156005859375,,,,,,,,,,,,,,,,,,,,
2022-03-05 00:00:00+00:00,,2555.037353515625,ETH-USD,,,2664.8310546875,,,,,,,,,,,,,,,,,,,,
2022-03-06 00:00:00+00:00,,2497.771240234375,ETH-USD,,,2555.037353515625,,,,,,,,,,,,,,,,,,,,
2022-03-07 00:00:00+00:00,,2576.74755859375,ETH-USD,,,2497.771240234375,,,,,,,,,,,,,,,,,,,,
2022-03-08 00:00:00+00:00,,2729.783447265625,ETH-USD,,,2576.74755859375,,,,,,,,,,,,,,,,,,,,
2022-03-09 00:00:00+00:00,,2608.048583984375,ETH-USD,,,2729.783447265625,,,,,,,,,,,,,,,,,,,,
2022-03-10 00:00:00+00:00,,2559.56298828125,ETH-USD,,,2608.048583984375,,,,,,,,,,,,,,,,,,,,
2022-03-11 00:00:00+00:00,,2574.754150390625,ETH-USD,,,2559.56298828125,,,,,,,,,,,,,,,,,,,,
2022-03-12 00:00:00+00:00,,2518.944580078125,ETH-USD,,,2574.754150390625,,,,,,,,,,,,,,,,,,,,
2022-03-13 00:00:00+00:00,,2590.696044921875,ETH-USD,,,2518.944580078125,,,,,,,,,,,,,,,,,,,,
2022-03-14 00:00:00+00:00,,2620.149658203125,ETH-USD,,,2590.696044921875,,,,,,,,,,,,,,,,,,,,
2022-03-15 00:00:00+00:00,,2772.0556640625,ETH-USD,,,2620.149658203125,,,,,,,,,,,,,,,,,,,,
2022-03-16 00:00:00+00:00,,2814.8544921875,ETH-USD,,,2772.0556640625,,,,,,,,,,,,,,,,,,,,
2022-03-17 00:00:00+00:00,,2945.343017578125,ETH-USD,,,2814.8544921875,,,,,,,,,,,,,,,,,,,,
2022-03-18 00:00:00+00:00,,2946.257080078125,ETH-USD,,,2945.343017578125,,,,,,,,,,,,,,,,,,,,
2022-03-19 00:00:00+00:00,,2860.459228515625,ETH-USD,,,2946.257080078125,,,,,,,,,,,,,,,,,,,,
2022-03-20 00:00:00+00:00,,2897.9765625,ETH-USD,,,2860.459228515625,,,,,,,,,,,,,,,,,,,,
2022-03-21 00:00:00+00:00,,2973.131103515625,ETH-USD,,,2897.9765625,,,,,,,,,,,,,,,,,,,,
2022-03-22 00:00:00+00:00,,3031.067138671875,ETH-USD,,,2973.131103515625,,,,,,,,,,,,,,,,,,,,
2022-03-23 00:00:00+00:00,,3108.06201171875,ETH-USD,,,3031.067138671875,,,,,,,,,,,,,,,,,,,,
2022-03-24 00:00:00+00:00,,3106.67138671875,ETH-USD,,,3108.06201171875,,,,,,,,,,,,,,,,,,,,
2022-03-25 00:00:00+00:00,,3143.178955078125,ETH-USD,,,3106.67138671875,,,,,,,,,,,,,,,,,,,,
2022-03-26 00:00:00+00:00,,3291.57763671875,ETH-USD,,,3143.178955078125,,,,,,,,,,,,,,,,,,,,
2022-03-27 00:00:00+00:00,,3336.634521484375,ETH-USD,,,3291.57763671875,,,,,,,,,,,,,,,,,,,,
2022-03-28 00:00:00+00:00,,3401.98779296875,ETH-USD,,,3336.634521484375,,,,,,,,,,,,,,,,,,,,
2022-03-29 00:00:00+00:00,,3385.157958984375,ETH-USD,,,3401.98779296875,,,,,,,,,,,,,,,,,,,,
2022-03-30 00:00:00+00:00,,3281.642822265625,ETH-USD,,,3385.157958984375,,,,,,,,,,,,,,,,,,,,
2022-03-31 00:00:00+00:00,,3449.55224609375,ETH-USD,,,3281.642822265625,,,,,,,,,,,,,,,,,,,,
2022-04-01 00:00:00+00:00,,3445.059326171875,ETH-USD,,,3449.55224609375,,,,,,,,,,,,,,,,,,,,
2022-04-02 00:00:00+00:00,,3522.83349609375,ETH-USD,,,3445.059326171875,,,,,,,,,,,,,,,,,,,,
2022-04-03 00:00:00+00:00,,3521.2412109375,ETH-USD,,,3522.83349609375,,,,,,,,,,,,,,,,,,,,
2022-04-04 00:00:00+00:00,,3411.79248046875,ETH-USD,,,3521.2412109375,,,,,,,,,,,,,,,,,,,,
2022-04-05 00:00:00+00:00,,3171.69189453125,ETH-USD,,,3411.79248046875,,,,,,,,,,,,,,,,,,,,
2022-04-06 00:00:00+00:00,,3233.274658203125,ETH-USD,,,3171.69189453125,,,,,,,,,,,,,,,,,,,,
2022-04-07 00:00:00+00:00,,3192.073974609375,ETH-USD,,,3233.274658203125,,,,,,,,,,,,,,,,,,,,
2022-04-08 00:00:00+00:00,,3261.916259765625,ETH-USD,,,3192.073974609375,,,,,,,,,,,,,,,,,,,,
2022-04-09 00:00:00+00:00,,3211.866943359375,ETH-USD,,,3261.916259765625,,,,,,,,,,,,,,,,,,,,
2022-04-10 00:00:00+00:00,,2981.05224609375,ETH-USD,,,3211.866943359375,,,,,,,,,,,,,,,,,,,,
2022-04-11 00:00:00+00:00,,3030.37646484375,ETH-USD,,,2981.05224609375,,,,,,,,,,,,,,,,,,,,
2022-04-12 00:00:00+00:00,,3118.34423828125,ETH-USD,,,3030.37646484375,,,,,,,,,,,,,,,,,,,,
2022-04-13 00:00:00+00:00,,3019.909423828125,ETH-USD,,,3118.34423828125,,,,,,,,,,,,,,,,,,,,
2022-04-14 00:00:00+00:00,,3040.91650390625,ETH-USD,,,3019.909423828125,,,,,,,,,,,,,,,,,,,,
2022-04-15 00:00:00+00:00,,3062.310302734375,ETH-USD,,,3040.91650390625,,,,,,,,,,,,,,,,,,,,
2022-04-16 00:00:00+00:00,,2993.4033203125,ETH-USD,,,3062.310302734375,,,,,,,,,,,,,,,,,,,,
2022-04-17 00:00:00+00:00,,3057.606689453125,ETH-USD,,,2993.4033203125,,,,,,,,,,,,,,,,,,,,
2022-04-18 00:00:00+00:00,,3104.1064453125,ETH-USD,,,3057.606689453125,,,,,,,,,,,,,,,,,,,,
2022-04-19 00:00:00+00:00,,3077.745849609375,ETH-USD,,,3104.1064453125,,,,,,,,,,,,,,,,,,,,
2022-04-20 00:00:00+00:00,,2987.480712890625,ETH-USD,,,3077.745849609375,,,,,,,,,,,,,,,,,,,,
2022-04-21 00:00:00+00:00,,2964.835693359375,ETH-USD,,,2987.480712890625,,,,,,,,,,,,,,,,,,,,
2022-04-22 00:00:00+00:00,,2938.114013671875,ETH-USD,,,2964.835693359375,,,,,,,,,,,,,,,,,,,,
2022-04-23 00:00:00+00:00,,2922.732666015625,ETH-USD,,,2938.114013671875,,,,,,,,,,,,,,,,,,,,
2022-04-24 00:00:00+00:00,,3009.3935546875,ETH-USD,,,2922.732666015625,,,,,,,,,,,,,,,,,,,,
2022-04-25 00:00:00+00:00,,2808.29833984375,ETH-USD,,,3009.3935546875,,,,,,,,,,,,,,,,,,,,
2022-04-26 00:00:00+00:00,,2888.9296875,ETH-USD,,,2808.29833984375,,,,,,,,,,,,,,,,,,,,
2022-04-27 00:00:00+00:00,,2936.94091796875,ETH-USD,,,2888.9296875,,,,,,,,,,,,,,,,,,,,
2022-04-28 00:00:00+00:00,,2815.601806640625,ETH-USD,,,2936.94091796875,,,,,,,,,,,,,,,,,,,,
2022-04-29 00:00:00+00:00,,2730.186767578125,ETH-USD,,,2815.601806640625,,,,,,,,,,,,,,,,,,,,
2022-04-30 00:00:00+00:00,,2827.756103515625,ETH-USD,,,2730.186767578125,,,,,,,,,,,,,,,,,,,,
2022-05-01 00:00:00+00:00,,2857.410400390625,ETH-USD,,,2827.756103515625,,,,,,,,,,,,,,,,,,,,
2022-05-02 00:00:00+00:00,,2783.476318359375,ETH-USD,,,2857.410400390625,,,,,,,,,,,,,,,,,,,,
2022-05-03 00:00:00+00:00,,2940.644775390625,ETH-USD,,,2783.476318359375,,,,,,,,,,,,,,,,,,,,
2022-05-04 00:00:00+00:00,,2749.213134765625,ETH-USD,,,2940.644775390625,,,,,,,,,,,,,,,,,,,,
2022-05-05 00:00:00+00:00,,2694.979736328125,ETH-USD,,,2749.213134765625,,,,,,,,,,,,,,,,,,,,
2022-05-06 00:00:00+00:00,,2636.093017578125,ETH-USD,,,2694.979736328125,,,,,,,,,,,,,,,,,,,,
2022-05-07 00:00:00+00:00,,2517.4599609375,ETH-USD,,,2636.093017578125,,,,,,,,,,,,,,,,,,,,
2022-05-08 00:00:00+00:00,,2245.430419921875,ETH-USD,,,2517.4599609375,,,,,,,,,,,,,,,,,,,,
2022-05-09 00:00:00+00:00,,2343.510986328125,ETH-USD,,,2245.430419921875,,,,,,,,,,,,,,,,,,,,
2022-05-10 00:00:00+00:00,,2072.108642578125,ETH-USD,,,2343.510986328125,,,,,,,,,,,,,,,,,,,,
2022-05-11 00:00:00+00:00,,1961.7015380859375,ETH-USD,,,2072.108642578125,,,,,,,,,,,,,,,,,,,,
2022-05-12 00:00:00+00:00,,2014.418212890625,ETH-USD,,,1961.7015380859375,,,,,,,,,,,,,,,,,,,,
2022-05-13 00:00:00+00:00,,2056.27392578125,ETH-USD,,,2014.418212890625,,,,,,,,,,,,,,,,,,,,
2022-05-14 00:00:00+00:00,,2145.706787109375,ETH-USD,,,2056.27392578125,,,,,,,,,,,,,,,,,,,,
2022-05-15 00:00:00+00:00,,2022.7259521484375,ETH-USD,,,2145.706787109375,,,,,,,,,,,,,,,,,,,,
2022-05-16 00:00:00+00:00,,2090.4091796875,ETH-USD,,,2022.7259521484375,,,,,,,,,,,,,,,,,,,,
2022-05-17 00:00:00+00:00,,1916.6561279296875,ETH-USD,,,2090.4091796875,,,,,,,,,,,,,,,,,,,,
2022-05-18 00:00:00+00:00,,2018.336181640625,ETH-USD,,,1916.6561279296875,,,,,,,,,,,,,,,,,,,,
2022-05-19 00:00:00+00:00,,1961.315673828125,ETH-USD,,,2018.336181640625,,,,,,,,,,,,,,,,,,,,
2022-05-20 00:00:00+00:00,,1974.518310546875,ETH-USD,,,1961.315673828125,,,,,,,,,,,,,,,,,,,,
2022-05-21 00:00:00+00:00,,2043.170166015625,ETH-USD,,,1974.518310546875,,,,,,,,,,,,,,,,,,,,
2022-05-22 00:00:00+00:00,,1972.181884765625,ETH-USD,,,2043.170166015625,,,,,,,,,,,,,,,,,,,,
2022-05-23 00:00:00+00:00,,1978.9827880859375,ETH-USD,,,1972.181884765625,,,,,,,,,,,,,,,,,,,,
2022-05-24 00:00:00+00:00,,1944.827880859375,ETH-USD,,,1978.9827880859375,,,,,,,,,,,,,,,,,,,,
2022-05-25 00:00:00+00:00,,1803.913330078125,ETH-USD,,,1944.827880859375,,,,,,,,,,,,,,,,,,,,
2022-05-26 00:00:00+00:00,,1724.9228515625,ETH-USD,,,1803.913330078125,,,,,,,,,,,,,,,,,,,,
2022-05-27 00:00:00+00:00,,1757.9417724609375,ETH-USD,,,1724.9228515625,,,,,,,,,,,,,,,,,,,,
2022-05-28 00:00:00+00:00,,1812.031005859375,ETH-USD,,,1757.9417724609375,,,,,,,,,,,,,,,,,,,,
2022-05-29 00:00:00+00:00,,1996.4412841796875,ETH-USD,,,1812.031005859375,,,,,,,,,,,,,,,,,,,,
2022-05-30 00:00:00+00:00,,1942.3280029296875,ETH-USD,,,1996.4412841796875,,,,,,,,,,,,,,,,,,,,
2022-05-31 00:00:00+00:00,,1823.5693359375,ETH-USD,,,1942.3280029296875,,,,,,,,,,,,,,,,,,,,
2022-06-01 00:00:00+00:00,,1834.1505126953125,ETH-USD,,,1823.5693359375,,,,,,,,,,,,,,,,,,,,
2022-06-02 00:00:00+00:00,,1775.07861328125,ETH-USD,,,1834.1505126953125,,,,,,,,,,,,,,,,,,,,
2022-06-03 00:00:00+00:00,,1801.6094970703125,ETH-USD,,,1775.07861328125,,,,,,,,,,,,,,,,,,,,
2022-06-04 00:00:00+00:00,,1805.2049560546875,ETH-USD,,,1801.6094970703125,,,,,,,,,,,,,,,,,,,,
2022-06-05 00:00:00+00:00,,1859.2896728515625,ETH-USD,,,1805.2049560546875,,,,,,,,,,,,,,,,,,,,
2022-06-06 00:00:00+00:00,,1814.04833984375,ETH-USD,,,1859.2896728515625,,,,,,,,,,,,,,,,,,,,
2022-06-07 00:00:00+00:00,,1793.572265625,ETH-USD,,,1814.04833984375,,,,,,,,,,,,,,,,,,,,
2022-06-08 00:00:00+00:00,,1789.8260498046875,ETH-USD,,,1793.572265625,,,,,,,,,,,,,,,,,,,,
2022-06-09 00:00:00+00:00,,1665.042236328125,ETH-USD,,,1789.8260498046875,,,,,,,,,,,,,,,,,,,,
2022-06-10 00:00:00+00:00,,1529.6634521484375,ETH-USD,,,1665.042236328125,,,,,,,,,,,,,,,,,,,,
2022-06-11 00:00:00+00:00,,1445.216552734375,ETH-USD,,,1529.6634521484375,,,,,,,,,,,,,,,,,,,,
2022-06-12 00:00:00+00:00,,1204.582763671875,ETH-USD,,,1445.216552734375,,,,,,,,,,,,,,,,,,,,
2022-06-13 00:00:00+00:00,,1211.662841796875,ETH-USD,,,1204.582763671875,,,,,,,,,,,,,,,,,,,,
2022-06-14 00:00:00+00:00,,1233.2064208984375,ETH-USD,,,1211.662841796875,,,,,,,,,,,,,,,,,,,,
2022-06-15 00:00:00+00:00,,1067.730712890625,ETH-USD,,,1233.2064208984375,,,,,,,,,,,,,,,,,,,,
2022-06-16 00:00:00+00:00,,1086.519287109375,ETH-USD,,,1067.730712890625,,,,,,,,,,,,,,,,,,,,
2022-06-17 00:00:00+00:00,,993.6367797851562,ETH-USD,,,1086.519287109375,,,,,,,,,,,,,,,,,,,,
2022-06-18 00:00:00+00:00,,1127.656494140625,ETH-USD,,,993.6367797851562,,,,,,,,,,,,,,,,,,,,
2022-06-19 00:00:00+00:00,,1127.6424560546875,ETH-USD,,,1127.656494140625,,,,,,,,,,,,,,,,,,,,
2022-06-20 00:00:00+00:00,,1124.8245849609375,ETH-USD,,,1127.6424560546875,,,,,,,,,,,,,,,,,,,,
2022-06-21 00:00:00+00:00,,1051.421875,ETH-USD,,,1124.8245849609375,,,,,,,,,,,,,,,,,,,,
2022-06-22 00:00:00+00:00,,1143.38671875,ETH-USD,,,1051.421875,,,,,,,,,,,,,,,,,,,,
2022-06-23 00:00:00+00:00,,1226.8447265625,ETH-USD,,,1143.38671875,,,,,,,,,,,,,,,,,,,,
2022-06-24 00:00:00+00:00,,1243.4468994140625,ETH-USD,,,1226.8447265625,,,,,,,,,,,,,,,,,,,,
2022-06-25 00:00:00+00:00,,1199.8316650390625,ETH-USD,,,1243.4468994140625,,,,,,,,,,,,,,,,,,,,
2022-06-26 00:00:00+00:00,,1193.6806640625,ETH-USD,,,1199.8316650390625,,,,,,,,,,,,,,,,,,,,
2022-06-27 00:00:00+00:00,,1144.5792236328125,ETH-USD,,,1193.6806640625,,,,,,,,,,,,,,,,,,,,
2022-06-28 00:00:00+00:00,,1098.94384765625,ETH-USD,,,1144.5792236328125,,,,,,,,,,,,,,,,,,,,
2022-06-29 00:00:00+00:00,,1067.298828125,ETH-USD,,,1098.94384765625,,,,,,,,,,,,,,,,,,,,
2022-06-30 00:00:00+00:00,,1059.767333984375,ETH-USD,,,1067.298828125,,,,,,,,,,,,,,,,,,,,
2022-07-01 00:00:00+00:00,,1066.5128173828125,ETH-USD,,,1059.767333984375,,,,,,,,,,,,,,,,,,,,
2022-07-02 00:00:00+00:00,,1073.7669677734375,ETH-USD,,,1066.5128173828125,,,,,,,,,,,,,,,,,,,,
2022-07-03 00:00:00+00:00,,1151.05908203125,ETH-USD,,,1073.7669677734375,,,,,,,,,,,,,,,,,,,,
2022-07-04 00:00:00+00:00,,1134.541015625,ETH-USD,,,1151.05908203125,,,,,,,,,,,,,,,,,,,,
2022-07-05 00:00:00+00:00,,1186.9739990234375,ETH-USD,,,1134.541015625,,,,,,,,,,,,,,,,,,,,
2022-07-06 00:00:00+00:00,,1237.5933837890625,ETH-USD,,,1186.9739990234375,,,,,,,,,,,,,,,,,,,,
2022-07-07 00:00:00+00:00,,1222.5062255859375,ETH-USD,,,1237.5933837890625,,,,,,,,,,,,,,,,,,,,
2022-07-08 00:00:00+00:00,,1216.978271484375,ETH-USD,,,1222.5062255859375,,,,,,,,,,,,,,,,,,,,
2022-07-09 00:00:00+00:00,,1168.401611328125,ETH-USD,,,1216.978271484375,,,,,,,,,,,,,,,,,,,,
2022-07-10 00:00:00+00:00,,1097.236572265625,ETH-USD,,,1168.401611328125,,,,,,,,,,,,,,,,,,,,
2022-07-11 00:00:00+00:00,,1038.191650390625,ETH-USD,,,1097.236572265625,,,,,,,,,,,,,,,,,,,,
2022-07-12 00:00:00+00:00,,1113.587158203125,ETH-USD,,,1038.191650390625,,,,,,,,,,,,,,,,,,,,
2022-07-13 00:00:00+00:00,,1191.5262451171875,ETH-USD,,,1113.587158203125,,,,,,,,,,,,,,,,,,,,
2022-07-14 00:00:00+00:00,,1233.129150390625,ETH-USD,,,1191.5262451171875,,,,,,,,,,,,,,,,,,,,
2022-07-15 00:00:00+00:00,,1352.62646484375,ETH-USD,,,1233.129150390625,,,,,,,,,,,,,,,,,,,,
2022-07-16 00:00:00+00:00,,1338.6357421875,ETH-USD,,,1352.62646484375,,,,,,,,,,,,,,,,,,,,
2022-07-17 00:00:00+00:00,,1578.7178955078125,ETH-USD,,,1338.6357421875,,,,,,,,,,,,,,,,,,,,
2022-07-18 00:00:00+00:00,,1542.9752197265625,ETH-USD,,,1578.7178955078125,,,,,,,,,,,,,,,,,,,,
2022-07-19 00:00:00+00:00,,1520.20068359375,ETH-USD,,,1542.9752197265625,,,,,,,,,,,,,,,,,,,,
2022-07-20 00:00:00+00:00,,1576.74951171875,ETH-USD,,,1520.20068359375,,,,,,,,,,,,,,,,,,,,
2022-07-21 00:00:00+00:00,,1537.4051513671875,ETH-USD,,,1576.74951171875,,,,,,,,,,,,,,,,,,,,
2022-07-22 00:00:00+00:00,,1549.2974853515625,ETH-USD,,,1537.4051513671875,,,,,,,,,,,,,,,,,,,,
2022-07-23 00:00:00+00:00,,1599.4766845703125,ETH-USD,,,1549.2974853515625,,,,,,,,,,,,,,,,,,,,
2022-07-24 00:00:00+00:00,,1445.3834228515625,ETH-USD,,,1599.4766845703125,,,,,,,,,,,,,,,,,,,,
2022-07-25 00:00:00+00:00,,1441.8067626953125,ETH-USD,,,1445.3834228515625,,,,,,,,,,,,,,,,,,,,
2022-07-26 00:00:00+00:00,,1636.232666015625,ETH-USD,,,1441.8067626953125,,,,,,,,,,,,,,,,,,,,
2022-07-27 00:00:00+00:00,,1725.4681396484375,ETH-USD,,,1636.232666015625,,,,,,,,,,,,,,,,,,,,
2022-07-28 00:00:00+00:00,,1727.406982421875,ETH-USD,,,1725.4681396484375,,,,,,,,,,,,,,,,,,,,
2022-07-29 00:00:00+00:00,,1695.969482421875,ETH-USD,,,1727.406982421875,,,,,,,,,,,,,,,,,,,,
2022-07-30 00:00:00+00:00,,1681.517333984375,ETH-USD,,,1695.969482421875,,,,,,,,,,,,,,,,,,,,
2022-07-31 00:00:00+00:00,,1635.19580078125,ETH-USD,,,1681.517333984375,,,,,,,,,,,,,,,,,,,,
2022-08-01 00:00:00+00:00,,1632.9454345703125,ETH-USD,,,1635.19580078125,,,,,,,,,,,,,,,,,,,,
2022-08-02 00:00:00+00:00,,1618.87451171875,ETH-USD,,,1632.9454345703125,,,,,,,,,,,,,,,,,,,,
2022-08-03 00:00:00+00:00,,1608.205810546875,ETH-USD,,,1618.87451171875,,,,,,,,,,,,,,,,,,,,
2022-08-04 00:00:00+00:00,,1732.254638671875,ETH-USD,,,1608.205810546875,,,,,,,,,,,,,,,,,,,,
2022-08-05 00:00:00+00:00,,1691.6580810546875,ETH-USD,,,1732.254638671875,,,,,,,,,,,,,,,,,,,,
2022-08-06 00:00:00+00:00,,1699.350830078125,ETH-USD,,,1691.6580810546875,,,,,,,,,,,,,,,,,,,,
2022-08-07 00:00:00+00:00,,1775.51611328125,ETH-USD,,,1699.350830078125,,,,,,,,,,,,,,,,,,,,
2022-08-08 00:00:00+00:00,,1703.0250244140625,ETH-USD,,,1775.51611328125,,,,,,,,,,,,,,,,,,,,
2022-08-09 00:00:00+00:00,,1851.74267578125,ETH-USD,,,1703.0250244140625,,,,,,,,,,,,,,,,,,,,
2022-08-10 00:00:00+00:00,,1881.22412109375,ETH-USD,,,1851.74267578125,,,,,,,,,,,,,,,,,,,,
2022-08-11 00:00:00+00:00,,1957.2464599609375,ETH-USD,,,1881.22412109375,,,,,,,,,,,,,,,,,,,,
2022-08-12 00:00:00+00:00,,1981.3365478515625,ETH-USD,,,1957.2464599609375,,,,,,,,,,,,,,,,,,,,
2022-08-13 00:00:00+00:00,,1936.802001953125,ETH-USD,,,1981.3365478515625,,,,,,,,,,,,,,,,,,,,
2022-08-14 00:00:00+00:00,,1904.2281494140625,ETH-USD,,,1936.802001953125,,,,,,,,,,,,,,,,,,,,
2022-08-15 00:00:00+00:00,,1878.139404296875,ETH-USD,,,1904.2281494140625,,,,,,,,,,,,,,,,,,,,
2022-08-16 00:00:00+00:00,,1832.9996337890625,ETH-USD,,,1878.139404296875,,,,,,,,,,,,,,,,,,,,
2022-08-17 00:00:00+00:00,,1847.0078125,ETH-USD,,,1832.9996337890625,,,,,,,,,,,,,,,,,,,,
2022-08-18 00:00:00+00:00,,1612.9873046875,ETH-USD,,,1847.0078125,,,,,,,,,,,,,,,,,,,,
2022-08-19 00:00:00+00:00,,1577.0037841796875,ETH-USD,,,1612.9873046875,,,,,,,,,,,,,,,,,,,,
2022-08-20 00:00:00+00:00,,1619.3189697265625,ETH-USD,,,1577.0037841796875,,,,,,,,,,,,,,,,,,,,
2022-08-21 00:00:00+00:00,,1622.505859375,ETH-USD,,,1619.3189697265625,,,,,,,,,,,,,,,,,,,,
2022-08-22 00:00:00+00:00,,1662.7698974609375,ETH-USD,,,1622.505859375,,,,,,,,,,,,,,,,,,,,
2022-08-23 00:00:00+00:00,,1657.0592041015625,ETH-USD,,,1662.7698974609375,,,,,,,,,,,,,,,,,,,,
2022-08-24 00:00:00+00:00,,1696.45703125,ETH-USD,,,1657.0592041015625,,,,,,,,,,,,,,,,,,,,
2022-08-25 00:00:00+00:00,,1507.7828369140625,ETH-USD,,,1696.45703125,,,,,,,,,,,,,,,,,,,,
2022-08-26 00:00:00+00:00,,1491.39501953125,ETH-USD,,,1507.7828369140625,,,,,,,,,,,,,,,,,,,,
2022-08-27 00:00:00+00:00,,1430.54736328125,ETH-USD,,,1491.39501953125,,,,,,,,,,,,,,,,,,,,
2022-08-28 00:00:00+00:00,,1553.037353515625,ETH-USD,,,1430.54736328125,,,,,,,,,,,,,,,,,,,,
2022-08-29 00:00:00+00:00,,1523.8388671875,ETH-USD,,,1553.037353515625,,,,,,,,,,,,,,,,,,,,
2022-08-30 00:00:00+00:00,,1553.6849365234375,ETH-USD,,,1523.8388671875,,,,,,,,,,,,,,,,,,,,
2022-08-31 00:00:00+00:00,,1586.1767578125,ETH-USD,,,1553.6849365234375,,,,,,,,,,,,,,,,,,,,
2022-09-01 00:00:00+00:00,,1577.220458984375,ETH-USD,,,1586.1767578125,,,,,,,,,,,,,,,,,,,,
2022-09-02 00:00:00+00:00,,1556.8726806640625,ETH-USD,,,1577.220458984375,,,,,,,,,,,,,,,,,,,,
2022-09-03 00:00:00+00:00,,1577.6416015625,ETH-USD,,,1556.8726806640625,,,,,,,,,,,,,,,,,,,,
2022-09-04 00:00:00+00:00,,1617.1832275390625,ETH-USD,,,1577.6416015625,,,,,,,,,,,,,,,,,,,,
2022-09-05 00:00:00+00:00,,1561.74853515625,ETH-USD,,,1617.1832275390625,,,,,,,,,,,,,,,,,,,,
2022-09-06 00:00:00+00:00,,1629.9063720703125,ETH-USD,,,1561.74853515625,,,,,,,,,,,,,,,,,,,,
2022-09-07 00:00:00+00:00,,1635.34765625,ETH-USD,,,1629.9063720703125,,,,,,,,,,,,,,,,,,,,
2022-09-08 00:00:00+00:00,,1719.08544921875,ETH-USD,,,1635.34765625,,,,,,,,,,,,,,,,,,,,
2022-09-09 00:00:00+00:00,,1776.2037353515625,ETH-USD,,,1719.08544921875,,,,,,,,,,,,,,,,,,,,
2022-09-10 00:00:00+00:00,,1761.800048828125,ETH-USD,,,1776.2037353515625,,,,,,,,,,,,,,,,,,,,
2022-09-11 00:00:00+00:00,,1713.7652587890625,ETH-USD,,,1761.800048828125,,,,,,,,,,,,,,,,,,,,
2022-09-12 00:00:00+00:00,,1580.7879638671875,ETH-USD,,,1713.7652587890625,,,,,,,,,,,,,,,,,,,,
2022-09-13 00:00:00+00:00,,1634.7550048828125,ETH-USD,,,1580.7879638671875,,,,,,,,,,,,,,,,,,,,
2022-09-14 00:00:00+00:00,,1471.6934814453125,ETH-USD,,,1634.7550048828125,,,,,,,,,,,,,,,,,,,,
2022-09-15 00:00:00+00:00,,1432.44775390625,ETH-USD,,,1471.6934814453125,,,,,,,,,,,,,,,,,,,,
2022-09-16 00:00:00+00:00,,1469.74169921875,ETH-USD,,,1432.44775390625,,,,,,,,,,,,,,,,,,,,
2022-09-17 00:00:00+00:00,,1335.3291015625,ETH-USD,,,1469.74169921875,,,,,,,,,,,,,,,,,,,,
2022-09-18 00:00:00+00:00,,1377.5413818359375,ETH-USD,,,1335.3291015625,,,,,,,,,,,,,,,,,,,,
2022-09-19 00:00:00+00:00,,1324.38818359375,ETH-USD,,,1377.5413818359375,,,,,,,,,,,,,,,,,,,,
2022-09-20 00:00:00+00:00,,1252.6077880859375,ETH-USD,,,1324.38818359375,,,,,,,,,,,,,,,,,,,,
2022-09-21 00:00:00+00:00,,1327.68017578125,ETH-USD,,,1252.6077880859375,,,,,,,,,,,,,,,,,,,,
2022-09-22 00:00:00+00:00,,1328.259521484375,ETH-USD,,,1327.68017578125,,,,,,,,,,,,,,,,,,,,
2022-09-23 00:00:00+00:00,,1317.9932861328125,ETH-USD,,,1328.259521484375,,,,,,,,,,,,,,,,,,,,
2022-09-24 00:00:00+00:00,,1294.216796875,ETH-USD,,,1317.9932861328125,,,,,,,,,,,,,,,,,,,,
2022-09-25 00:00:00+00:00,,1335.3201904296875,ETH-USD,,,1294.216796875,,,,,,,,,,,,,,,,,,,,
2022-09-26 00:00:00+00:00,,1330.127685546875,ETH-USD,,,1335.3201904296875,,,,,,,,,,,,,,,,,,,,
2022-09-27 00:00:00+00:00,,1337.410888671875,ETH-USD,,,1330.127685546875,,,,,,,,,,,,,,,,,,,,
2022-09-28 00:00:00+00:00,,1335.65234375,ETH-USD,,,1337.410888671875,,,,,,,,,,,,,,,,,,,,
2022-09-29 00:00:00+00:00,,1327.9786376953125,ETH-USD,,,1335.65234375,,,,,,,,,,,,,,,,,,,,
2022-09-30 00:00:00+00:00,,1311.6444091796875,ETH-USD,,,1327.9786376953125,,,,,,,,,,,,,,,,,,,,
2022-10-01 00:00:00+00:00,,1276.093505859375,ETH-USD,,,1311.6444091796875,,,,,,,,,,,,,,,,,,,,
2022-10-02 00:00:00+00:00,,1323.439208984375,ETH-USD,,,1276.093505859375,,,,,,,,,,,,,,,,,,,,
2022-10-03 00:00:00+00:00,,1362.1265869140625,ETH-USD,,,1323.439208984375,,,,,,,,,,,,,,,,,,,,
2022-10-04 00:00:00+00:00,,1352.837158203125,ETH-USD,,,1362.1265869140625,,,,,,,,,,,,,,,,,,,,
2022-10-05 00:00:00+00:00,,1351.70947265625,ETH-USD,,,1352.837158203125,,,,,,,,,,,,,,,,,,,,
2022-10-06 00:00:00+00:00,,1332.5169677734375,ETH-USD,,,1351.70947265625,,,,,,,,,,,,,,,,,,,,
2022-10-07 00:00:00+00:00,,1315.50048828125,ETH-USD,,,1332.5169677734375,,,,,,,,,,,,,,,,,,,,
2022-10-08 00:00:00+00:00,,1322.604248046875,ETH-USD,,,1315.50048828125,,,,,,,,,,,,,,,,,,,,
2022-10-09 00:00:00+00:00,,1291.337646484375,ETH-USD,,,1322.604248046875,,,,,,,,,,,,,,,,,,,,
2022-10-10 00:00:00+00:00,,1279.57568359375,ETH-USD,,,1291.337646484375,,,,,,,,,,,,,,,,,,,,
2022-10-11 00:00:00+00:00,,1294.9063720703125,ETH-USD,,,1279.57568359375,,,,,,,,,,,,,,,,,,,,
2022-10-12 00:00:00+00:00,,1288.1239013671875,ETH-USD,,,1294.9063720703125,,,,,,,,,,,,,,,,,,,,
2022-10-13 00:00:00+00:00,,1297.422119140625,ETH-USD,,,1288.1239013671875,,,,,,,,,,,,,,,,,,,,
2022-10-14 00:00:00+00:00,,1274.8717041015625,ETH-USD,,,1297.422119140625,,,,,,,,,,,,,,,,,,,,
2022-10-15 00:00:00+00:00,,1306.296630859375,ETH-USD,,,1274.8717041015625,,,,,,,,,,,,,,,,,,,,
2022-10-16 00:00:00+00:00,,1331.713623046875,ETH-USD,,,1306.296630859375,,,,,,,,,,,,,,,,,,,,
2022-10-17 00:00:00+00:00,,1310.447021484375,ETH-USD,,,1331.713623046875,,,,,,,,,,,,,,,,,,,,
2022-10-18 00:00:00+00:00,,1285.7442626953125,ETH-USD,,,1310.447021484375,,,,,,,,,,,,,,,,,,,,
2022-10-19 00:00:00+00:00,,1283.200927734375,ETH-USD,,,1285.7442626953125,,,,,,,,,,,,,,,,,,,,
2022-10-20 00:00:00+00:00,,1299.9464111328125,ETH-USD,,,1283.200927734375,,,,,,,,,,,,,,,,,,,,
2022-10-21 00:00:00+00:00,,1314.2991943359375,ETH-USD,,,1299.9464111328125,,,,,,,,,,,,,,,,,,,,
2022-10-22 00:00:00+00:00,,1363.447021484375,ETH-USD,,,1314.2991943359375,,,,,,,,,,,,,,,,,,,,
2022-10-23 00:00:00+00:00,,1344.99853515625,ETH-USD,,,1363.447021484375,,,,,,,,,,,,,,,,,,,,
2022-10-24 00:00:00+00:00,,1461.6654052734375,ETH-USD,,,1344.99853515625,,,,,,,,,,,,,,,,,,,,
2022-10-25 00:00:00+00:00,,1566.566650390625,ETH-USD,,,1461.6654052734375,,,,,,,,,,,,,,,,,,,,
2022-10-26 00:00:00+00:00,,1514.3748779296875,ETH-USD,,,1566.566650390625,,,,,,,,,,,,,,,,,,,,
2022-10-27 00:00:00+00:00,,1555.4779052734375,ETH-USD,,,1514.3748779296875,,,,,,,,,,,,,,,,,,,,
2022-10-28 00:00:00+00:00,,1619.698486328125,ETH-USD,,,1555.4779052734375,,,,,,,,,,,,,,,,,,,,
2022-10-29 00:00:00+00:00,,1590.7833251953125,ETH-USD,,,1619.698486328125,,,,,,,,,,,,,,,,,,,,
2022-10-30 00:00:00+00:00,,1572.7144775390625,ETH-USD,,,1590.7833251953125,,,,,,,,,,,,,,,,,,,,
2022-10-31 00:00:00+00:00,,1579.70458984375,ETH-USD,,,1572.7144775390625,,,,,,,,,,,,,,,,,,,,
2022-11-01 00:00:00+00:00,,1519.7117919921875,ETH-USD,,,1579.70458984375,,,,,,,,,,,,,,,,,,,,
2022-11-02 00:00:00+00:00,,1531.541748046875,ETH-USD,,,1519.7117919921875,,,,,,,,,,,,,,,,,,,,
2022-11-03 00:00:00+00:00,,1645.0933837890625,ETH-USD,,,1531.541748046875,,,,,,,,,,,,,,,,,,,,
2022-11-04 00:00:00+00:00,,1627.968017578125,ETH-USD,,,1645.0933837890625,,,,,,,,,,,,,,,,,,,,
2022-11-05 00:00:00+00:00,,1572.2347412109375,ETH-USD,,,1627.968017578125,,,,,,,,,,,,,,,,,,,,
2022-11-06 00:00:00+00:00,,1568.59130859375,ETH-USD,,,1572.2347412109375,,,,,,,,,,,,,,,,,,,,
2022-11-07 00:00:00+00:00,,1332.8355712890625,ETH-USD,,,1568.59130859375,,,,,,,,,,,,,,,,,,,,
2022-11-08 00:00:00+00:00,,1100.1697998046875,ETH-USD,,,1332.8355712890625,,,,,,,,,,,,,,,,,,,,
2022-11-09 00:00:00+00:00,,1299.464599609375,ETH-USD,,,1100.1697998046875,,,,,,,,,,,,,,,,,,,,
2022-11-10 00:00:00+00:00,,1287.2210693359375,ETH-USD,,,1299.464599609375,,,,,,,,,,,,,,,,,,,,
2022-11-11 00:00:00+00:00,,1255.268310546875,ETH-USD,,,1287.2210693359375,,,,,,,,,,,,,,,,,,,,
2022-11-12 00:00:00+00:00,,1221.8192138671875,ETH-USD,,,1255.268310546875,,,,,,,,,,,,,,,,,,,,
2022-11-13 00:00:00+00:00,,1241.604248046875,ETH-USD,,,1221.8192138671875,,,,,,,,,,,,,,,,,,,,
2022-11-14 00:00:00+00:00,,1251.7362060546875,ETH-USD,,,1241.604248046875,,,,,,,,,,,,,,,,,,,,
2022-11-15 00:00:00+00:00,,1215.6025390625,ETH-USD,,,1251.7362060546875,,,,,,,,,,,,,,,,,,,,
2022-11-16 00:00:00+00:00,,1200.80859375,ETH-USD,,,1215.6025390625,,,,,,,,,,,,,,,,,,,,
2022-11-17 00:00:00+00:00,,1212.30029296875,ETH-USD,,,1200.80859375,,,,,,,,,,,,,,,,,,,,
2022-11-18 00:00:00+00:00,,1218.4267578125,ETH-USD,,,1212.30029296875,,,,,,,,,,,,,,,,,,,,
2022-11-19 00:00:00+00:00,,1142.4666748046875,ETH-USD,,,1218.4267578125,,,,,,,,,,,,,,,,,,,,
2022-11-20 00:00:00+00:00,,1108.35302734375,ETH-USD,,,1142.4666748046875,,,,,,,,,,,,,,,,,,,,
2022-11-21 00:00:00+00:00,,1135.1734619140625,ETH-USD,,,1108.35302734375,,,,,,,,,,,,,,,,,,,,
2022-11-22 00:00:00+00:00,,1183.1995849609375,ETH-USD,,,1135.1734619140625,,,,,,,,,,,,,,,,,,,,
2022-11-23 00:00:00+00:00,,1203.983154296875,ETH-USD,,,1183.1995849609375,,,,,,,,,,,,,,,,,,,,
2022-11-24 00:00:00+00:00,,1198.9259033203125,ETH-USD,,,1203.983154296875,,,,,,,,,,,,,,,,,,,,
2022-11-25 00:00:00+00:00,,1205.89794921875,ETH-USD,,,1198.9259033203125,,,,,,,,,,,,,,,,,,,,
2022-11-26 00:00:00+00:00,,1195.126953125,ETH-USD,,,1205.89794921875,,,,,,,,,,,,,,,,,,,,
2022-11-27 00:00:00+00:00,,1170.086181640625,ETH-USD,,,1195.126953125,,,,,,,,,,,,,,,,,,,,
2022-11-28 00:00:00+00:00,,1216.9012451171875,ETH-USD,,,1170.086181640625,,,,,,,,,,,,,,,,,,,,
2022-11-29 00:00:00+00:00,,1295.6885986328125,ETH-USD,,,1216.9012451171875,,,,,,,,,,,,,,,,,,,,
2022-11-30 00:00:00+00:00,,1276.27392578125,ETH-USD,,,1295.6885986328125,,,,,,,,,,,,,,,,,,,,
2022-12-01 00:00:00+00:00,,1294.3033447265625,ETH-USD,,,1276.27392578125,,,,,,,,,,,,,,,,,,,,
2022-12-02 00:00:00+00:00,,1243.3348388671875,ETH-USD,,,1294.3033447265625,,,,,,,,,,,,,,,,,,,,
2022-12-03 00:00:00+00:00,,1280.256591796875,ETH-USD,,,1243.3348388671875,,,,,,,,,,,,,,,,,,,,
2022-12-04 00:00:00+00:00,,1259.6767578125,ETH-USD,,,1280.256591796875,,,,,,,,,,,,,,,,,,,,
2022-12-05 00:00:00+00:00,,1271.65380859375,ETH-USD,,,1259.6767578125,,,,,,,,,,,,,,,,,,,,
2022-12-06 00:00:00+00:00,,1232.4375,ETH-USD,,,1271.65380859375,,,,,,,,,,,,,,,,,,,,
2022-12-07 00:00:00+00:00,,1281.1163330078125,ETH-USD,,,1232.4375,,,,,,,,,,,,,,,,,,,,
2022-12-08 00:00:00+00:00,,1264.2847900390625,ETH-USD,,,1281.1163330078125,,,,,,,,,,,,,,,,,,,,
2022-12-09 00:00:00+00:00,,1266.3841552734375,ETH-USD,,,1264.2847900390625,,,,,,,,,,,,,,,,,,,,
2022-12-10 00:00:00+00:00,,1263.8685302734375,ETH-USD,,,1266.3841552734375,,,,,,,,,,,,,,,,,,,,
2022-12-11 00:00:00+00:00,,1274.6190185546875,ETH-USD,,,1263.8685302734375,,,,,,,,,,,,,,,,,,,,
2022-12-12 00:00:00+00:00,,1320.5491943359375,ETH-USD,,,1274.6190185546875,,,,,,,,,,,,,,,,,,,,
2022-12-13 00:00:00+00:00,,1309.3287353515625,ETH-USD,,,1320.5491943359375,,,,,,,,,,,,,,,,,,,,
2022-12-14 00:00:00+00:00,,1266.3538818359375,ETH-USD,,,1309.3287353515625,,,,,,,,,,,,,,,,,,,,
2022-12-15 00:00:00+00:00,,1168.2593994140625,ETH-USD,,,1266.3538818359375,,,,,,,,,,,,,,,,,,,,
2022-12-16 00:00:00+00:00,,1188.1495361328125,ETH-USD,,,1168.2593994140625,,,,,,,,,,,,,,,,,,,,
2022-12-17 00:00:00+00:00,,1184.7152099609375,ETH-USD,,,1188.1495361328125,,,,,,,,,,,,,,,,,,,,
2022-12-18 00:00:00+00:00,,1167.60986328125,ETH-USD,,,1184.7152099609375,,,,,,,,,,,,,,,,,,,,
2022-12-19 00:00:00+00:00,,1217.70361328125,ETH-USD,,,1167.60986328125,,,,,,,,,,,,,,,,,,,,
2022-12-20 00:00:00+00:00,,1213.5999755859375,ETH-USD,,,1217.70361328125,,,,,,,,,,,,,,,,,,,,
2022-12-21 00:00:00+00:00,,1218.18212890625,ETH-USD,,,1213.5999755859375,,,,,,,,,,,,,,,,,,,,
2022-12-22 00:00:00+00:00,,1220.159423828125,ETH-USD,,,1218.18212890625,,,,,,,,,,,,,,,,,,,,
2022-12-23 00:00:00+00:00,,1221.1485595703125,ETH-USD,,,1220.159423828125,,,,,,,,,,,,,,,,,,,,
2022-12-24 00:00:00+00:00,,1218.9620361328125,ETH-USD,,,1221.1485595703125,,,,,,,,,,,,,,,,,,,,
2022-12-25 00:00:00+00:00,,1226.974365234375,ETH-USD,,,1218.9620361328125,,,,,,,,,,,,,,,,,,,,
2022-12-26 00:00:00+00:00,,1212.7916259765625,ETH-USD,,,1226.974365234375,,,,,,,,,,,,,,,,,,,,
2022-12-27 00:00:00+00:00,,1189.986083984375,ETH-USD,,,1212.7916259765625,,,,,,,,,,,,,,,,,,,,
2022-12-28 00:00:00+00:00,,1201.5953369140625,ETH-USD,,,1189.986083984375,,,,,,,,,,,,,,,,,,,,
2022-12-29 00:00:00+00:00,,1199.2327880859375,ETH-USD,,,1201.5953369140625,,,,,,,,,,,,,,,,,,,,
2022-12-30 00:00:00+00:00,,1196.771240234375,ETH-USD,,,1199.2327880859375,,,,,,,,,,,,,,,,,,,,
2022-12-31 00:00:00+00:00,,,ETH-USD,,,1196.771240234375,,,,,,,,,,,,,,,,,,,,
2022-01-01 00:00:00+00:00,,35.79262161254883,FIL-USD,,,,35.854888916015625,,,,,,,,,,,,,,,,,,,
2022-01-02 00:00:00+00:00,,35.02036666870117,FIL-USD,,,,35.79262161254883,,,,,,,,,,,,,,,,,,,
2022-01-03 00:00:00+00:00,,36.09860610961914,FIL-USD,,,,35.02036666870117,,,,,,,,,,,,,,,,,,,
2022-01-04 00:00:00+00:00,,33.25813674926758,FIL-USD,,,,36.09860610961914,,,,,,,,,,,,,,,,,,,
2022-01-05 00:00:00+00:00,,32.99421691894531,FIL-USD,,,,33.25813674926758,,,,,,,,,,,,,,,,,,,
2022-01-06 00:00:00+00:00,,31.459590911865234,FIL-USD,,,,32.99421691894531,,,,,,,,,,,,,,,,,,,
2022-01-07 00:00:00+00:00,,29.43951988220215,FIL-USD,,,,31.459590911865234,,,,,,,,,,,,,,,,,,,
2022-01-08 00:00:00+00:00,,30.234939575195312,FIL-USD,,,,29.43951988220215,,,,,,,,,,,,,,,,,,,
2022-01-09 00:00:00+00:00,,28.169618606567383,FIL-USD,,,,30.234939575195312,,,,,,,,,,,,,,,,,,,
2022-01-10 00:00:00+00:00,,28.887550354003906,FIL-USD,,,,28.169618606567383,,,,,,,,,,,,,,,,,,,
2022-01-11 00:00:00+00:00,,30.771364212036133,FIL-USD,,,,28.887550354003906,,,,,,,,,,,,,,,,,,,
2022-01-12 00:00:00+00:00,,28.467012405395508,FIL-USD,,,,30.771364212036133,,,,,,,,,,,,,,,,,,,
2022-01-13 00:00:00+00:00,,29.802885055541992,FIL-USD,,,,28.467012405395508,,,,,,,,,,,,,,,,,,,
2022-01-14 00:00:00+00:00,,29.783924102783203,FIL-USD,,,,29.802885055541992,,,,,,,,,,,,,,,,,,,
2022-01-15 00:00:00+00:00,,30.41349220275879,FIL-USD,,,,29.783924102783203,,,,,,,,,,,,,,,,,,,
2022-01-16 00:00:00+00:00,,29.019115447998047,FIL-USD,,,,30.41349220275879,,,,,,,,,,,,,,,,,,,
2022-01-17 00:00:00+00:00,,28.51617431640625,FIL-USD,,,,29.019115447998047,,,,,,,,,,,,,,,,,,,
2022-01-18 00:00:00+00:00,,27.6314697265625,FIL-USD,,,,28.51617431640625,,,,,,,,,,,,,,,,,,,
2022-01-19 00:00:00+00:00,,26.141456604003906,FIL-USD,,,,27.6314697265625,,,,,,,,,,,,,,,,,,,
2022-01-20 00:00:00+00:00,,21.872447967529297,FIL-USD,,,,26.141456604003906,,,,,,,,,,,,,,,,,,,
2022-01-21 00:00:00+00:00,,18.95928192138672,FIL-USD,,,,21.872447967529297,,,,,,,,,,,,,,,,,,,
2022-01-22 00:00:00+00:00,,19.455968856811523,FIL-USD,,,,18.95928192138672,,,,,,,,,,,,,,,,,,,
2022-01-23 00:00:00+00:00,,18.413217544555664,FIL-USD,,,,19.455968856811523,,,,,,,,,,,,,,,,,,,
2022-01-24 00:00:00+00:00,,18.149860382080078,FIL-USD,,,,18.413217544555664,,,,,,,,,,,,,,,,,,,
2022-01-25 00:00:00+00:00,,19.30718231201172,FIL-USD,,,,18.149860382080078,,,,,,,,,,,,,,,,,,,
2022-01-26 00:00:00+00:00,,19.221660614013672,FIL-USD,,,,19.30718231201172,,,,,,,,,,,,,,,,,,,
2022-01-27 00:00:00+00:00,,19.62281608581543,FIL-USD,,,,19.221660614013672,,,,,,,,,,,,,,,,,,,
2022-01-28 00:00:00+00:00,,20.220657348632812,FIL-USD,,,,19.62281608581543,,,,,,,,,,,,,,,,,,,
2022-01-29 00:00:00+00:00,,19.8370304107666,FIL-USD,,,,20.220657348632812,,,,,,,,,,,,,,,,,,,
2022-01-30 00:00:00+00:00,,21.322904586791992,FIL-USD,,,,19.8370304107666,,,,,,,,,,,,,,,,,,,
2022-01-31 00:00:00+00:00,,20.914812088012695,FIL-USD,,,,21.322904586791992,,,,,,,,,,,,,,,,,,,
2022-02-01 00:00:00+00:00,,20.183401107788086,FIL-USD,,,,20.914812088012695,,,,,,,,,,,,,,,,,,,
2022-02-02 00:00:00+00:00,,20.316822052001953,FIL-USD,,,,20.183401107788086,,,,,,,,,,,,,,,,,,,
2022-02-03 00:00:00+00:00,,21.617502212524414,FIL-USD,,,,20.316822052001953,,,,,,,,,,,,,,,,,,,
2022-02-04 00:00:00+00:00,,22.016569137573242,FIL-USD,,,,21.617502212524414,,,,,,,,,,,,,,,,,,,
2022-02-05 00:00:00+00:00,,22.447750091552734,FIL-USD,,,,22.016569137573242,,,,,,,,,,,,,,,,,,,
2022-02-06 00:00:00+00:00,,24.404754638671875,FIL-USD,,,,22.447750091552734,,,,,,,,,,,,,,,,,,,
2022-02-07 00:00:00+00:00,,24.5963134765625,FIL-USD,,,,24.404754638671875,,,,,,,,,,,,,,,,,,,
2022-02-08 00:00:00+00:00,,24.269861221313477,FIL-USD,,,,24.5963134765625,,,,,,,,,,,,,,,,,,,
2022-02-09 00:00:00+00:00,,23.179502487182617,FIL-USD,,,,24.269861221313477,,,,,,,,,,,,,,,,,,,
2022-02-10 00:00:00+00:00,,21.03780174255371,FIL-USD,,,,23.179502487182617,,,,,,,,,,,,,,,,,,,
2022-02-11 00:00:00+00:00,,20.85038185119629,FIL-USD,,,,21.03780174255371,,,,,,,,,,,,,,,,,,,
2022-02-12 00:00:00+00:00,,20.66428565979004,FIL-USD,,,,20.85038185119629,,,,,,,,,,,,,,,,,,,
2022-02-13 00:00:00+00:00,,20.727550506591797,FIL-USD,,,,20.66428565979004,,,,,,,,,,,,,,,,,,,
2022-02-14 00:00:00+00:00,,22.342147827148438,FIL-USD,,,,20.727550506591797,,,,,,,,,,,,,,,,,,,
2022-02-15 00:00:00+00:00,,23.083826065063477,FIL-USD,,,,22.342147827148438,,,,,,,,,,,,,,,,,,,
2022-02-16 00:00:00+00:00,,20.481836318969727,FIL-USD,,,,23.083826065063477,,,,,,,,,,,,,,,,,,,
2022-02-17 00:00:00+00:00,,21.160259246826172,FIL-USD,,,,20.481836318969727,,,,,,,,,,,,,,,,,,,
2022-02-18 00:00:00+00:00,,20.87793731689453,FIL-USD,,,,21.160259246826172,,,,,,,,,,,,,,,,,,,
2022-02-19 00:00:00+00:00,,19.838817596435547,FIL-USD,,,,20.87793731689453,,,,,,,,,,,,,,,,,,,
2022-02-20 00:00:00+00:00,,18.60088539123535,FIL-USD,,,,19.838817596435547,,,,,,,,,,,,,,,,,,,
2022-02-21 00:00:00+00:00,,19.213531494140625,FIL-USD,,,,18.60088539123535,,,,,,,,,,,,,,,,,,,
2022-02-22 00:00:00+00:00,,18.488122940063477,FIL-USD,,,,19.213531494140625,,,,,,,,,,,,,,,,,,,
2022-02-23 00:00:00+00:00,,18.4266357421875,FIL-USD,,,,18.488122940063477,,,,,,,,,,,,,,,,,,,
2022-02-24 00:00:00+00:00,,18.921918869018555,FIL-USD,,,,18.4266357421875,,,,,,,,,,,,,,,,,,,
2022-02-25 00:00:00+00:00,,19.075420379638672,FIL-USD,,,,18.921918869018555,,,,,,,,,,,,,,,,,,,
2022-02-26 00:00:00+00:00,,20.34723663330078,FIL-USD,,,,19.075420379638672,,,,,,,,,,,,,,,,,,,
2022-02-27 00:00:00+00:00,,21.672407150268555,FIL-USD,,,,20.34723663330078,,,,,,,,,,,,,,,,,,,
2022-02-28 00:00:00+00:00,,20.935630798339844,FIL-USD,,,,21.672407150268555,,,,,,,,,,,,,,,,,,,
2022-03-01 00:00:00+00:00,,20.68394660949707,FIL-USD,,,,20.935630798339844,,,,,,,,,,,,,,,,,,,
2022-03-02 00:00:00+00:00,,20.141826629638672,FIL-USD,,,,20.68394660949707,,,,,,,,,,,,,,,,,,,
2022-03-03 00:00:00+00:00,,18.778594970703125,FIL-USD,,,,20.141826629638672,,,,,,,,,,,,,,,,,,,
2022-03-04 00:00:00+00:00,,19.108638763427734,FIL-USD,,,,18.778594970703125,,,,,,,,,,,,,,,,,,,
2022-03-05 00:00:00+00:00,,18.389894485473633,FIL-USD,,,,19.108638763427734,,,,,,,,,,,,,,,,,,,
2022-03-06 00:00:00+00:00,,17.887239456176758,FIL-USD,,,,18.389894485473633,,,,,,,,,,,,,,,,,,,
2022-03-07 00:00:00+00:00,,18.003202438354492,FIL-USD,,,,17.887239456176758,,,,,,,,,,,,,,,,,,,
2022-03-08 00:00:00+00:00,,18.82659149169922,FIL-USD,,,,18.003202438354492,,,,,,,,,,,,,,,,,,,
2022-03-09 00:00:00+00:00,,17.88406753540039,FIL-USD,,,,18.82659149169922,,,,,,,,,,,,,,,,,,,
2022-03-10 00:00:00+00:00,,17.403709411621094,FIL-USD,,,,17.88406753540039,,,,,,,,,,,,,,,,,,,
2022-03-11 00:00:00+00:00,,17.73634910583496,FIL-USD,,,,17.403709411621094,,,,,,,,,,,,,,,,,,,
2022-03-12 00:00:00+00:00,,17.26533317565918,FIL-USD,,,,17.73634910583496,,,,,,,,,,,,,,,,,,,
2022-03-13 00:00:00+00:00,,17.470867156982422,FIL-USD,,,,17.26533317565918,,,,,,,,,,,,,,,,,,,
2022-03-14 00:00:00+00:00,,16.848886489868164,FIL-USD,,,,17.470867156982422,,,,,,,,,,,,,,,,,,,
2022-03-15 00:00:00+00:00,,17.429309844970703,FIL-USD,,,,16.848886489868164,,,,,,,,,,,,,,,,,,,
2022-03-16 00:00:00+00:00,,17.461835861206055,FIL-USD,,,,17.429309844970703,,,,,,,,,,,,,,,,,,,
2022-03-17 00:00:00+00:00,,17.628175735473633,FIL-USD,,,,17.461835861206055,,,,,,,,,,,,,,,,,,,
2022-03-18 00:00:00+00:00,,18.193796157836914,FIL-USD,,,,17.628175735473633,,,,,,,,,,,,,,,,,,,
2022-03-19 00:00:00+00:00,,17.628698348999023,FIL-USD,,,,18.193796157836914,,,,,,,,,,,,,,,,,,,
2022-03-20 00:00:00+00:00,,17.835012435913086,FIL-USD,,,,17.628698348999023,,,,,,,,,,,,,,,,,,,
2022-03-21 00:00:00+00:00,,18.29513931274414,FIL-USD,,,,17.835012435913086,,,,,,,,,,,,,,,,,,,
2022-03-22 00:00:00+00:00,,19.35426139831543,FIL-USD,,,,18.29513931274414,,,,,,,,,,,,,,,,,,,
2022-03-23 00:00:00+00:00,,19.582233428955078,FIL-USD,,,,19.35426139831543,,,,,,,,,,,,,,,,,,,
2022-03-24 00:00:00+00:00,,18.854961395263672,FIL-USD,,,,19.582233428955078,,,,,,,,,,,,,,,,,,,
2022-03-25 00:00:00+00:00,,19.422391891479492,FIL-USD,,,,18.854961395263672,,,,,,,,,,,,,,,,,,,
2022-03-26 00:00:00+00:00,,23.679473876953125,FIL-USD,,,,19.422391891479492,,,,,,,,,,,,,,,,,,,
2022-03-27 00:00:00+00:00,,25.081483840942383,FIL-USD,,,,23.679473876953125,,,,,,,,,,,,,,,,,,,
2022-03-28 00:00:00+00:00,,26.436857223510742,FIL-USD,,,,25.081483840942383,,,,,,,,,,,,,,,,,,,
2022-03-29 00:00:00+00:00,,25.859909057617188,FIL-USD,,,,26.436857223510742,,,,,,,,,,,,,,,,,,,
2022-03-30 00:00:00+00:00,,24.253955841064453,FIL-USD,,,,25.859909057617188,,,,,,,,,,,,,,,,,,,
2022-03-31 00:00:00+00:00,,25.516237258911133,FIL-USD,,,,24.253955841064453,,,,,,,,,,,,,,,,,,,
2022-04-01 00:00:00+00:00,,23.91368865966797,FIL-USD,,,,25.516237258911133,,,,,,,,,,,,,,,,,,,
2022-04-02 00:00:00+00:00,,25.449071884155273,FIL-USD,,,,23.91368865966797,,,,,,,,,,,,,,,,,,,
2022-04-03 00:00:00+00:00,,25.23362159729004,FIL-USD,,,,25.449071884155273,,,,,,,,,,,,,,,,,,,
2022-04-04 00:00:00+00:00,,24.87464714050293,FIL-USD,,,,25.23362159729004,,,,,,,,,,,,,,,,,,,
2022-04-05 00:00:00+00:00,,21.66486358642578,FIL-USD,,,,24.87464714050293,,,,,,,,,,,,,,,,,,,
2022-04-06 00:00:00+00:00,,22.460399627685547,FIL-USD,,,,21.66486358642578,,,,,,,,,,,,,,,,,,,
2022-04-07 00:00:00+00:00,,21.260263442993164,FIL-USD,,,,22.460399627685547,,,,,,,,,,,,,,,,,,,
2022-04-08 00:00:00+00:00,,21.719459533691406,FIL-USD,,,,21.260263442993164,,,,,,,,,,,,,,,,,,,
2022-04-09 00:00:00+00:00,,21.097211837768555,FIL-USD,,,,21.719459533691406,,,,,,,,,,,,,,,,,,,
2022-04-10 00:00:00+00:00,,18.275814056396484,FIL-USD,,,,21.097211837768555,,,,,,,,,,,,,,,,,,,
2022-04-11 00:00:00+00:00,,19.47014045715332,FIL-USD,,,,18.275814056396484,,,,,,,,,,,,,,,,,,,
2022-04-12 00:00:00+00:00,,19.41937828063965,FIL-USD,,,,19.47014045715332,,,,,,,,,,,,,,,,,,,
2022-04-13 00:00:00+00:00,,18.67388153076172,FIL-USD,,,,19.41937828063965,,,,,,,,,,,,,,,,,,,
2022-04-14 00:00:00+00:00,,19.0718936920166,FIL-USD,,,,18.67388153076172,,,,,,,,,,,,,,,,,,,
2022-04-15 00:00:00+00:00,,21.649694442749023,FIL-USD,,,,19.0718936920166,,,,,,,,,,,,,,,,,,,
2022-04-16 00:00:00+00:00,,19.733657836914062,FIL-USD,,,,21.649694442749023,,,,,,,,,,,,,,,,,,,
2022-04-17 00:00:00+00:00,,19.627513885498047,FIL-USD,,,,19.733657836914062,,,,,,,,,,,,,,,,,,,
2022-04-18 00:00:00+00:00,,20.391368865966797,FIL-USD,,,,19.627513885498047,,,,,,,,,,,,,,,,,,,
2022-04-19 00:00:00+00:00,,19.62999153137207,FIL-USD,,,,20.391368865966797,,,,,,,,,,,,,,,,,,,
2022-04-20 00:00:00+00:00,,18.875776290893555,FIL-USD,,,,19.62999153137207,,,,,,,,,,,,,,,,,,,
2022-04-21 00:00:00+00:00,,19.241552352905273,FIL-USD,,,,18.875776290893555,,,,,,,,,,,,,,,,,,,
2022-04-22 00:00:00+00:00,,18.940601348876953,FIL-USD,,,,19.241552352905273,,,,,,,,,,,,,,,,,,,
2022-04-23 00:00:00+00:00,,18.891368865966797,FIL-USD,,,,18.940601348876953,,,,,,,,,,,,,,,,,,,
2022-04-24 00:00:00+00:00,,18.644262313842773,FIL-USD,,,,18.891368865966797,,,,,,,,,,,,,,,,,,,
2022-04-25 00:00:00+00:00,,17.277328491210938,FIL-USD,,,,18.644262313842773,,,,,,,,,,,,,,,,,,,
2022-04-26 00:00:00+00:00,,17.721229553222656,FIL-USD,,,,17.277328491210938,,,,,,,,,,,,,,,,,,,
2022-04-27 00:00:00+00:00,,18.113510131835938,FIL-USD,,,,17.721229553222656,,,,,,,,,,,,,,,,,,,
2022-04-28 00:00:00+00:00,,17.309917449951172,FIL-USD,,,,18.113510131835938,,,,,,,,,,,,,,,,,,,
2022-04-29 00:00:00+00:00,,14.33006763458252,FIL-USD,,,,17.309917449951172,,,,,,,,,,,,,,,,,,,
2022-04-30 00:00:00+00:00,,15.133082389831543,FIL-USD,,,,14.33006763458252,,,,,,,,,,,,,,,,,,,
2022-05-01 00:00:00+00:00,,14.628806114196777,FIL-USD,,,,15.133082389831543,,,,,,,,,,,,,,,,,,,
2022-05-02 00:00:00+00:00,,14.619691848754883,FIL-USD,,,,14.628806114196777,,,,,,,,,,,,,,,,,,,
2022-05-03 00:00:00+00:00,,15.68973159790039,FIL-USD,,,,14.619691848754883,,,,,,,,,,,,,,,,,,,
2022-05-04 00:00:00+00:00,,13.982954025268555,FIL-USD,,,,15.68973159790039,,,,,,,,,,,,,,,,,,,
2022-05-05 00:00:00+00:00,,13.868735313415527,FIL-USD,,,,13.982954025268555,,,,,,,,,,,,,,,,,,,
2022-05-06 00:00:00+00:00,,13.264599800109863,FIL-USD,,,,13.868735313415527,,,,,,,,,,,,,,,,,,,
2022-05-07 00:00:00+00:00,,13.092665672302246,FIL-USD,,,,13.264599800109863,,,,,,,,,,,,,,,,,,,
2022-05-08 00:00:00+00:00,,11.128684997558594,FIL-USD,,,,13.092665672302246,,,,,,,,,,,,,,,,,,,
2022-05-09 00:00:00+00:00,,11.341856956481934,FIL-USD,,,,11.128684997558594,,,,,,,,,,,,,,,,,,,
2022-05-10 00:00:00+00:00,,8.546656608581543,FIL-USD,,,,11.341856956481934,,,,,,,,,,,,,,,,,,,
2022-05-11 00:00:00+00:00,,8.117061614990234,FIL-USD,,,,8.546656608581543,,,,,,,,,,,,,,,,,,,
2022-05-12 00:00:00+00:00,,8.730104446411133,FIL-USD,,,,8.117061614990234,,,,,,,,,,,,,,,,,,,
2022-05-13 00:00:00+00:00,,8.815340042114258,FIL-USD,,,,8.730104446411133,,,,,,,,,,,,,,,,,,,
2022-05-14 00:00:00+00:00,,9.169946670532227,FIL-USD,,,,8.815340042114258,,,,,,,,,,,,,,,,,,,
2022-05-15 00:00:00+00:00,,8.270936012268066,FIL-USD,,,,9.169946670532227,,,,,,,,,,,,,,,,,,,
2022-05-16 00:00:00+00:00,,8.575017929077148,FIL-USD,,,,8.270936012268066,,,,,,,,,,,,,,,,,,,
2022-05-17 00:00:00+00:00,,7.574565887451172,FIL-USD,,,,8.575017929077148,,,,,,,,,,,,,,,,,,,
2022-05-18 00:00:00+00:00,,8.220609664916992,FIL-USD,,,,7.574565887451172,,,,,,,,,,,,,,,,,,,
2022-05-19 00:00:00+00:00,,7.935033798217773,FIL-USD,,,,8.220609664916992,,,,,,,,,,,,,,,,,,,
2022-05-20 00:00:00+00:00,,8.174249649047852,FIL-USD,,,,7.935033798217773,,,,,,,,,,,,,,,,,,,
2022-05-21 00:00:00+00:00,,8.470876693725586,FIL-USD,,,,8.174249649047852,,,,,,,,,,,,,,,,,,,
2022-05-22 00:00:00+00:00,,8.147724151611328,FIL-USD,,,,8.470876693725586,,,,,,,,,,,,,,,,,,,
2022-05-23 00:00:00+00:00,,8.411102294921875,FIL-USD,,,,8.147724151611328,,,,,,,,,,,,,,,,,,,
2022-05-24 00:00:00+00:00,,8.168030738830566,FIL-USD,,,,8.411102294921875,,,,,,,,,,,,,,,,,,,
2022-05-25 00:00:00+00:00,,7.650798797607422,FIL-USD,,,,8.168030738830566,,,,,,,,,,,,,,,,,,,
2022-05-26 00:00:00+00:00,,7.197632789611816,FIL-USD,,,,7.650798797607422,,,,,,,,,,,,,,,,,,,
2022-05-27 00:00:00+00:00,,7.539350986480713,FIL-USD,,,,7.197632789611816,,,,,,,,,,,,,,,,,,,
2022-05-28 00:00:00+00:00,,7.626445770263672,FIL-USD,,,,7.539350986480713,,,,,,,,,,,,,,,,,,,
2022-05-29 00:00:00+00:00,,8.202181816101074,FIL-USD,,,,7.626445770263672,,,,,,,,,,,,,,,,,,,
2022-05-30 00:00:00+00:00,,8.068272590637207,FIL-USD,,,,8.202181816101074,,,,,,,,,,,,,,,,,,,
2022-05-31 00:00:00+00:00,,7.448824882507324,FIL-USD,,,,8.068272590637207,,,,,,,,,,,,,,,,,,,
2022-06-01 00:00:00+00:00,,7.757702827453613,FIL-USD,,,,7.448824882507324,,,,,,,,,,,,,,,,,,,
2022-06-02 00:00:00+00:00,,7.3987860679626465,FIL-USD,,,,7.757702827453613,,,,,,,,,,,,,,,,,,,
2022-06-03 00:00:00+00:00,,7.458556175231934,FIL-USD,,,,7.3987860679626465,,,,,,,,,,,,,,,,,,,
2022-06-04 00:00:00+00:00,,7.365964889526367,FIL-USD,,,,7.458556175231934,,,,,,,,,,,,,,,,,,,
2022-06-05 00:00:00+00:00,,7.574289798736572,FIL-USD,,,,7.365964889526367,,,,,,,,,,,,,,,,,,,
2022-06-06 00:00:00+00:00,,7.329800128936768,FIL-USD,,,,7.574289798736572,,,,,,,,,,,,,,,,,,,
2022-06-07 00:00:00+00:00,,7.188389778137207,FIL-USD,,,,7.329800128936768,,,,,,,,,,,,,,,,,,,
2022-06-08 00:00:00+00:00,,7.224277973175049,FIL-USD,,,,7.188389778137207,,,,,,,,,,,,,,,,,,,
2022-06-09 00:00:00+00:00,,6.819968223571777,FIL-USD,,,,7.224277973175049,,,,,,,,,,,,,,,,,,,
2022-06-10 00:00:00+00:00,,6.0942277908325195,FIL-USD,,,,6.819968223571777,,,,,,,,,,,,,,,,,,,
2022-06-11 00:00:00+00:00,,5.714780807495117,FIL-USD,,,,6.0942277908325195,,,,,,,,,,,,,,,,,,,
2022-06-12 00:00:00+00:00,,5.314725875854492,FIL-USD,,,,5.714780807495117,,,,,,,,,,,,,,,,,,,
2022-06-13 00:00:00+00:00,,5.488887786865234,FIL-USD,,,,5.314725875854492,,,,,,,,,,,,,,,,,,,
2022-06-14 00:00:00+00:00,,5.846951007843018,FIL-USD,,,,5.488887786865234,,,,,,,,,,,,,,,,,,,
2022-06-15 00:00:00+00:00,,5.288224220275879,FIL-USD,,,,5.846951007843018,,,,,,,,,,,,,,,,,,,
2022-06-16 00:00:00+00:00,,5.340892791748047,FIL-USD,,,,5.288224220275879,,,,,,,,,,,,,,,,,,,
2022-06-17 00:00:00+00:00,,5.108145236968994,FIL-USD,,,,5.340892791748047,,,,,,,,,,,,,,,,,,,
2022-06-18 00:00:00+00:00,,5.476021766662598,FIL-USD,,,,5.108145236968994,,,,,,,,,,,,,,,,,,,
2022-06-19 00:00:00+00:00,,5.469457149505615,FIL-USD,,,,5.476021766662598,,,,,,,,,,,,,,,,,,,
2022-06-20 00:00:00+00:00,,5.950419902801514,FIL-USD,,,,5.469457149505615,,,,,,,,,,,,,,,,,,,
2022-06-21 00:00:00+00:00,,5.5327558517456055,FIL-USD,,,,5.950419902801514,,,,,,,,,,,,,,,,,,,
2022-06-22 00:00:00+00:00,,5.797234058380127,FIL-USD,,,,5.5327558517456055,,,,,,,,,,,,,,,,,,,
2022-06-23 00:00:00+00:00,,6.117860794067383,FIL-USD,,,,5.797234058380127,,,,,,,,,,,,,,,,,,,
2022-06-24 00:00:00+00:00,,6.08303689956665,FIL-USD,,,,6.117860794067383,,,,,,,,,,,,,,,,,,,
2022-06-25 00:00:00+00:00,,5.831831932067871,FIL-USD,,,,6.08303689956665,,,,,,,,,,,,,,,,,,,
2022-06-26 00:00:00+00:00,,5.777834892272949,FIL-USD,,,,5.831831932067871,,,,,,,,,,,,,,,,,,,
2022-06-27 00:00:00+00:00,,5.505895137786865,FIL-USD,,,,5.777834892272949,,,,,,,,,,,,,,,,,,,
2022-06-28 00:00:00+00:00,,5.438048839569092,FIL-USD,,,,5.505895137786865,,,,,,,,,,,,,,,,,,,
2022-06-29 00:00:00+00:00,,5.388856887817383,FIL-USD,,,,5.438048839569092,,,,,,,,,,,,,,,,,,,
2022-06-30 00:00:00+00:00,,5.311070919036865,FIL-USD,,,,5.388856887817383,,,,,,,,,,,,,,,,,,,
2022-07-01 00:00:00+00:00,,5.336032867431641,FIL-USD,,,,5.311070919036865,,,,,,,,,,,,,,,,,,,
2022-07-02 00:00:00+00:00,,5.310824871063232,FIL-USD,,,,5.336032867431641,,,,,,,,,,,,,,,,,,,
2022-07-03 00:00:00+00:00,,5.558798789978027,FIL-USD,,,,5.310824871063232,,,,,,,,,,,,,,,,,,,
2022-07-04 00:00:00+00:00,,5.492033958435059,FIL-USD,,,,5.558798789978027,,,,,,,,,,,,,,,,,,,
2022-07-05 00:00:00+00:00,,5.575416088104248,FIL-USD,,,,5.492033958435059,,,,,,,,,,,,,,,,,,,
2022-07-06 00:00:00+00:00,,5.8086700439453125,FIL-USD,,,,5.575416088104248,,,,,,,,,,,,,,,,,,,
2022-07-07 00:00:00+00:00,,5.735401153564453,FIL-USD,,,,5.8086700439453125,,,,,,,,,,,,,,,,,,,
2022-07-08 00:00:00+00:00,,5.806200981140137,FIL-USD,,,,5.735401153564453,,,,,,,,,,,,,,,,,,,
2022-07-09 00:00:00+00:00,,5.484713077545166,FIL-USD,,,,5.806200981140137,,,,,,,,,,,,,,,,,,,
2022-07-10 00:00:00+00:00,,5.191658973693848,FIL-USD,,,,5.484713077545166,,,,,,,,,,,,,,,,,,,
2022-07-11 00:00:00+00:00,,5.081657886505127,FIL-USD,,,,5.191658973693848,,,,,,,,,,,,,,,,,,,
2022-07-12 00:00:00+00:00,,5.297848224639893,FIL-USD,,,,5.081657886505127,,,,,,,,,,,,,,,,,,,
2022-07-13 00:00:00+00:00,,5.361026763916016,FIL-USD,,,,5.297848224639893,,,,,,,,,,,,,,,,,,,
2022-07-14 00:00:00+00:00,,5.228496074676514,FIL-USD,,,,5.361026763916016,,,,,,,,,,,,,,,,,,,
2022-07-15 00:00:00+00:00,,5.386935234069824,FIL-USD,,,,5.228496074676514,,,,,,,,,,,,,,,,,,,
2022-07-16 00:00:00+00:00,,5.688718795776367,FIL-USD,,,,5.386935234069824,,,,,,,,,,,,,,,,,,,
2022-07-17 00:00:00+00:00,,5.9876580238342285,FIL-USD,,,,5.688718795776367,,,,,,,,,,,,,,,,,,,
2022-07-18 00:00:00+00:00,,6.05608606338501,FIL-USD,,,,5.9876580238342285,,,,,,,,,,,,,,,,,,,
2022-07-19 00:00:00+00:00,,5.581972122192383,FIL-USD,,,,6.05608606338501,,,,,,,,,,,,,,,,,,,
2022-07-20 00:00:00+00:00,,5.632761001586914,FIL-USD,,,,5.581972122192383,,,,,,,,,,,,,,,,,,,
2022-07-21 00:00:00+00:00,,5.486861228942871,FIL-USD,,,,5.632761001586914,,,,,,,,,,,,,,,,,,,
2022-07-22 00:00:00+00:00,,5.583065032958984,FIL-USD,,,,5.486861228942871,,,,,,,,,,,,,,,,,,,
2022-07-23 00:00:00+00:00,,5.648096084594727,FIL-USD,,,,5.583065032958984,,,,,,,,,,,,,,,,,,,
2022-07-24 00:00:00+00:00,,5.2368388175964355,FIL-USD,,,,5.648096084594727,,,,,,,,,,,,,,,,,,,
2022-07-25 00:00:00+00:00,,5.307251930236816,FIL-USD,,,,5.2368388175964355,,,,,,,,,,,,,,,,,,,
2022-07-26 00:00:00+00:00,,5.643929958343506,FIL-USD,,,,5.307251930236816,,,,,,,,,,,,,,,,,,,
2022-07-27 00:00:00+00:00,,5.935978889465332,FIL-USD,,,,5.643929958343506,,,,,,,,,,,,,,,,,,,
2022-07-28 00:00:00+00:00,,5.957067012786865,FIL-USD,,,,5.935978889465332,,,,,,,,,,,,,,,,,,,
2022-07-29 00:00:00+00:00,,8.047045707702637,FIL-USD,,,,5.957067012786865,,,,,,,,,,,,,,,,,,,
2022-07-30 00:00:00+00:00,,9.83788013458252,FIL-USD,,,,8.047045707702637,,,,,,,,,,,,,,,,,,,
2022-07-31 00:00:00+00:00,,8.811205863952637,FIL-USD,,,,9.83788013458252,,,,,,,,,,,,,,,,,,,
2022-08-01 00:00:00+00:00,,8.1564302444458,FIL-USD,,,,8.811205863952637,,,,,,,,,,,,,,,,,,,
2022-08-02 00:00:00+00:00,,8.09140396118164,FIL-USD,,,,8.1564302444458,,,,,,,,,,,,,,,,,,,
2022-08-03 00:00:00+00:00,,8.099920272827148,FIL-USD,,,,8.09140396118164,,,,,,,,,,,,,,,,,,,
2022-08-04 00:00:00+00:00,,8.344741821289062,FIL-USD,,,,8.099920272827148,,,,,,,,,,,,,,,,,,,
2022-08-05 00:00:00+00:00,,9.46484088897705,FIL-USD,,,,8.344741821289062,,,,,,,,,,,,,,,,,,,
2022-08-06 00:00:00+00:00,,8.782747268676758,FIL-USD,,,,9.46484088897705,,,,,,,,,,,,,,,,,,,
2022-08-07 00:00:00+00:00,,8.712516784667969,FIL-USD,,,,8.782747268676758,,,,,,,,,,,,,,,,,,,
2022-08-08 00:00:00+00:00,,8.041504859924316,FIL-USD,,,,8.712516784667969,,,,,,,,,,,,,,,,,,,
2022-08-09 00:00:00+00:00,,8.293768882751465,FIL-USD,,,,8.041504859924316,,,,,,,,,,,,,,,,,,,
2022-08-10 00:00:00+00:00,,8.36031723022461,FIL-USD,,,,8.293768882751465,,,,,,,,,,,,,,,,,,,
2022-08-11 00:00:00+00:00,,8.755224227905273,FIL-USD,,,,8.36031723022461,,,,,,,,,,,,,,,,,,,
2022-08-12 00:00:00+00:00,,8.347148895263672,FIL-USD,,,,8.755224227905273,,,,,,,,,,,,,,,,,,,
2022-08-13 00:00:00+00:00,,8.23807144165039,FIL-USD,,,,8.347148895263672,,,,,,,,,,,,,,,,,,,
2022-08-14 00:00:00+00:00,,8.473929405212402,FIL-USD,,,,8.23807144165039,,,,,,,,,,,,,,,,,,,
2022-08-15 00:00:00+00:00,,8.427290916442871,FIL-USD,,,,8.473929405212402,,,,,,,,,,,,,,,,,,,
2022-08-16 00:00:00+00:00,,8.176953315734863,FIL-USD,,,,8.427290916442871,,,,,,,,,,,,,,,,,,,
2022-08-17 00:00:00+00:00,,7.490127086639404,FIL-USD,,,,8.176953315734863,,,,,,,,,,,,,,,,,,,
2022-08-18 00:00:00+00:00,,6.472312927246094,FIL-USD,,,,7.490127086639404,,,,,,,,,,,,,,,,,,,
2022-08-19 00:00:00+00:00,,6.249107837677002,FIL-USD,,,,6.472312927246094,,,,,,,,,,,,,,,,,,,
2022-08-20 00:00:00+00:00,,6.415201187133789,FIL-USD,,,,6.249107837677002,,,,,,,,,,,,,,,,,,,
2022-08-21 00:00:00+00:00,,6.318514823913574,FIL-USD,,,,6.415201187133789,,,,,,,,,,,,,,,,,,,
2022-08-22 00:00:00+00:00,,6.376111030578613,FIL-USD,,,,6.318514823913574,,,,,,,,,,,,,,,,,,,
2022-08-23 00:00:00+00:00,,6.27642297744751,FIL-USD,,,,6.376111030578613,,,,,,,,,,,,,,,,,,,
2022-08-24 00:00:00+00:00,,6.363798141479492,FIL-USD,,,,6.27642297744751,,,,,,,,,,,,,,,,,,,
2022-08-25 00:00:00+00:00,,5.646422863006592,FIL-USD,,,,6.363798141479492,,,,,,,,,,,,,,,,,,,
2022-08-26 00:00:00+00:00,,5.830760955810547,FIL-USD,,,,5.646422863006592,,,,,,,,,,,,,,,,,,,
2022-08-27 00:00:00+00:00,,5.615006923675537,FIL-USD,,,,5.830760955810547,,,,,,,,,,,,,,,,,,,
2022-08-28 00:00:00+00:00,,6.021931171417236,FIL-USD,,,,5.615006923675537,,,,,,,,,,,,,,,,,,,
2022-08-29 00:00:00+00:00,,5.7067670822143555,FIL-USD,,,,6.021931171417236,,,,,,,,,,,,,,,,,,,
2022-08-30 00:00:00+00:00,,5.74414587020874,FIL-USD,,,,5.7067670822143555,,,,,,,,,,,,,,,,,,,
2022-08-31 00:00:00+00:00,,5.769774913787842,FIL-USD,,,,5.74414587020874,,,,,,,,,,,,,,,,,,,
2022-09-01 00:00:00+00:00,,5.830132961273193,FIL-USD,,,,5.769774913787842,,,,,,,,,,,,,,,,,,,
2022-09-02 00:00:00+00:00,,6.518858909606934,FIL-USD,,,,5.830132961273193,,,,,,,,,,,,,,,,,,,
2022-09-03 00:00:00+00:00,,6.263213157653809,FIL-USD,,,,6.518858909606934,,,,,,,,,,,,,,,,,,,
2022-09-04 00:00:00+00:00,,6.129817962646484,FIL-USD,,,,6.263213157653809,,,,,,,,,,,,,,,,,,,
2022-09-05 00:00:00+00:00,,5.608129978179932,FIL-USD,,,,6.129817962646484,,,,,,,,,,,,,,,,,,,
2022-09-06 00:00:00+00:00,,5.85374116897583,FIL-USD,,,,5.608129978179932,,,,,,,,,,,,,,,,,,,
2022-09-07 00:00:00+00:00,,5.86186408996582,FIL-USD,,,,5.85374116897583,,,,,,,,,,,,,,,,,,,
2022-09-08 00:00:00+00:00,,6.384137153625488,FIL-USD,,,,5.86186408996582,,,,,,,,,,,,,,,,,,,
2022-09-09 00:00:00+00:00,,6.363796234130859,FIL-USD,,,,6.384137153625488,,,,,,,,,,,,,,,,,,,
2022-09-10 00:00:00+00:00,,6.404723167419434,FIL-USD,,,,6.363796234130859,,,,,,,,,,,,,,,,,,,
2022-09-11 00:00:00+00:00,,6.541749954223633,FIL-USD,,,,6.404723167419434,,,,,,,,,,,,,,,,,,,
2022-09-12 00:00:00+00:00,,5.934765815734863,FIL-USD,,,,6.541749954223633,,,,,,,,,,,,,,,,,,,
2022-09-13 00:00:00+00:00,,5.959261894226074,FIL-USD,,,,5.934765815734863,,,,,,,,,,,,,,,,,,,
2022-09-14 00:00:00+00:00,,5.714375019073486,FIL-USD,,,,5.959261894226074,,,,,,,,,,,,,,,,,,,
2022-09-15 00:00:00+00:00,,5.823904991149902,FIL-USD,,,,5.714375019073486,,,,,,,,,,,,,,,,,,,
2022-09-16 00:00:00+00:00,,5.912121772766113,FIL-USD,,,,5.823904991149902,,,,,,,,,,,,,,,,,,,
2022-09-17 00:00:00+00:00,,5.2518110275268555,FIL-USD,,,,5.912121772766113,,,,,,,,,,,,,,,,,,,
2022-09-18 00:00:00+00:00,,5.480258941650391,FIL-USD,,,,5.2518110275268555,,,,,,,,,,,,,,,,,,,
2022-09-19 00:00:00+00:00,,5.314150810241699,FIL-USD,,,,5.480258941650391,,,,,,,,,,,,,,,,,,,
2022-09-20 00:00:00+00:00,,5.2790632247924805,FIL-USD,,,,5.314150810241699,,,,,,,,,,,,,,,,,,,
2022-09-21 00:00:00+00:00,,5.520966053009033,FIL-USD,,,,5.2790632247924805,,,,,,,,,,,,,,,,,,,
2022-09-22 00:00:00+00:00,,5.702567100524902,FIL-USD,,,,5.520966053009033,,,,,,,,,,,,,,,,,,,
2022-09-23 00:00:00+00:00,,5.5742411613464355,FIL-USD,,,,5.702567100524902,,,,,,,,,,,,,,,,,,,
2022-09-24 00:00:00+00:00,,5.717006206512451,FIL-USD,,,,5.5742411613464355,,,,,,,,,,,,,,,,,,,
2022-09-25 00:00:00+00:00,,5.688374996185303,FIL-USD,,,,5.717006206512451,,,,,,,,,,,,,,,,,,,
2022-09-26 00:00:00+00:00,,5.733759880065918,FIL-USD,,,,5.688374996185303,,,,,,,,,,,,,,,,,,,
2022-09-27 00:00:00+00:00,,5.862675189971924,FIL-USD,,,,5.733759880065918,,,,,,,,,,,,,,,,,,,
2022-09-28 00:00:00+00:00,,5.781772136688232,FIL-USD,,,,5.862675189971924,,,,,,,,,,,,,,,,,,,
2022-09-29 00:00:00+00:00,,5.6842241287231445,FIL-USD,,,,5.781772136688232,,,,,,,,,,,,,,,,,,,
2022-09-30 00:00:00+00:00,,5.517214775085449,FIL-USD,,,,5.6842241287231445,,,,,,,,,,,,,,,,,,,
2022-10-01 00:00:00+00:00,,5.377714157104492,FIL-USD,,,,5.517214775085449,,,,,,,,,,,,,,,,,,,
2022-10-02 00:00:00+00:00,,5.525444984436035,FIL-USD,,,,5.377714157104492,,,,,,,,,,,,,,,,,,,
2022-10-03 00:00:00+00:00,,5.6035051345825195,FIL-USD,,,,5.525444984436035,,,,,,,,,,,,,,,,,,,
2022-10-04 00:00:00+00:00,,5.5872111320495605,FIL-USD,,,,5.6035051345825195,,,,,,,,,,,,,,,,,,,
2022-10-05 00:00:00+00:00,,5.487321853637695,FIL-USD,,,,5.5872111320495605,,,,,,,,,,,,,,,,,,,
2022-10-06 00:00:00+00:00,,5.4717512130737305,FIL-USD,,,,5.487321853637695,,,,,,,,,,,,,,,,,,,
2022-10-07 00:00:00+00:00,,5.397411823272705,FIL-USD,,,,5.4717512130737305,,,,,,,,,,,,,,,,,,,
2022-10-08 00:00:00+00:00,,5.431464195251465,FIL-USD,,,,5.397411823272705,,,,,,,,,,,,,,,,,,,
2022-10-09 00:00:00+00:00,,5.156588077545166,FIL-USD,,,,5.431464195251465,,,,,,,,,,,,,,,,,,,
2022-10-10 00:00:00+00:00,,5.129609107971191,FIL-USD,,,,5.156588077545166,,,,,,,,,,,,,,,,,,,
2022-10-11 00:00:00+00:00,,5.145175933837891,FIL-USD,,,,5.129609107971191,,,,,,,,,,,,,,,,,,,
2022-10-12 00:00:00+00:00,,5.137164115905762,FIL-USD,,,,5.145175933837891,,,,,,,,,,,,,,,,,,,
2022-10-13 00:00:00+00:00,,5.066583156585693,FIL-USD,,,,5.137164115905762,,,,,,,,,,,,,,,,,,,
2022-10-14 00:00:00+00:00,,5.1848578453063965,FIL-USD,,,,5.066583156585693,,,,,,,,,,,,,,,,,,,
2022-10-15 00:00:00+00:00,,5.153086185455322,FIL-USD,,,,5.1848578453063965,,,,,,,,,,,,,,,,,,,
2022-10-16 00:00:00+00:00,,5.256277084350586,FIL-USD,,,,5.153086185455322,,,,,,,,,,,,,,,,,,,
2022-10-17 00:00:00+00:00,,5.127111911773682,FIL-USD,,,,5.256277084350586,,,,,,,,,,,,,,,,,,,
2022-10-18 00:00:00+00:00,,4.986443996429443,FIL-USD,,,,5.127111911773682,,,,,,,,,,,,,,,,,,,
2022-10-19 00:00:00+00:00,,4.94537878036499,FIL-USD,,,,4.986443996429443,,,,,,,,,,,,,,,,,,,
2022-10-20 00:00:00+00:00,,4.95910120010376,FIL-USD,,,,4.94537878036499,,,,,,,,,,,,,,,,,,,
2022-10-21 00:00:00+00:00,,4.950118064880371,FIL-USD,,,,4.95910120010376,,,,,,,,,,,,,,,,,,,
2022-10-22 00:00:00+00:00,,5.11720609664917,FIL-USD,,,,4.950118064880371,,,,,,,,,,,,,,,,,,,
2022-10-23 00:00:00+00:00,,4.947824001312256,FIL-USD,,,,5.11720609664917,,,,,,,,,,,,,,,,,,,
2022-10-24 00:00:00+00:00,,5.187370777130127,FIL-USD,,,,4.947824001312256,,,,,,,,,,,,,,,,,,,
2022-10-25 00:00:00+00:00,,5.266149044036865,FIL-USD,,,,5.187370777130127,,,,,,,,,,,,,,,,,,,
2022-10-26 00:00:00+00:00,,5.239209175109863,FIL-USD,,,,5.266149044036865,,,,,,,,,,,,,,,,,,,
2022-10-27 00:00:00+00:00,,5.367282867431641,FIL-USD,,,,5.239209175109863,,,,,,,,,,,,,,,,,,,
2022-10-28 00:00:00+00:00,,5.703996181488037,FIL-USD,,,,5.367282867431641,,,,,,,,,,,,,,,,,,,
2022-10-29 00:00:00+00:00,,5.393941879272461,FIL-USD,,,,5.703996181488037,,,,,,,,,,,,,,,,,,,
2022-10-30 00:00:00+00:00,,5.437129020690918,FIL-USD,,,,5.393941879272461,,,,,,,,,,,,,,,,,,,
2022-10-31 00:00:00+00:00,,5.369184970855713,FIL-USD,,,,5.437129020690918,,,,,,,,,,,,,,,,,,,
2022-11-01 00:00:00+00:00,,5.22366189956665,FIL-USD,,,,5.369184970855713,,,,,,,,,,,,,,,,,,,
2022-11-02 00:00:00+00:00,,5.786262035369873,FIL-USD,,,,5.22366189956665,,,,,,,,,,,,,,,,,,,
2022-11-03 00:00:00+00:00,,6.14695405960083,FIL-USD,,,,5.786262035369873,,,,,,,,,,,,,,,,,,,
2022-11-04 00:00:00+00:00,,6.168159008026123,FIL-USD,,,,6.14695405960083,,,,,,,,,,,,,,,,,,,
2022-11-05 00:00:00+00:00,,5.835936069488525,FIL-USD,,,,6.168159008026123,,,,,,,,,,,,,,,,,,,
2022-11-06 00:00:00+00:00,,5.743157863616943,FIL-USD,,,,5.835936069488525,,,,,,,,,,,,,,,,,,,
2022-11-07 00:00:00+00:00,,4.791947841644287,FIL-USD,,,,5.743157863616943,,,,,,,,,,,,,,,,,,,
2022-11-08 00:00:00+00:00,,4.149934768676758,FIL-USD,,,,4.791947841644287,,,,,,,,,,,,,,,,,,,
2022-11-09 00:00:00+00:00,,4.635340213775635,FIL-USD,,,,4.149934768676758,,,,,,,,,,,,,,,,,,,
2022-11-10 00:00:00+00:00,,4.469414234161377,FIL-USD,,,,4.635340213775635,,,,,,,,,,,,,,,,,,,
2022-11-11 00:00:00+00:00,,4.268033981323242,FIL-USD,,,,4.469414234161377,,,,,,,,,,,,,,,,,,,
2022-11-12 00:00:00+00:00,,4.293975830078125,FIL-USD,,,,4.268033981323242,,,,,,,,,,,,,,,,,,,
2022-11-13 00:00:00+00:00,,4.316590785980225,FIL-USD,,,,4.293975830078125,,,,,,,,,,,,,,,,,,,
2022-11-14 00:00:00+00:00,,4.3891401290893555,FIL-USD,,,,4.316590785980225,,,,,,,,,,,,,,,,,,,
2022-11-15 00:00:00+00:00,,4.337913990020752,FIL-USD,,,,4.3891401290893555,,,,,,,,,,,,,,,,,,,
2022-11-16 00:00:00+00:00,,4.314888000488281,FIL-USD,,,,4.337913990020752,,,,,,,,,,,,,,,,,,,
2022-11-17 00:00:00+00:00,,4.345102787017822,FIL-USD,,,,4.314888000488281,,,,,,,,,,,,,,,,,,,
2022-11-18 00:00:00+00:00,,4.381630897521973,FIL-USD,,,,4.345102787017822,,,,,,,,,,,,,,,,,,,
2022-11-19 00:00:00+00:00,,4.164133071899414,FIL-USD,,,,4.381630897521973,,,,,,,,,,,,,,,,,,,
2022-11-20 00:00:00+00:00,,4.164794921875,FIL-USD,,,,4.164133071899414,,,,,,,,,,,,,,,,,,,
2022-11-21 00:00:00+00:00,,4.317387104034424,FIL-USD,,,,4.164794921875,,,,,,,,,,,,,,,,,,,
2022-11-22 00:00:00+00:00,,4.439844131469727,FIL-USD,,,,4.317387104034424,,,,,,,,,,,,,,,,,,,
2022-11-23 00:00:00+00:00,,4.3924150466918945,FIL-USD,,,,4.439844131469727,,,,,,,,,,,,,,,,,,,
2022-11-24 00:00:00+00:00,,4.291097164154053,FIL-USD,,,,4.3924150466918945,,,,,,,,,,,,,,,,,,,
2022-11-25 00:00:00+00:00,,4.306499004364014,FIL-USD,,,,4.291097164154053,,,,,,,,,,,,,,,,,,,
2022-11-26 00:00:00+00:00,,4.344768047332764,FIL-USD,,,,4.306499004364014,,,,,,,,,,,,,,,,,,,
2022-11-27 00:00:00+00:00,,4.257767200469971,FIL-USD,,,,4.344768047332764,,,,,,,,,,,,,,,,,,,
2022-11-28 00:00:00+00:00,,4.351963043212891,FIL-USD,,,,4.257767200469971,,,,,,,,,,,,,,,,,,,
2022-11-29 00:00:00+00:00,,4.421574115753174,FIL-USD,,,,4.351963043212891,,,,,,,,,,,,,,,,,,,
2022-11-30 00:00:00+00:00,,4.384764194488525,FIL-USD,,,,4.421574115753174,,,,,,,,,,,,,,,,,,,
2022-12-01 00:00:00+00:00,,4.6456499099731445,FIL-USD,,,,4.384764194488525,,,,,,,,,,,,,,,,,,,
2022-12-02 00:00:00+00:00,,4.4222612380981445,FIL-USD,,,,4.6456499099731445,,,,,,,,,,,,,,,,,,,
2022-12-03 00:00:00+00:00,,4.579728126525879,FIL-USD,,,,4.4222612380981445,,,,,,,,,,,,,,,,,,,
2022-12-04 00:00:00+00:00,,4.519782066345215,FIL-USD,,,,4.579728126525879,,,,,,,,,,,,,,,,,,,
2022-12-05 00:00:00+00:00,,4.591221809387207,FIL-USD,,,,4.519782066345215,,,,,,,,,,,,,,,,,,,
2022-12-06 00:00:00+00:00,,4.344595909118652,FIL-USD,,,,4.591221809387207,,,,,,,,,,,,,,,,,,,
2022-12-07 00:00:00+00:00,,4.394505023956299,FIL-USD,,,,4.344595909118652,,,,,,,,,,,,,,,,,,,
2022-12-08 00:00:00+00:00,,4.431239128112793,FIL-USD,,,,4.394505023956299,,,,,,,,,,,,,,,,,,,
2022-12-09 00:00:00+00:00,,4.377203941345215,FIL-USD,,,,4.431239128112793,,,,,,,,,,,,,,,,,,,
2022-12-10 00:00:00+00:00,,4.287731170654297,FIL-USD,,,,4.377203941345215,,,,,,,,,,,,,,,,,,,
2022-12-11 00:00:00+00:00,,4.260043144226074,FIL-USD,,,,4.287731170654297,,,,,,,,,,,,,,,,,,,
2022-12-12 00:00:00+00:00,,4.3187360763549805,FIL-USD,,,,4.260043144226074,,,,,,,,,,,,,,,,,,,
2022-12-13 00:00:00+00:00,,4.230090141296387,FIL-USD,,,,4.3187360763549805,,,,,,,,,,,,,,,,,,,
2022-12-14 00:00:00+00:00,,4.145280838012695,FIL-USD,,,,4.230090141296387,,,,,,,,,,,,,,,,,,,
2022-12-15 00:00:00+00:00,,3.018541097640991,FIL-USD,,,,4.145280838012695,,,,,,,,,,,,,,,,,,,
2022-12-16 00:00:00+00:00,,3.206968069076538,FIL-USD,,,,3.018541097640991,,,,,,,,,,,,,,,,,,,
2022-12-17 00:00:00+00:00,,3.0572550296783447,FIL-USD,,,,3.206968069076538,,,,,,,,,,,,,,,,,,,
2022-12-18 00:00:00+00:00,,2.8067610263824463,FIL-USD,,,,3.0572550296783447,,,,,,,,,,,,,,,,,,,
2022-12-19 00:00:00+00:00,,2.980649948120117,FIL-USD,,,,2.8067610263824463,,,,,,,,,,,,,,,,,,,
2022-12-20 00:00:00+00:00,,2.974302053451538,FIL-USD,,,,2.980649948120117,,,,,,,,,,,,,,,,,,,
2022-12-21 00:00:00+00:00,,2.9921629428863525,FIL-USD,,,,2.974302053451538,,,,,,,,,,,,,,,,,,,
2022-12-22 00:00:00+00:00,,2.971451997756958,FIL-USD,,,,2.9921629428863525,,,,,,,,,,,,,,,,,,,
2022-12-23 00:00:00+00:00,,2.9350860118865967,FIL-USD,,,,2.971451997756958,,,,,,,,,,,,,,,,,,,
2022-12-24 00:00:00+00:00,,2.963340997695923,FIL-USD,,,,2.9350860118865967,,,,,,,,,,,,,,,,,,,
2022-12-25 00:00:00+00:00,,3.003351926803589,FIL-USD,,,,2.963340997695923,,,,,,,,,,,,,,,,,,,
2022-12-26 00:00:00+00:00,,3.070625066757202,FIL-USD,,,,3.003351926803589,,,,,,,,,,,,,,,,,,,
2022-12-27 00:00:00+00:00,,2.993835926055908,FIL-USD,,,,3.070625066757202,,,,,,,,,,,,,,,,,,,
2022-12-28 00:00:00+00:00,,2.979429006576538,FIL-USD,,,,2.993835926055908,,,,,,,,,,,,,,,,,,,
2022-12-29 00:00:00+00:00,,2.972994089126587,FIL-USD,,,,2.979429006576538,,,,,,,,,,,,,,,,,,,
2022-12-30 00:00:00+00:00,,3.0091280937194824,FIL-USD,,,,2.972994089126587,,,,,,,,,,,,,,,,,,,
2022-12-31 00:00:00+00:00,,,FIL-USD,,,,3.0091280937194824,,,,,,,,,,,,,,,,,,,
2022-01-01 00:00:00+00:00,,3.7794179916381836,LEO-USD,,,,,3.8035600185394287,,,,,,,,,,,,,,,,,,
2022-01-02 00:00:00+00:00,,3.79596209526062,LEO-USD,,,,,3.7794179916381836,,,,,,,,,,,,,,,,,,
2022-01-03 00:00:00+00:00,,3.783945083618164,LEO-USD,,,,,3.79596209526062,,,,,,,,,,,,,,,,,,
2022-01-04 00:00:00+00:00,,3.8018059730529785,LEO-USD,,,,,3.783945083618164,,,,,,,,,,,,,,,,,,
2022-01-05 00:00:00+00:00,,3.7679500579833984,LEO-USD,,,,,3.8018059730529785,,,,,,,,,,,,,,,,,,
2022-01-06 00:00:00+00:00,,3.5637590885162354,LEO-USD,,,,,3.7679500579833984,,,,,,,,,,,,,,,,,,
2022-01-07 00:00:00+00:00,,3.7520809173583984,LEO-USD,,,,,3.5637590885162354,,,,,,,,,,,,,,,,,,
2022-01-08 00:00:00+00:00,,3.752955913543701,LEO-USD,,,,,3.7520809173583984,,,,,,,,,,,,,,,,,,
2022-01-09 00:00:00+00:00,,3.741364002227783,LEO-USD,,,,,3.752955913543701,,,,,,,,,,,,,,,,,,
2022-01-10 00:00:00+00:00,,3.7353899478912354,LEO-USD,,,,,3.741364002227783,,,,,,,,,,,,,,,,,,
2022-01-11 00:00:00+00:00,,3.8492650985717773,LEO-USD,,,,,3.7353899478912354,,,,,,,,,,,,,,,,,,
2022-01-12 00:00:00+00:00,,3.8045849800109863,LEO-USD,,,,,3.8492650985717773,,,,,,,,,,,,,,,,,,
2022-01-13 00:00:00+00:00,,3.7757019996643066,LEO-USD,,,,,3.8045849800109863,,,,,,,,,,,,,,,,,,
2022-01-14 00:00:00+00:00,,3.7692620754241943,LEO-USD,,,,,3.7757019996643066,,,,,,,,,,,,,,,,,,
2022-01-15 00:00:00+00:00,,3.787921905517578,LEO-USD,,,,,3.7692620754241943,,,,,,,,,,,,,,,,,,
2022-01-16 00:00:00+00:00,,3.7713279724121094,LEO-USD,,,,,3.787921905517578,,,,,,,,,,,,,,,,,,
2022-01-17 00:00:00+00:00,,3.678723096847534,LEO-USD,,,,,3.7713279724121094,,,,,,,,,,,,,,,,,,
2022-01-18 00:00:00+00:00,,3.6598310470581055,LEO-USD,,,,,3.678723096847534,,,,,,,,,,,,,,,,,,
2022-01-19 00:00:00+00:00,,3.707648992538452,LEO-USD,,,,,3.6598310470581055,,,,,,,,,,,,,,,,,,
2022-01-20 00:00:00+00:00,,3.5203630924224854,LEO-USD,,,,,3.707648992538452,,,,,,,,,,,,,,,,,,
2022-01-21 00:00:00+00:00,,3.586916923522949,LEO-USD,,,,,3.5203630924224854,,,,,,,,,,,,,,,,,,
2022-01-22 00:00:00+00:00,,3.557343006134033,LEO-USD,,,,,3.586916923522949,,,,,,,,,,,,,,,,,,
2022-01-23 00:00:00+00:00,,3.539088010787964,LEO-USD,,,,,3.557343006134033,,,,,,,,,,,,,,,,,,
2022-01-24 00:00:00+00:00,,3.5063400268554688,LEO-USD,,,,,3.539088010787964,,,,,,,,,,,,,,,,,,
2022-01-25 00:00:00+00:00,,3.575200080871582,LEO-USD,,,,,3.5063400268554688,,,,,,,,,,,,,,,,,,
2022-01-26 00:00:00+00:00,,3.46561598777771,LEO-USD,,,,,3.575200080871582,,,,,,,,,,,,,,,,,,
2022-01-27 00:00:00+00:00,,3.4455950260162354,LEO-USD,,,,,3.46561598777771,,,,,,,,,,,,,,,,,,
2022-01-28 00:00:00+00:00,,3.467034101486206,LEO-USD,,,,,3.4455950260162354,,,,,,,,,,,,,,,,,,
2022-01-29 00:00:00+00:00,,3.555912971496582,LEO-USD,,,,,3.467034101486206,,,,,,,,,,,,,,,,,,
2022-01-30 00:00:00+00:00,,3.705928087234497,LEO-USD,,,,,3.555912971496582,,,,,,,,,,,,,,,,,,
2022-01-31 00:00:00+00:00,,4.251046180725098,LEO-USD,,,,,3.705928087234497,,,,,,,,,,,,,,,,,,
2022-02-01 00:00:00+00:00,,4.1240620613098145,LEO-USD,,,,,4.251046180725098,,,,,,,,,,,,,,,,,,
2022-02-02 00:00:00+00:00,,4.1214399337768555,LEO-USD,,,,,4.1240620613098145,,,,,,,,,,,,,,,,,,
2022-02-03 00:00:00+00:00,,5.188880920410156,LEO-USD,,,,,4.1214399337768555,,,,,,,,,,,,,,,,,,
2022-02-04 00:00:00+00:00,,4.8125457763671875,LEO-USD,,,,,5.188880920410156,,,,,,,,,,,,,,,,,,
2022-02-05 00:00:00+00:00,,5.094941139221191,LEO-USD,,,,,4.8125457763671875,,,,,,,,,,,,,,,,,,
2022-02-06 00:00:00+00:00,,4.824516773223877,LEO-USD,,,,,5.094941139221191,,,,,,,,,,,,,,,,,,
2022-02-07 00:00:00+00:00,,7.500967025756836,LEO-USD,,,,,4.824516773223877,,,,,,,,,,,,,,,,,,
2022-02-08 00:00:00+00:00,,6.827477931976318,LEO-USD,,,,,7.500967025756836,,,,,,,,,,,,,,,,,,
2022-02-09 00:00:00+00:00,,6.147470951080322,LEO-USD,,,,,6.827477931976318,,,,,,,,,,,,,,,,,,
2022-02-10 00:00:00+00:00,,6.156628131866455,LEO-USD,,,,,6.147470951080322,,,,,,,,,,,,,,,,,,
2022-02-11 00:00:00+00:00,,5.9261298179626465,LEO-USD,,,,,6.156628131866455,,,,,,,,,,,,,,,,,,
2022-02-12 00:00:00+00:00,,5.835488796234131,LEO-USD,,,,,5.9261298179626465,,,,,,,,,,,,,,,,,,
2022-02-13 00:00:00+00:00,,5.865060806274414,LEO-USD,,,,,5.835488796234131,,,,,,,,,,,,,,,,,,
2022-02-14 00:00:00+00:00,,5.958703994750977,LEO-USD,,,,,5.865060806274414,,,,,,,,,,,,,,,,,,
2022-02-15 00:00:00+00:00,,5.865306854248047,LEO-USD,,,,,5.958703994750977,,,,,,,,,,,,,,,,,,
2022-02-16 00:00:00+00:00,,5.586009979248047,LEO-USD,,,,,5.865306854248047,,,,,,,,,,,,,,,,,,
2022-02-17 00:00:00+00:00,,5.667549133300781,LEO-USD,,,,,5.586009979248047,,,,,,,,,,,,,,,,,,
2022-02-18 00:00:00+00:00,,5.795434951782227,LEO-USD,,,,,5.667549133300781,,,,,,,,,,,,,,,,,,
2022-02-19 00:00:00+00:00,,5.7721757888793945,LEO-USD,,,,,5.795434951782227,,,,,,,,,,,,,,,,,,
2022-02-20 00:00:00+00:00,,5.862610816955566,LEO-USD,,,,,5.7721757888793945,,,,,,,,,,,,,,,,,,
2022-02-21 00:00:00+00:00,,5.832304954528809,LEO-USD,,,,,5.862610816955566,,,,,,,,,,,,,,,,,,
2022-02-22 00:00:00+00:00,,6.104641914367676,LEO-USD,,,,,5.832304954528809,,,,,,,,,,,,,,,,,,
2022-02-23 00:00:00+00:00,,5.6931681632995605,LEO-USD,,,,,6.104641914367676,,,,,,,,,,,,,,,,,,
2022-02-24 00:00:00+00:00,,5.922957897186279,LEO-USD,,,,,5.6931681632995605,,,,,,,,,,,,,,,,,,
2022-02-25 00:00:00+00:00,,6.05531120300293,LEO-USD,,,,,5.922957897186279,,,,,,,,,,,,,,,,,,
2022-02-26 00:00:00+00:00,,5.9554009437561035,LEO-USD,,,,,6.05531120300293,,,,,,,,,,,,,,,,,,
2022-02-27 00:00:00+00:00,,5.941997051239014,LEO-USD,,,,,5.9554009437561035,,,,,,,,,,,,,,,,,,
2022-02-28 00:00:00+00:00,,5.928515911102295,LEO-USD,,,,,5.941997051239014,,,,,,,,,,,,,,,,,,
2022-03-01 00:00:00+00:00,,5.935037136077881,LEO-USD,,,,,5.928515911102295,,,,,,,,,,,,,,,,,,
2022-03-02 00:00:00+00:00,,5.621327877044678,LEO-USD,,,,,5.935037136077881,,,,,,,,,,,,,,,,,,
2022-03-03 00:00:00+00:00,,5.511385917663574,LEO-USD,,,,,5.621327877044678,,,,,,,,,,,,,,,,,,
2022-03-04 00:00:00+00:00,,5.343326091766357,LEO-USD,,,,,5.511385917663574,,,,,,,,,,,,,,,,,,
2022-03-05 00:00:00+00:00,,5.3729329109191895,LEO-USD,,,,,5.343326091766357,,,,,,,,,,,,,,,,,,
2022-03-06 00:00:00+00:00,,5.381678104400635,LEO-USD,,,,,5.3729329109191895,,,,,,,,,,,,,,,,,,
2022-03-07 00:00:00+00:00,,5.6429290771484375,LEO-USD,,,,,5.381678104400635,,,,,,,,,,,,,,,,,,
2022-03-08 00:00:00+00:00,,5.805222988128662,LEO-USD,,,,,5.6429290771484375,,,,,,,,,,,,,,,,,,
2022-03-09 00:00:00+00:00,,5.803005218505859,LEO-USD,,,,,5.805222988128662,,,,,,,,,,,,,,,,,,
2022-03-10 00:00:00+00:00,,5.828771114349365,LEO-USD,,,,,5.803005218505859,,,,,,,,,,,,,,,,,,
2022-03-11 00:00:00+00:00,,5.815075874328613,LEO-USD,,,,,5.828771114349365,,,,,,,,,,,,,,,,,,
2022-03-12 00:00:00+00:00,,5.812333106994629,LEO-USD,,,,,5.815075874328613,,,,,,,,,,,,,,,,,,
2022-03-13 00:00:00+00:00,,5.869568824768066,LEO-USD,,,,,5.812333106994629,,,,,,,,,,,,,,,,,,
2022-03-14 00:00:00+00:00,,5.88040018081665,LEO-USD,,,,,5.869568824768066,,,,,,,,,,,,,,,,,,
2022-03-15 00:00:00+00:00,,6.022833824157715,LEO-USD,,,,,5.88040018081665,,,,,,,,,,,,,,,,,,
2022-03-16 00:00:00+00:00,,6.22924280166626,LEO-USD,,,,,6.022833824157715,,,,,,,,,,,,,,,,,,
2022-03-17 00:00:00+00:00,,6.069159030914307,LEO-USD,,,,,6.22924280166626,,,,,,,,,,,,,,,,,,
2022-03-18 00:00:00+00:00,,6.031686782836914,LEO-USD,,,,,6.069159030914307,,,,,,,,,,,,,,,,,,
2022-03-19 00:00:00+00:00,,6.063270092010498,LEO-USD,,,,,6.031686782836914,,,,,,,,,,,,,,,,,,
2022-03-20 00:00:00+00:00,,6.167806148529053,LEO-USD,,,,,6.063270092010498,,,,,,,,,,,,,,,,,,
2022-03-21 00:00:00+00:00,,6.169386863708496,LEO-USD,,,,,6.167806148529053,,,,,,,,,,,,,,,,,,
2022-03-22 00:00:00+00:00,,6.010436058044434,LEO-USD,,,,,6.169386863708496,,,,,,,,,,,,,,,,,,
2022-03-23 00:00:00+00:00,,6.009944915771484,LEO-USD,,,,,6.010436058044434,,,,,,,,,,,,,,,,,,
2022-03-24 00:00:00+00:00,,5.89239501953125,LEO-USD,,,,,6.009944915771484,,,,,,,,,,,,,,,,,,
2022-03-25 00:00:00+00:00,,5.784212112426758,LEO-USD,,,,,5.89239501953125,,,,,,,,,,,,,,,,,,
2022-03-26 00:00:00+00:00,,6.116147994995117,LEO-USD,,,,,5.784212112426758,,,,,,,,,,,,,,,,,,
2022-03-27 00:00:00+00:00,,6.1334228515625,LEO-USD,,,,,6.116147994995117,,,,,,,,,,,,,,,,,,
2022-03-28 00:00:00+00:00,,5.9719319343566895,LEO-USD,,,,,6.1334228515625,,,,,,,,,,,,,,,,,,
2022-03-29 00:00:00+00:00,,6.062673091888428,LEO-USD,,,,,5.9719319343566895,,,,,,,,,,,,,,,,,,
2022-03-30 00:00:00+00:00,,5.808413982391357,LEO-USD,,,,,6.062673091888428,,,,,,,,,,,,,,,,,,
2022-03-31 00:00:00+00:00,,5.981730937957764,LEO-USD,,,,,5.808413982391357,,,,,,,,,,,,,,,,,,
2022-04-01 00:00:00+00:00,,6.072326183319092,LEO-USD,,,,,5.981730937957764,,,,,,,,,,,,,,,,,,
2022-04-02 00:00:00+00:00,,5.996935844421387,LEO-USD,,,,,6.072326183319092,,,,,,,,,,,,,,,,,,
2022-04-03 00:00:00+00:00,,6.0232977867126465,LEO-USD,,,,,5.996935844421387,,,,,,,,,,,,,,,,,,
2022-04-04 00:00:00+00:00,,5.761684894561768,LEO-USD,,,,,6.0232977867126465,,,,,,,,,,,,,,,,,,
2022-04-05 00:00:00+00:00,,5.8259429931640625,LEO-USD,,,,,5.761684894561768,,,,,,,,,,,,,,,,,,
2022-04-06 00:00:00+00:00,,5.8467488288879395,LEO-USD,,,,,5.8259429931640625,,,,,,,,,,,,,,,,,,
2022-04-07 00:00:00+00:00,,5.870569229125977,LEO-USD,,,,,5.8467488288879395,,,,,,,,,,,,,,,,,,
2022-04-08 00:00:00+00:00,,5.854590892791748,LEO-USD,,,,,5.870569229125977,,,,,,,,,,,,,,,,,,
2022-04-09 00:00:00+00:00,,5.951510906219482,LEO-USD,,,,,5.854590892791748,,,,,,,,,,,,,,,,,,
2022-04-10 00:00:00+00:00,,5.554004192352295,LEO-USD,,,,,5.951510906219482,,,,,,,,,,,,,,,,,,
2022-04-11 00:00:00+00:00,,5.705574035644531,LEO-USD,,,,,5.554004192352295,,,,,,,,,,,,,,,,,,
2022-04-12 00:00:00+00:00,,5.6898579597473145,LEO-USD,,,,,5.705574035644531,,,,,,,,,,,,,,,,,,
2022-04-13 00:00:00+00:00,,5.740508079528809,LEO-USD,,,,,5.6898579597473145,,,,,,,,,,,,,,,,,,
2022-04-14 00:00:00+00:00,,5.773069858551025,LEO-USD,,,,,5.740508079528809,,,,,,,,,,,,,,,,,,
2022-04-15 00:00:00+00:00,,5.827218055725098,LEO-USD,,,,,5.773069858551025,,,,,,,,,,,,,,,,,,
2022-04-16 00:00:00+00:00,,5.854565143585205,LEO-USD,,,,,5.827218055725098,,,,,,,,,,,,,,,,,,
2022-04-17 00:00:00+00:00,,5.952357769012451,LEO-USD,,,,,5.854565143585205,,,,,,,,,,,,,,,,,,
2022-04-18 00:00:00+00:00,,5.820404052734375,LEO-USD,,,,,5.952357769012451,,,,,,,,,,,,,,,,,,
2022-04-19 00:00:00+00:00,,5.95620584487915,LEO-USD,,,,,5.820404052734375,,,,,,,,,,,,,,,,,,
2022-04-20 00:00:00+00:00,,5.944632053375244,LEO-USD,,,,,5.95620584487915,,,,,,,,,,,,,,,,,,
2022-04-21 00:00:00+00:00,,5.850450038909912,LEO-USD,,,,,5.944632053375244,,,,,,,,,,,,,,,,,,
2022-04-22 00:00:00+00:00,,5.887743949890137,LEO-USD,,,,,5.850450038909912,,,,,,,,,,,,,,,,,,
2022-04-23 00:00:00+00:00,,5.828708171844482,LEO-USD,,,,,5.887743949890137,,,,,,,,,,,,,,,,,,
2022-04-24 00:00:00+00:00,,5.932983875274658,LEO-USD,,,,,5.828708171844482,,,,,,,,,,,,,,,,,,
2022-04-25 00:00:00+00:00,,5.82572078704834,LEO-USD,,,,,5.932983875274658,,,,,,,,,,,,,,,,,,
2022-04-26 00:00:00+00:00,,5.783480167388916,LEO-USD,,,,,5.82572078704834,,,,,,,,,,,,,,,,,,
2022-04-27 00:00:00+00:00,,5.711273193359375,LEO-USD,,,,,5.783480167388916,,,,,,,,,,,,,,,,,,
2022-04-28 00:00:00+00:00,,5.7104058265686035,LEO-USD,,,,,5.711273193359375,,,,,,,,,,,,,,,,,,
2022-04-29 00:00:00+00:00,,5.666691780090332,LEO-USD,,,,,5.7104058265686035,,,,,,,,,,,,,,,,,,
2022-04-30 00:00:00+00:00,,5.556923866271973,LEO-USD,,,,,5.666691780090332,,,,,,,,,,,,,,,,,,
2022-05-01 00:00:00+00:00,,5.742866039276123,LEO-USD,,,,,5.556923866271973,,,,,,,,,,,,,,,,,,
2022-05-02 00:00:00+00:00,,5.602704048156738,LEO-USD,,,,,5.742866039276123,,,,,,,,,,,,,,,,,,
2022-05-03 00:00:00+00:00,,5.6231231689453125,LEO-USD,,,,,5.602704048156738,,,,,,,,,,,,,,,,,,
2022-05-04 00:00:00+00:00,,5.136645793914795,LEO-USD,,,,,5.6231231689453125,,,,,,,,,,,,,,,,,,
2022-05-05 00:00:00+00:00,,5.376832962036133,LEO-USD,,,,,5.136645793914795,,,,,,,,,,,,,,,,,,
2022-05-06 00:00:00+00:00,,5.2735490798950195,LEO-USD,,,,,5.376832962036133,,,,,,,,,,,,,,,,,,
2022-05-07 00:00:00+00:00,,5.340774059295654,LEO-USD,,,,,5.2735490798950195,,,,,,,,,,,,,,,,,,
2022-05-08 00:00:00+00:00,,5.200699806213379,LEO-USD,,,,,5.340774059295654,,,,,,,,,,,,,,,,,,
2022-05-09 00:00:00+00:00,,5.416736125946045,LEO-USD,,,,,5.200699806213379,,,,,,,,,,,,,,,,,,
2022-05-10 00:00:00+00:00,,5.207250118255615,LEO-USD,,,,,5.416736125946045,,,,,,,,,,,,,,,,,,
2022-05-11 00:00:00+00:00,,5.0922088623046875,LEO-USD,,,,,5.207250118255615,,,,,,,,,,,,,,,,,,
2022-05-12 00:00:00+00:00,,5.064846992492676,LEO-USD,,,,,5.0922088623046875,,,,,,,,,,,,,,,,,,
2022-05-13 00:00:00+00:00,,5.019296169281006,LEO-USD,,,,,5.064846992492676,,,,,,,,,,,,,,,,,,
2022-05-14 00:00:00+00:00,,4.980979919433594,LEO-USD,,,,,5.019296169281006,,,,,,,,,,,,,,,,,,
2022-05-15 00:00:00+00:00,,4.935696125030518,LEO-USD,,,,,4.980979919433594,,,,,,,,,,,,,,,,,,
2022-05-16 00:00:00+00:00,,4.9816389083862305,LEO-USD,,,,,4.935696125030518,,,,,,,,,,,,,,,,,,
2022-05-17 00:00:00+00:00,,4.9372639656066895,LEO-USD,,,,,4.9816389083862305,,,,,,,,,,,,,,,,,,
2022-05-18 00:00:00+00:00,,4.9793829917907715,LEO-USD,,,,,4.9372639656066895,,,,,,,,,,,,,,,,,,
2022-05-19 00:00:00+00:00,,4.9939751625061035,LEO-USD,,,,,4.9793829917907715,,,,,,,,,,,,,,,,,,
2022-05-20 00:00:00+00:00,,4.920422077178955,LEO-USD,,,,,4.9939751625061035,,,,,,,,,,,,,,,,,,
2022-05-21 00:00:00+00:00,,4.8939337730407715,LEO-USD,,,,,4.920422077178955,,,,,,,,,,,,,,,,,,
2022-05-22 00:00:00+00:00,,4.901161193847656,LEO-USD,,,,,4.8939337730407715,,,,,,,,,,,,,,,,,,
2022-05-23 00:00:00+00:00,,4.886074066162109,LEO-USD,,,,,4.901161193847656,,,,,,,,,,,,,,,,,,
2022-05-24 00:00:00+00:00,,4.891910076141357,LEO-USD,,,,,4.886074066162109,,,,,,,,,,,,,,,,,,
2022-05-25 00:00:00+00:00,,4.8924479484558105,LEO-USD,,,,,4.891910076141357,,,,,,,,,,,,,,,,,,
2022-05-26 00:00:00+00:00,,4.8781819343566895,LEO-USD,,,,,4.8924479484558105,,,,,,,,,,,,,,,,,,
2022-05-27 00:00:00+00:00,,5.053679943084717,LEO-USD,,,,,4.8781819343566895,,,,,,,,,,,,,,,,,,
2022-05-28 00:00:00+00:00,,5.084484100341797,LEO-USD,,,,,5.053679943084717,,,,,,,,,,,,,,,,,,
2022-05-29 00:00:00+00:00,,5.2172441482543945,LEO-USD,,,,,5.084484100341797,,,,,,,,,,,,,,,,,,
2022-05-30 00:00:00+00:00,,5.306728839874268,LEO-USD,,,,,5.2172441482543945,,,,,,,,,,,,,,,,,,
2022-05-31 00:00:00+00:00,,4.872470855712891,LEO-USD,,,,,5.306728839874268,,,,,,,,,,,,,,,,,,
2022-06-01 00:00:00+00:00,,4.919923782348633,LEO-USD,,,,,4.872470855712891,,,,,,,,,,,,,,,,,,
2022-06-02 00:00:00+00:00,,4.868618011474609,LEO-USD,,,,,4.919923782348633,,,,,,,,,,,,,,,,,,
2022-06-03 00:00:00+00:00,,4.963696002960205,LEO-USD,,,,,4.868618011474609,,,,,,,,,,,,,,,,,,
2022-06-04 00:00:00+00:00,,5.07053279876709,LEO-USD,,,,,4.963696002960205,,,,,,,,,,,,,,,,,,
2022-06-05 00:00:00+00:00,,5.108333110809326,LEO-USD,,,,,5.07053279876709,,,,,,,,,,,,,,,,,,
2022-06-06 00:00:00+00:00,,5.295543193817139,LEO-USD,,,,,5.108333110809326,,,,,,,,,,,,,,,,,,
2022-06-07 00:00:00+00:00,,5.346055030822754,LEO-USD,,,,,5.295543193817139,,,,,,,,,,,,,,,,,,
2022-06-08 00:00:00+00:00,,5.421284198760986,LEO-USD,,,,,5.346055030822754,,,,,,,,,,,,,,,,,,
2022-06-09 00:00:00+00:00,,5.495643138885498,LEO-USD,,,,,5.421284198760986,,,,,,,,,,,,,,,,,,
2022-06-10 00:00:00+00:00,,5.499495029449463,LEO-USD,,,,,5.495643138885498,,,,,,,,,,,,,,,,,,
2022-06-11 00:00:00+00:00,,5.50135612487793,LEO-USD,,,,,5.499495029449463,,,,,,,,,,,,,,,,,,
2022-06-12 00:00:00+00:00,,5.288761138916016,LEO-USD,,,,,5.50135612487793,,,,,,,,,,,,,,,,,,
2022-06-13 00:00:00+00:00,,5.368481159210205,LEO-USD,,,,,5.288761138916016,,,,,,,,,,,,,,,,,,
2022-06-14 00:00:00+00:00,,4.996503829956055,LEO-USD,,,,,5.368481159210205,,,,,,,,,,,,,,,,,,
2022-06-15 00:00:00+00:00,,4.993967056274414,LEO-USD,,,,,4.996503829956055,,,,,,,,,,,,,,,,,,
2022-06-16 00:00:00+00:00,,5.0356059074401855,LEO-USD,,,,,4.993967056274414,,,,,,,,,,,,,,,,,,
2022-06-17 00:00:00+00:00,,5.033898830413818,LEO-USD,,,,,5.0356059074401855,,,,,,,,,,,,,,,,,,
2022-06-18 00:00:00+00:00,,5.211949825286865,LEO-USD,,,,,5.033898830413818,,,,,,,,,,,,,,,,,,
2022-06-19 00:00:00+00:00,,5.412367820739746,LEO-USD,,,,,5.211949825286865,,,,,,,,,,,,,,,,,,
2022-06-20 00:00:00+00:00,,5.578676223754883,LEO-USD,,,,,5.412367820739746,,,,,,,,,,,,,,,,,,
2022-06-21 00:00:00+00:00,,5.81202507019043,LEO-USD,,,,,5.578676223754883,,,,,,,,,,,,,,,,,,
2022-06-22 00:00:00+00:00,,5.814560890197754,LEO-USD,,,,,5.81202507019043,,,,,,,,,,,,,,,,,,
2022-06-23 00:00:00+00:00,,5.843570232391357,LEO-USD,,,,,5.814560890197754,,,,,,,,,,,,,,,,,,
2022-06-24 00:00:00+00:00,,5.891125202178955,LEO-USD,,,,,5.843570232391357,,,,,,,,,,,,,,,,,,
2022-06-25 00:00:00+00:00,,5.907211780548096,LEO-USD,,,,,5.891125202178955,,,,,,,,,,,,,,,,,,
2022-06-26 00:00:00+00:00,,5.757041931152344,LEO-USD,,,,,5.907211780548096,,,,,,,,,,,,,,,,,,
2022-06-27 00:00:00+00:00,,5.7447919845581055,LEO-USD,,,,,5.757041931152344,,,,,,,,,,,,,,,,,,
2022-06-28 00:00:00+00:00,,5.909609794616699,LEO-USD,,,,,5.7447919845581055,,,,,,,,,,,,,,,,,,
2022-06-29 00:00:00+00:00,,5.77014684677124,LEO-USD,,,,,5.909609794616699,,,,,,,,,,,,,,,,,,
2022-06-30 00:00:00+00:00,,5.7845587730407715,LEO-USD,,,,,5.77014684677124,,,,,,,,,,,,,,,,,,
2022-07-01 00:00:00+00:00,,5.724213123321533,LEO-USD,,,,,5.7845587730407715,,,,,,,,,,,,,,,,,,
2022-07-02 00:00:00+00:00,,5.7274861335754395,LEO-USD,,,,,5.724213123321533,,,,,,,,,,,,,,,,,,
2022-07-03 00:00:00+00:00,,5.739130020141602,LEO-USD,,,,,5.7274861335754395,,,,,,,,,,,,,,,,,,
2022-07-04 00:00:00+00:00,,5.736900806427002,LEO-USD,,,,,5.739130020141602,,,,,,,,,,,,,,,,,,
2022-07-05 00:00:00+00:00,,5.817660808563232,LEO-USD,,,,,5.736900806427002,,,,,,,,,,,,,,,,,,
2022-07-06 00:00:00+00:00,,5.803749084472656,LEO-USD,,,,,5.817660808563232,,,,,,,,,,,,,,,,,,
2022-07-07 00:00:00+00:00,,5.706827163696289,LEO-USD,,,,,5.803749084472656,,,,,,,,,,,,,,,,,,
2022-07-08 00:00:00+00:00,,5.6976728439331055,LEO-USD,,,,,5.706827163696289,,,,,,,,,,,,,,,,,,
2022-07-09 00:00:00+00:00,,5.638490200042725,LEO-USD,,,,,5.6976728439331055,,,,,,,,,,,,,,,,,,
2022-07-10 00:00:00+00:00,,5.371984958648682,LEO-USD,,,,,5.638490200042725,,,,,,,,,,,,,,,,,,
2022-07-11 00:00:00+00:00,,5.358458042144775,LEO-USD,,,,,5.371984958648682,,,,,,,,,,,,,,,,,,
2022-07-12 00:00:00+00:00,,5.2995429039001465,LEO-USD,,,,,5.358458042144775,,,,,,,,,,,,,,,,,,
2022-07-13 00:00:00+00:00,,5.384328842163086,LEO-USD,,,,,5.2995429039001465,,,,,,,,,,,,,,,,,,
2022-07-14 00:00:00+00:00,,5.293519973754883,LEO-USD,,,,,5.384328842163086,,,,,,,,,,,,,,,,,,
2022-07-15 00:00:00+00:00,,5.408201217651367,LEO-USD,,,,,5.293519973754883,,,,,,,,,,,,,,,,,,
2022-07-16 00:00:00+00:00,,5.241660118103027,LEO-USD,,,,,5.408201217651367,,,,,,,,,,,,,,,,,,
2022-07-17 00:00:00+00:00,,5.422098159790039,LEO-USD,,,,,5.241660118103027,,,,,,,,,,,,,,,,,,
2022-07-18 00:00:00+00:00,,5.308946132659912,LEO-USD,,,,,5.422098159790039,,,,,,,,,,,,,,,,,,
2022-07-19 00:00:00+00:00,,5.224492073059082,LEO-USD,,,,,5.308946132659912,,,,,,,,,,,,,,,,,,
2022-07-20 00:00:00+00:00,,5.362557888031006,LEO-USD,,,,,5.224492073059082,,,,,,,,,,,,,,,,,,
2022-07-21 00:00:00+00:00,,5.387824058532715,LEO-USD,,,,,5.362557888031006,,,,,,,,,,,,,,,,,,
2022-07-22 00:00:00+00:00,,5.21967887878418,LEO-USD,,,,,5.387824058532715,,,,,,,,,,,,,,,,,,
2022-07-23 00:00:00+00:00,,5.201251029968262,LEO-USD,,,,,5.21967887878418,,,,,,,,,,,,,,,,,,
2022-07-24 00:00:00+00:00,,5.055384159088135,LEO-USD,,,,,5.201251029968262,,,,,,,,,,,,,,,,,,
2022-07-25 00:00:00+00:00,,5.083974838256836,LEO-USD,,,,,5.055384159088135,,,,,,,,,,,,,,,,,,
2022-07-26 00:00:00+00:00,,5.181502819061279,LEO-USD,,,,,5.083974838256836,,,,,,,,,,,,,,,,,,
2022-07-27 00:00:00+00:00,,5.317829132080078,LEO-USD,,,,,5.181502819061279,,,,,,,,,,,,,,,,,,
2022-07-28 00:00:00+00:00,,5.167405128479004,LEO-USD,,,,,5.317829132080078,,,,,,,,,,,,,,,,,,
2022-07-29 00:00:00+00:00,,5.0520501136779785,LEO-USD,,,,,5.167405128479004,,,,,,,,,,,,,,,,,,
2022-07-30 00:00:00+00:00,,5.002699851989746,LEO-USD,,,,,5.0520501136779785,,,,,,,,,,,,,,,,,,
2022-07-31 00:00:00+00:00,,5.1736931800842285,LEO-USD,,,,,5.002699851989746,,,,,,,,,,,,,,,,,,
2022-08-01 00:00:00+00:00,,5.033902168273926,LEO-USD,,,,,5.1736931800842285,,,,,,,,,,,,,,,,,,
2022-08-02 00:00:00+00:00,,5.000692844390869,LEO-USD,,,,,5.033902168273926,,,,,,,,,,,,,,,,,,
2022-08-03 00:00:00+00:00,,5.004549026489258,LEO-USD,,,,,5.000692844390869,,,,,,,,,,,,,,,,,,
2022-08-04 00:00:00+00:00,,4.936560153961182,LEO-USD,,,,,5.004549026489258,,,,,,,,,,,,,,,,,,
2022-08-05 00:00:00+00:00,,4.930630207061768,LEO-USD,,,,,4.936560153961182,,,,,,,,,,,,,,,,,,
2022-08-06 00:00:00+00:00,,4.892917156219482,LEO-USD,,,,,4.930630207061768,,,,,,,,,,,,,,,,,,
2022-08-07 00:00:00+00:00,,4.790863037109375,LEO-USD,,,,,4.892917156219482,,,,,,,,,,,,,,,,,,
2022-08-08 00:00:00+00:00,,4.941009044647217,LEO-USD,,,,,4.790863037109375,,,,,,,,,,,,,,,,,,
2022-08-09 00:00:00+00:00,,4.707979202270508,LEO-USD,,,,,4.941009044647217,,,,,,,,,,,,,,,,,,
2022-08-10 00:00:00+00:00,,4.691320896148682,LEO-USD,,,,,4.707979202270508,,,,,,,,,,,,,,,,,,
2022-08-11 00:00:00+00:00,,4.776297092437744,LEO-USD,,,,,4.691320896148682,,,,,,,,,,,,,,,,,,
2022-08-12 00:00:00+00:00,,4.8811869621276855,LEO-USD,,,,,4.776297092437744,,,,,,,,,,,,,,,,,,
2022-08-13 00:00:00+00:00,,5.110036849975586,LEO-USD,,,,,4.8811869621276855,,,,,,,,,,,,,,,,,,
2022-08-14 00:00:00+00:00,,5.361138820648193,LEO-USD,,,,,5.110036849975586,,,,,,,,,,,,,,,,,,
2022-08-15 00:00:00+00:00,,5.2156901359558105,LEO-USD,,,,,5.361138820648193,,,,,,,,,,,,,,,,,,
2022-08-16 00:00:00+00:00,,5.281216144561768,LEO-USD,,,,,5.2156901359558105,,,,,,,,,,,,,,,,,,
2022-08-17 00:00:00+00:00,,5.309181213378906,LEO-USD,,,,,5.281216144561768,,,,,,,,,,,,,,,,,,
2022-08-18 00:00:00+00:00,,5.197970867156982,LEO-USD,,,,,5.309181213378906,,,,,,,,,,,,,,,,,,
2022-08-19 00:00:00+00:00,,5.063648223876953,LEO-USD,,,,,5.197970867156982,,,,,,,,,,,,,,,,,,
2022-08-20 00:00:00+00:00,,5.110690116882324,LEO-USD,,,,,5.063648223876953,,,,,,,,,,,,,,,,,,
2022-08-21 00:00:00+00:00,,5.092702865600586,LEO-USD,,,,,5.110690116882324,,,,,,,,,,,,,,,,,,
2022-08-22 00:00:00+00:00,,5.351366996765137,LEO-USD,,,,,5.092702865600586,,,,,,,,,,,,,,,,,,
2022-08-23 00:00:00+00:00,,5.312732219696045,LEO-USD,,,,,5.351366996765137,,,,,,,,,,,,,,,,,,
2022-08-24 00:00:00+00:00,,5.160337924957275,LEO-USD,,,,,5.312732219696045,,,,,,,,,,,,,,,,,,
2022-08-25 00:00:00+00:00,,5.148438930511475,LEO-USD,,,,,5.160337924957275,,,,,,,,,,,,,,,,,,
2022-08-26 00:00:00+00:00,,5.145065784454346,LEO-USD,,,,,5.148438930511475,,,,,,,,,,,,,,,,,,
2022-08-27 00:00:00+00:00,,5.15841817855835,LEO-USD,,,,,5.145065784454346,,,,,,,,,,,,,,,,,,
2022-08-28 00:00:00+00:00,,5.267136096954346,LEO-USD,,,,,5.15841817855835,,,,,,,,,,,,,,,,,,
2022-08-29 00:00:00+00:00,,5.367693901062012,LEO-USD,,,,,5.267136096954346,,,,,,,,,,,,,,,,,,
2022-08-30 00:00:00+00:00,,5.777228832244873,LEO-USD,,,,,5.367693901062012,,,,,,,,,,,,,,,,,,
2022-08-31 00:00:00+00:00,,5.552080154418945,LEO-USD,,,,,5.777228832244873,,,,,,,,,,,,,,,,,,
2022-09-01 00:00:00+00:00,,5.397659778594971,LEO-USD,,,,,5.552080154418945,,,,,,,,,,,,,,,,,,
2022-09-02 00:00:00+00:00,,5.179209232330322,LEO-USD,,,,,5.397659778594971,,,,,,,,,,,,,,,,,,
2022-09-03 00:00:00+00:00,,5.259082794189453,LEO-USD,,,,,5.179209232330322,,,,,,,,,,,,,,,,,,
2022-09-04 00:00:00+00:00,,5.076697826385498,LEO-USD,,,,,5.259082794189453,,,,,,,,,,,,,,,,,,
2022-09-05 00:00:00+00:00,,5.141356945037842,LEO-USD,,,,,5.076697826385498,,,,,,,,,,,,,,,,,,
2022-09-06 00:00:00+00:00,,5.1314778327941895,LEO-USD,,,,,5.141356945037842,,,,,,,,,,,,,,,,,,
2022-09-07 00:00:00+00:00,,4.993373870849609,LEO-USD,,,,,5.1314778327941895,,,,,,,,,,,,,,,,,,
2022-09-08 00:00:00+00:00,,4.974438190460205,LEO-USD,,,,,4.993373870849609,,,,,,,,,,,,,,,,,,
2022-09-09 00:00:00+00:00,,4.987809181213379,LEO-USD,,,,,4.974438190460205,,,,,,,,,,,,,,,,,,
2022-09-10 00:00:00+00:00,,5.061100959777832,LEO-USD,,,,,4.987809181213379,,,,,,,,,,,,,,,,,,
2022-09-11 00:00:00+00:00,,5.036938190460205,LEO-USD,,,,,5.061100959777832,,,,,,,,,,,,,,,,,,
2022-09-12 00:00:00+00:00,,5.008528232574463,LEO-USD,,,,,5.036938190460205,,,,,,,,,,,,,,,,,,
2022-09-13 00:00:00+00:00,,4.860776901245117,LEO-USD,,,,,5.008528232574463,,,,,,,,,,,,,,,,,,
2022-09-14 00:00:00+00:00,,4.88363790512085,LEO-USD,,,,,4.860776901245117,,,,,,,,,,,,,,,,,,
2022-09-15 00:00:00+00:00,,4.927649974822998,LEO-USD,,,,,4.88363790512085,,,,,,,,,,,,,,,,,,
2022-09-16 00:00:00+00:00,,4.981533050537109,LEO-USD,,,,,4.927649974822998,,,,,,,,,,,,,,,,,,
2022-09-17 00:00:00+00:00,,4.654930114746094,LEO-USD,,,,,4.981533050537109,,,,,,,,,,,,,,,,,,
2022-09-18 00:00:00+00:00,,4.652514934539795,LEO-USD,,,,,4.654930114746094,,,,,,,,,,,,,,,,,,
2022-09-19 00:00:00+00:00,,4.753521919250488,LEO-USD,,,,,4.652514934539795,,,,,,,,,,,,,,,,,,
2022-09-20 00:00:00+00:00,,4.321591854095459,LEO-USD,,,,,4.753521919250488,,,,,,,,,,,,,,,,,,
2022-09-21 00:00:00+00:00,,4.909883975982666,LEO-USD,,,,,4.321591854095459,,,,,,,,,,,,,,,,,,
2022-09-22 00:00:00+00:00,,4.251974105834961,LEO-USD,,,,,4.909883975982666,,,,,,,,,,,,,,,,,,
2022-09-23 00:00:00+00:00,,4.2592692375183105,LEO-USD,,,,,4.251974105834961,,,,,,,,,,,,,,,,,,
2022-09-24 00:00:00+00:00,,4.080310821533203,LEO-USD,,,,,4.2592692375183105,,,,,,,,,,,,,,,,,,
2022-09-25 00:00:00+00:00,,4.0656938552856445,LEO-USD,,,,,4.080310821533203,,,,,,,,,,,,,,,,,,
2022-09-26 00:00:00+00:00,,4.133380889892578,LEO-USD,,,,,4.0656938552856445,,,,,,,,,,,,,,,,,,
2022-09-27 00:00:00+00:00,,4.122704029083252,LEO-USD,,,,,4.133380889892578,,,,,,,,,,,,,,,,,,
2022-09-28 00:00:00+00:00,,4.203856945037842,LEO-USD,,,,,4.122704029083252,,,,,,,,,,,,,,,,,,
2022-09-29 00:00:00+00:00,,4.189727783203125,LEO-USD,,,,,4.203856945037842,,,,,,,,,,,,,,,,,,
2022-09-30 00:00:00+00:00,,4.120730876922607,LEO-USD,,,,,4.189727783203125,,,,,,,,,,,,,,,,,,
2022-10-01 00:00:00+00:00,,4.092133045196533,LEO-USD,,,,,4.120730876922607,,,,,,,,,,,,,,,,,,
2022-10-02 00:00:00+00:00,,4.172752857208252,LEO-USD,,,,,4.092133045196533,,,,,,,,,,,,,,,,,,
2022-10-03 00:00:00+00:00,,4.1426920890808105,LEO-USD,,,,,4.172752857208252,,,,,,,,,,,,,,,,,,
2022-10-04 00:00:00+00:00,,4.1737961769104,LEO-USD,,,,,4.1426920890808105,,,,,,,,,,,,,,,,,,
2022-10-05 00:00:00+00:00,,4.0621137619018555,LEO-USD,,,,,4.1737961769104,,,,,,,,,,,,,,,,,,
2022-10-06 00:00:00+00:00,,4.110762119293213,LEO-USD,,,,,4.0621137619018555,,,,,,,,,,,,,,,,,,
2022-10-07 00:00:00+00:00,,4.082879066467285,LEO-USD,,,,,4.110762119293213,,,,,,,,,,,,,,,,,,
2022-10-08 00:00:00+00:00,,4.10391092300415,LEO-USD,,,,,4.082879066467285,,,,,,,,,,,,,,,,,,
2022-10-09 00:00:00+00:00,,4.069587230682373,LEO-USD,,,,,4.10391092300415,,,,,,,,,,,,,,,,,,
2022-10-10 00:00:00+00:00,,4.0843610763549805,LEO-USD,,,,,4.069587230682373,,,,,,,,,,,,,,,,,,
2022-10-11 00:00:00+00:00,,4.137594223022461,LEO-USD,,,,,4.0843610763549805,,,,,,,,,,,,,,,,,,
2022-10-12 00:00:00+00:00,,4.237611770629883,LEO-USD,,,,,4.137594223022461,,,,,,,,,,,,,,,,,,
2022-10-13 00:00:00+00:00,,4.438086032867432,LEO-USD,,,,,4.237611770629883,,,,,,,,,,,,,,,,,,
2022-10-14 00:00:00+00:00,,4.456822872161865,LEO-USD,,,,,4.438086032867432,,,,,,,,,,,,,,,,,,
2022-10-15 00:00:00+00:00,,4.489011764526367,LEO-USD,,,,,4.456822872161865,,,,,,,,,,,,,,,,,,
2022-10-16 00:00:00+00:00,,4.509477138519287,LEO-USD,,,,,4.489011764526367,,,,,,,,,,,,,,,,,,
2022-10-17 00:00:00+00:00,,4.304983139038086,LEO-USD,,,,,4.509477138519287,,,,,,,,,,,,,,,,,,
2022-10-18 00:00:00+00:00,,4.139109134674072,LEO-USD,,,,,4.304983139038086,,,,,,,,,,,,,,,,,,
2022-10-19 00:00:00+00:00,,4.090980052947998,LEO-USD,,,,,4.139109134674072,,,,,,,,,,,,,,,,,,
2022-10-20 00:00:00+00:00,,4.076620101928711,LEO-USD,,,,,4.090980052947998,,,,,,,,,,,,,,,,,,
2022-10-21 00:00:00+00:00,,4.09722900390625,LEO-USD,,,,,4.076620101928711,,,,,,,,,,,,,,,,,,
2022-10-22 00:00:00+00:00,,4.158306121826172,LEO-USD,,,,,4.09722900390625,,,,,,,,,,,,,,,,,,
2022-10-23 00:00:00+00:00,,4.079998970031738,LEO-USD,,,,,4.158306121826172,,,,,,,,,,,,,,,,,,
2022-10-24 00:00:00+00:00,,4.147983074188232,LEO-USD,,,,,4.079998970031738,,,,,,,,,,,,,,,,,,
2022-10-25 00:00:00+00:00,,4.3127970695495605,LEO-USD,,,,,4.147983074188232,,,,,,,,,,,,,,,,,,
2022-10-26 00:00:00+00:00,,4.353860855102539,LEO-USD,,,,,4.3127970695495605,,,,,,,,,,,,,,,,,,
2022-10-27 00:00:00+00:00,,4.423121929168701,LEO-USD,,,,,4.353860855102539,,,,,,,,,,,,,,,,,,
2022-10-28 00:00:00+00:00,,4.4887309074401855,LEO-USD,,,,,4.423121929168701,,,,,,,,,,,,,,,,,,
2022-10-29 00:00:00+00:00,,4.504054069519043,LEO-USD,,,,,4.4887309074401855,,,,,,,,,,,,,,,,,,
2022-10-30 00:00:00+00:00,,4.536107063293457,LEO-USD,,,,,4.504054069519043,,,,,,,,,,,,,,,,,,
2022-10-31 00:00:00+00:00,,4.5433349609375,LEO-USD,,,,,4.536107063293457,,,,,,,,,,,,,,,,,,
2022-11-01 00:00:00+00:00,,4.677921772003174,LEO-USD,,,,,4.5433349609375,,,,,,,,,,,,,,,,,,
2022-11-02 00:00:00+00:00,,4.686031818389893,LEO-USD,,,,,4.677921772003174,,,,,,,,,,,,,,,,,,
2022-11-03 00:00:00+00:00,,4.281435966491699,LEO-USD,,,,,4.686031818389893,,,,,,,,,,,,,,,,,,
2022-11-04 00:00:00+00:00,,4.34113883972168,LEO-USD,,,,,4.281435966491699,,,,,,,,,,,,,,,,,,
2022-11-05 00:00:00+00:00,,4.1698150634765625,LEO-USD,,,,,4.34113883972168,,,,,,,,,,,,,,,,,,
2022-11-06 00:00:00+00:00,,4.168605804443359,LEO-USD,,,,,4.1698150634765625,,,,,,,,,,,,,,,,,,
2022-11-07 00:00:00+00:00,,4.128200054168701,LEO-USD,,,,,4.168605804443359,,,,,,,,,,,,,,,,,,
2022-11-08 00:00:00+00:00,,3.9935829639434814,LEO-USD,,,,,4.128200054168701,,,,,,,,,,,,,,,,,,
2022-11-09 00:00:00+00:00,,3.9892499446868896,LEO-USD,,,,,3.9935829639434814,,,,,,,,,,,,,,,,,,
2022-11-10 00:00:00+00:00,,3.793071985244751,LEO-USD,,,,,3.9892499446868896,,,,,,,,,,,,,,,,,,
2022-11-11 00:00:00+00:00,,3.8715789318084717,LEO-USD,,,,,3.793071985244751,,,,,,,,,,,,,,,,,,
2022-11-12 00:00:00+00:00,,3.925977945327759,LEO-USD,,,,,3.8715789318084717,,,,,,,,,,,,,,,,,,
2022-11-13 00:00:00+00:00,,3.7933530807495117,LEO-USD,,,,,3.925977945327759,,,,,,,,,,,,,,,,,,
2022-11-14 00:00:00+00:00,,3.799736976623535,LEO-USD,,,,,3.7933530807495117,,,,,,,,,,,,,,,,,,
2022-11-15 00:00:00+00:00,,3.8693249225616455,LEO-USD,,,,,3.799736976623535,,,,,,,,,,,,,,,,,,
2022-11-16 00:00:00+00:00,,4.041624069213867,LEO-USD,,,,,3.8693249225616455,,,,,,,,,,,,,,,,,,
2022-11-17 00:00:00+00:00,,4.222939968109131,LEO-USD,,,,,4.041624069213867,,,,,,,,,,,,,,,,,,
2022-11-18 00:00:00+00:00,,4.233105182647705,LEO-USD,,,,,4.222939968109131,,,,,,,,,,,,,,,,,,
2022-11-19 00:00:00+00:00,,4.327723979949951,LEO-USD,,,,,4.233105182647705,,,,,,,,,,,,,,,,,,
2022-11-20 00:00:00+00:00,,3.9164669513702393,LEO-USD,,,,,4.327723979949951,,,,,,,,,,,,,,,,,,
2022-11-21 00:00:00+00:00,,3.801456928253174,LEO-USD,,,,,3.9164669513702393,,,,,,,,,,,,,,,,,,
2022-11-22 00:00:00+00:00,,4.244941234588623,LEO-USD,,,,,3.801456928253174,,,,,,,,,,,,,,,,,,
2022-11-23 00:00:00+00:00,,4.218842029571533,LEO-USD,,,,,4.244941234588623,,,,,,,,,,,,,,,,,,
2022-11-24 00:00:00+00:00,,3.8806779384613037,LEO-USD,,,,,4.218842029571533,,,,,,,,,,,,,,,,,,
2022-11-25 00:00:00+00:00,,3.998384952545166,LEO-USD,,,,,3.8806779384613037,,,,,,,,,,,,,,,,,,
2022-11-26 00:00:00+00:00,,4.210612773895264,LEO-USD,,,,,3.998384952545166,,,,,,,,,,,,,,,,,,
2022-11-27 00:00:00+00:00,,3.8117339611053467,LEO-USD,,,,,4.210612773895264,,,,,,,,,,,,,,,,,,
2022-11-28 00:00:00+00:00,,3.7706429958343506,LEO-USD,,,,,3.8117339611053467,,,,,,,,,,,,,,,,,,
2022-11-29 00:00:00+00:00,,3.925528049468994,LEO-USD,,,,,3.7706429958343506,,,,,,,,,,,,,,,,,,
2022-11-30 00:00:00+00:00,,3.867924928665161,LEO-USD,,,,,3.925528049468994,,,,,,,,,,,,,,,,,,
2022-12-01 00:00:00+00:00,,3.957782030105591,LEO-USD,,,,,3.867924928665161,,,,,,,,,,,,,,,,,,
2022-12-02 00:00:00+00:00,,3.7822790145874023,LEO-USD,,,,,3.957782030105591,,,,,,,,,,,,,,,,,,
2022-12-03 00:00:00+00:00,,3.826280117034912,LEO-USD,,,,,3.7822790145874023,,,,,,,,,,,,,,,,,,
2022-12-04 00:00:00+00:00,,3.7842090129852295,LEO-USD,,,,,3.826280117034912,,,,,,,,,,,,,,,,,,
2022-12-05 00:00:00+00:00,,3.813180923461914,LEO-USD,,,,,3.7842090129852295,,,,,,,,,,,,,,,,,,
2022-12-06 00:00:00+00:00,,3.791166067123413,LEO-USD,,,,,3.813180923461914,,,,,,,,,,,,,,,,,,
2022-12-07 00:00:00+00:00,,3.8317739963531494,LEO-USD,,,,,3.791166067123413,,,,,,,,,,,,,,,,,,
2022-12-08 00:00:00+00:00,,3.7505979537963867,LEO-USD,,,,,3.8317739963531494,,,,,,,,,,,,,,,,,,
2022-12-09 00:00:00+00:00,,3.736380100250244,LEO-USD,,,,,3.7505979537963867,,,,,,,,,,,,,,,,,,
2022-12-10 00:00:00+00:00,,3.7546799182891846,LEO-USD,,,,,3.736380100250244,,,,,,,,,,,,,,,,,,
2022-12-11 00:00:00+00:00,,3.719918966293335,LEO-USD,,,,,3.7546799182891846,,,,,,,,,,,,,,,,,,
2022-12-12 00:00:00+00:00,,3.7154901027679443,LEO-USD,,,,,3.719918966293335,,,,,,,,,,,,,,,,,,
2022-12-13 00:00:00+00:00,,3.77333402633667,LEO-USD,,,,,3.7154901027679443,,,,,,,,,,,,,,,,,,
2022-12-14 00:00:00+00:00,,3.68612003326416,LEO-USD,,,,,3.77333402633667,,,,,,,,,,,,,,,,,,
2022-12-15 00:00:00+00:00,,3.6942059993743896,LEO-USD,,,,,3.68612003326416,,,,,,,,,,,,,,,,,,
2022-12-16 00:00:00+00:00,,3.973858118057251,LEO-USD,,,,,3.6942059993743896,,,,,,,,,,,,,,,,,,
2022-12-17 00:00:00+00:00,,3.9905569553375244,LEO-USD,,,,,3.973858118057251,,,,,,,,,,,,,,,,,,
2022-12-18 00:00:00+00:00,,3.7627270221710205,LEO-USD,,,,,3.9905569553375244,,,,,,,,,,,,,,,,,,
2022-12-19 00:00:00+00:00,,3.7043099403381348,LEO-USD,,,,,3.7627270221710205,,,,,,,,,,,,,,,,,,
2022-12-20 00:00:00+00:00,,3.694192886352539,LEO-USD,,,,,3.7043099403381348,,,,,,,,,,,,,,,,,,
2022-12-21 00:00:00+00:00,,3.7413229942321777,LEO-USD,,,,,3.694192886352539,,,,,,,,,,,,,,,,,,
2022-12-22 00:00:00+00:00,,3.696183919906616,LEO-USD,,,,,3.7413229942321777,,,,,,,,,,,,,,,,,,
2022-12-23 00:00:00+00:00,,3.651279926300049,LEO-USD,,,,,3.696183919906616,,,,,,,,,,,,,,,,,,
2022-12-24 00:00:00+00:00,,3.614375114440918,LEO-USD,,,,,3.651279926300049,,,,,,,,,,,,,,,,,,
2022-12-25 00:00:00+00:00,,3.564668893814087,LEO-USD,,,,,3.614375114440918,,,,,,,,,,,,,,,,,,
2022-12-26 00:00:00+00:00,,3.595828056335449,LEO-USD,,,,,3.564668893814087,,,,,,,,,,,,,,,,,,
2022-12-27 00:00:00+00:00,,3.5384480953216553,LEO-USD,,,,,3.595828056335449,,,,,,,,,,,,,,,,,,
2022-12-28 00:00:00+00:00,,3.5090489387512207,LEO-USD,,,,,3.5384480953216553,,,,,,,,,,,,,,,,,,
2022-12-29 00:00:00+00:00,,3.4978909492492676,LEO-USD,,,,,3.5090489387512207,,,,,,,,,,,,,,,,,,
2022-12-30 00:00:00+00:00,,3.608647108078003,LEO-USD,,,,,3.4978909492492676,,,,,,,,,,,,,,,,,,
2022-12-31 00:00:00+00:00,,,LEO-USD,,,,,3.608647108078003,,,,,,,,,,,,,,,,,,
2022-01-01 00:00:00+00:00,,21.831890106201172,LINK-USD,,,,,,20.665088653564453,,,,,,,,,,,,,,,,,
2022-01-02 00:00:00+00:00,,23.57390594482422,LINK-USD,,,,,,21.831890106201172,,,,,,,,,,,,,,,,,
2022-01-03 00:00:00+00:00,,23.52586555480957,LINK-USD,,,,,,23.57390594482422,,,,,,,,,,,,,,,,,
2022-01-04 00:00:00+00:00,,25.44780158996582,LINK-USD,,,,,,23.52586555480957,,,,,,,,,,,,,,,,,
2022-01-05 00:00:00+00:00,,25.377212524414062,LINK-USD,,,,,,25.44780158996582,,,,,,,,,,,,,,,,,
2022-01-06 00:00:00+00:00,,25.96063995361328,LINK-USD,,,,,,25.377212524414062,,,,,,,,,,,,,,,,,
2022-01-07 00:00:00+00:00,,25.47480010986328,LINK-USD,,,,,,25.96063995361328,,,,,,,,,,,,,,,,,
2022-01-08 00:00:00+00:00,,27.56621742248535,LINK-USD,,,,,,25.47480010986328,,,,,,,,,,,,,,,,,
2022-01-09 00:00:00+00:00,,27.88326644897461,LINK-USD,,,,,,27.56621742248535,,,,,,,,,,,,,,,,,
2022-01-10 00:00:00+00:00,,26.690950393676758,LINK-USD,,,,,,27.88326644897461,,,,,,,,,,,,,,,,,
2022-01-11 00:00:00+00:00,,26.777944564819336,LINK-USD,,,,,,26.690950393676758,,,,,,,,,,,,,,,,,
2022-01-12 00:00:00+00:00,,24.872852325439453,LINK-USD,,,,,,26.777944564819336,,,,,,,,,,,,,,,,,
2022-01-13 00:00:00+00:00,,25.781768798828125,LINK-USD,,,,,,24.872852325439453,,,,,,,,,,,,,,,,,
2022-01-14 00:00:00+00:00,,25.252832412719727,LINK-USD,,,,,,25.781768798828125,,,,,,,,,,,,,,,,,
2022-01-15 00:00:00+00:00,,25.55315589904785,LINK-USD,,,,,,25.252832412719727,,,,,,,,,,,,,,,,,
2022-01-16 00:00:00+00:00,,23.8410587310791,LINK-USD,,,,,,25.55315589904785,,,,,,,,,,,,,,,,,
2022-01-17 00:00:00+00:00,,23.003719329833984,LINK-USD,,,,,,23.8410587310791,,,,,,,,,,,,,,,,,
2022-01-18 00:00:00+00:00,,21.653993606567383,LINK-USD,,,,,,23.003719329833984,,,,,,,,,,,,,,,,,
2022-01-19 00:00:00+00:00,,20.195138931274414,LINK-USD,,,,,,21.653993606567383,,,,,,,,,,,,,,,,,
2022-01-20 00:00:00+00:00,,17.426189422607422,LINK-USD,,,,,,20.195138931274414,,,,,,,,,,,,,,,,,
2022-01-21 00:00:00+00:00,,15.82758617401123,LINK-USD,,,,,,17.426189422607422,,,,,,,,,,,,,,,,,
2022-01-22 00:00:00+00:00,,16.56523323059082,LINK-USD,,,,,,15.82758617401123,,,,,,,,,,,,,,,,,
2022-01-23 00:00:00+00:00,,15.584161758422852,LINK-USD,,,,,,16.56523323059082,,,,,,,,,,,,,,,,,
2022-01-24 00:00:00+00:00,,15.527324676513672,LINK-USD,,,,,,15.584161758422852,,,,,,,,,,,,,,,,,
2022-01-25 00:00:00+00:00,,15.270565032958984,LINK-USD,,,,,,15.527324676513672,,,,,,,,,,,,,,,,,
2022-01-26 00:00:00+00:00,,15.18051815032959,LINK-USD,,,,,,15.270565032958984,,,,,,,,,,,,,,,,,
2022-01-27 00:00:00+00:00,,16.1232852935791,LINK-USD,,,,,,15.18051815032959,,,,,,,,,,,,,,,,,
2022-01-28 00:00:00+00:00,,16.205904006958008,LINK-USD,,,,,,16.1232852935791,,,,,,,,,,,,,,,,,
2022-01-29 00:00:00+00:00,,17.76853370666504,LINK-USD,,,,,,16.205904006958008,,,,,,,,,,,,,,,,,
2022-01-30 00:00:00+00:00,,17.240427017211914,LINK-USD,,,,,,17.76853370666504,,,,,,,,,,,,,,,,,
2022-01-31 00:00:00+00:00,,17.0242919921875,LINK-USD,,,,,,17.240427017211914,,,,,,,,,,,,,,,,,
2022-02-01 00:00:00+00:00,,15.819188117980957,LINK-USD,,,,,,17.0242919921875,,,,,,,,,,,,,,,,,
2022-02-02 00:00:00+00:00,,16.178110122680664,LINK-USD,,,,,,15.819188117980957,,,,,,,,,,,,,,,,,
2022-02-03 00:00:00+00:00,,17.4454402923584,LINK-USD,,,,,,16.178110122680664,,,,,,,,,,,,,,,,,
2022-02-04 00:00:00+00:00,,17.80269432067871,LINK-USD,,,,,,17.4454402923584,,,,,,,,,,,,,,,,,
2022-02-05 00:00:00+00:00,,18.039453506469727,LINK-USD,,,,,,17.80269432067871,,,,,,,,,,,,,,,,,
2022-02-06 00:00:00+00:00,,18.876794815063477,LINK-USD,,,,,,18.039453506469727,,,,,,,,,,,,,,,,,
2022-02-07 00:00:00+00:00,,18.426355361938477,LINK-USD,,,,,,18.876794815063477,,,,,,,,,,,,,,,,,
2022-02-08 00:00:00+00:00,,18.64273452758789,LINK-USD,,,,,,18.426355361938477,,,,,,,,,,,,,,,,,
2022-02-09 00:00:00+00:00,,17.525623321533203,LINK-USD,,,,,,18.64273452758789,,,,,,,,,,,,,,,,,
2022-02-10 00:00:00+00:00,,16.184280395507812,LINK-USD,,,,,,17.525623321533203,,,,,,,,,,,,,,,,,
2022-02-11 00:00:00+00:00,,15.951390266418457,LINK-USD,,,,,,16.184280395507812,,,,,,,,,,,,,,,,,
2022-02-12 00:00:00+00:00,,15.735865592956543,LINK-USD,,,,,,15.951390266418457,,,,,,,,,,,,,,,,,
2022-02-13 00:00:00+00:00,,15.939895629882812,LINK-USD,,,,,,15.735865592956543,,,,,,,,,,,,,,,,,
2022-02-14 00:00:00+00:00,,17.319860458374023,LINK-USD,,,,,,15.939895629882812,,,,,,,,,,,,,,,,,
2022-02-15 00:00:00+00:00,,17.17413330078125,LINK-USD,,,,,,17.319860458374023,,,,,,,,,,,,,,,,,
2022-02-16 00:00:00+00:00,,15.572244644165039,LINK-USD,,,,,,17.17413330078125,,,,,,,,,,,,,,,,,
2022-02-17 00:00:00+00:00,,15.232380867004395,LINK-USD,,,,,,15.572244644165039,,,,,,,,,,,,,,,,,
2022-02-18 00:00:00+00:00,,15.521562576293945,LINK-USD,,,,,,15.232380867004395,,,,,,,,,,,,,,,,,
2022-02-19 00:00:00+00:00,,14.649103164672852,LINK-USD,,,,,,15.521562576293945,,,,,,,,,,,,,,,,,
2022-02-20 00:00:00+00:00,,13.538114547729492,LINK-USD,,,,,,14.649103164672852,,,,,,,,,,,,,,,,,
2022-02-21 00:00:00+00:00,,14.026960372924805,LINK-USD,,,,,,13.538114547729492,,,,,,,,,,,,,,,,,
2022-02-22 00:00:00+00:00,,13.407191276550293,LINK-USD,,,,,,14.026960372924805,,,,,,,,,,,,,,,,,
2022-02-23 00:00:00+00:00,,13.267228126525879,LINK-USD,,,,,,13.407191276550293,,,,,,,,,,,,,,,,,
2022-02-24 00:00:00+00:00,,14.338565826416016,LINK-USD,,,,,,13.267228126525879,,,,,,,,,,,,,,,,,
2022-02-25 00:00:00+00:00,,14.690320014953613,LINK-USD,,,,,,14.338565826416016,,,,,,,,,,,,,,,,,
2022-02-26 00:00:00+00:00,,13.654266357421875,LINK-USD,,,,,,14.690320014953613,,,,,,,,,,,,,,,,,
2022-02-27 00:00:00+00:00,,15.116470336914062,LINK-USD,,,,,,13.654266357421875,,,,,,,,,,,,,,,,,
2022-02-28 00:00:00+00:00,,15.334708213806152,LINK-USD,,,,,,15.116470336914062,,,,,,,,,,,,,,,,,
2022-03-01 00:00:00+00:00,,15.29494857788086,LINK-USD,,,,,,15.334708213806152,,,,,,,,,,,,,,,,,
2022-03-02 00:00:00+00:00,,14.897106170654297,LINK-USD,,,,,,15.29494857788086,,,,,,,,,,,,,,,,,
2022-03-03 00:00:00+00:00,,13.714876174926758,LINK-USD,,,,,,14.897106170654297,,,,,,,,,,,,,,,,,
2022-03-04 00:00:00+00:00,,14.022286415100098,LINK-USD,,,,,,13.714876174926758,,,,,,,,,,,,,,,,,
2022-03-05 00:00:00+00:00,,13.338134765625,LINK-USD,,,,,,14.022286415100098,,,,,,,,,,,,,,,,,
2022-03-06 00:00:00+00:00,,12.71272087097168,LINK-USD,,,,,,13.338134765625,,,,,,,,,,,,,,,,,
2022-03-07 00:00:00+00:00,,13.077510833740234,LINK-USD,,,,,,12.71272087097168,,,,,,,,,,,,,,,,,
2022-03-08 00:00:00+00:00,,14.015893936157227,LINK-USD,,,,,,13.077510833740234,,,,,,,,,,,,,,,,,
2022-03-09 00:00:00+00:00,,13.195725440979004,LINK-USD,,,,,,14.015893936157227,,,,,,,,,,,,,,,,,
2022-03-10 00:00:00+00:00,,13.07819938659668,LINK-USD,,,,,,13.195725440979004,,,,,,,,,,,,,,,,,
2022-03-11 00:00:00+00:00,,13.186159133911133,LINK-USD,,,,,,13.07819938659668,,,,,,,,,,,,,,,,,
2022-03-12 00:00:00+00:00,,12.740457534790039,LINK-USD,,,,,,13.186159133911133,,,,,,,,,,,,,,,,,
2022-03-13 00:00:00+00:00,,13.401471138000488,LINK-USD,,,,,,12.740457534790039,,,,,,,,,,,,,,,,,
2022-03-14 00:00:00+00:00,,13.714278221130371,LINK-USD,,,,,,13.401471138000488,,,,,,,,,,,,,,,,,
2022-03-15 00:00:00+00:00,,14.696399688720703,LINK-USD,,,,,,13.714278221130371,,,,,,,,,,,,,,,,,
2022-03-16 00:00:00+00:00,,14.421710968017578,LINK-USD,,,,,,14.696399688720703,,,,,,,,,,,,,,,,,
2022-03-17 00:00:00+00:00,,15.028580665588379,LINK-USD,,,,,,14.421710968017578,,,,,,,,,,,,,,,,,
2022-03-18 00:00:00+00:00,,14.97515869140625,LINK-USD,,,,,,15.028580665588379,,,,,,,,,,,,,,,,,
2022-03-19 00:00:00+00:00,,14.552144050598145,LINK-USD,,,,,,14.97515869140625,,,,,,,,,,,,,,,,,
2022-03-20 00:00:00+00:00,,15.007802963256836,LINK-USD,,,,,,14.552144050598145,,,,,,,,,,,,,,,,,
2022-03-21 00:00:00+00:00,,15.450860977172852,LINK-USD,,,,,,15.007802963256836,,,,,,,,,,,,,,,,,
2022-03-22 00:00:00+00:00,,15.800262451171875,LINK-USD,,,,,,15.450860977172852,,,,,,,,,,,,,,,,,
2022-03-23 00:00:00+00:00,,16.171621322631836,LINK-USD,,,,,,15.800262451171875,,,,,,,,,,,,,,,,,
2022-03-24 00:00:00+00:00,,15.584914207458496,LINK-USD,,,,,,16.171621322631836,,,,,,,,,,,,,,,,,
2022-03-25 00:00:00+00:00,,15.821913719177246,LINK-USD,,,,,,15.584914207458496,,,,,,,,,,,,,,,,,
2022-03-26 00:00:00+00:00,,16.84952735900879,LINK-USD,,,,,,15.821913719177246,,,,,,,,,,,,,,,,,
2022-03-27 00:00:00+00:00,,16.517032623291016,LINK-USD,,,,,,16.84952735900879,,,,,,,,,,,,,,,,,
2022-03-28 00:00:00+00:00,,16.973129272460938,LINK-USD,,,,,,16.517032623291016,,,,,,,,,,,,,,,,,
2022-03-29 00:00:00+00:00,,17.209745407104492,LINK-USD,,,,,,16.973129272460938,,,,,,,,,,,,,,,,,
2022-03-30 00:00:00+00:00,,16.910993576049805,LINK-USD,,,,,,17.209745407104492,,,,,,,,,,,,,,,,,
2022-03-31 00:00:00+00:00,,17.312368392944336,LINK-USD,,,,,,16.910993576049805,,,,,,,,,,,,,,,,,
2022-04-01 00:00:00+00:00,,17.403167724609375,LINK-USD,,,,,,17.312368392944336,,,,,,,,,,,,,,,,,
2022-04-02 00:00:00+00:00,,18.09421730041504,LINK-USD,,,,,,17.403167724609375,,,,,,,,,,,,,,,,,
2022-04-03 00:00:00+00:00,,17.474639892578125,LINK-USD,,,,,,18.09421730041504,,,,,,,,,,,,,,,,,
2022-04-04 00:00:00+00:00,,16.77373504638672,LINK-USD,,,,,,17.474639892578125,,,,,,,,,,,,,,,,,
2022-04-05 00:00:00+00:00,,15.427790641784668,LINK-USD,,,,,,16.77373504638672,,,,,,,,,,,,,,,,,
2022-04-06 00:00:00+00:00,,15.775300025939941,LINK-USD,,,,,,15.427790641784668,,,,,,,,,,,,,,,,,
2022-04-07 00:00:00+00:00,,15.135031700134277,LINK-USD,,,,,,15.775300025939941,,,,,,,,,,,,,,,,,
2022-04-08 00:00:00+00:00,,15.433225631713867,LINK-USD,,,,,,15.135031700134277,,,,,,,,,,,,,,,,,
2022-04-09 00:00:00+00:00,,15.34876823425293,LINK-USD,,,,,,15.433225631713867,,,,,,,,,,,,,,,,,
2022-04-10 00:00:00+00:00,,13.75277042388916,LINK-USD,,,,,,15.34876823425293,,,,,,,,,,,,,,,,,
2022-04-11 00:00:00+00:00,,13.973590850830078,LINK-USD,,,,,,13.75277042388916,,,,,,,,,,,,,,,,,
2022-04-12 00:00:00+00:00,,14.183897972106934,LINK-USD,,,,,,13.973590850830078,,,,,,,,,,,,,,,,,
2022-04-13 00:00:00+00:00,,13.646020889282227,LINK-USD,,,,,,14.183897972106934,,,,,,,,,,,,,,,,,
2022-04-14 00:00:00+00:00,,14.120528221130371,LINK-USD,,,,,,13.646020889282227,,,,,,,,,,,,,,,,,
2022-04-15 00:00:00+00:00,,14.150530815124512,LINK-USD,,,,,,14.120528221130371,,,,,,,,,,,,,,,,,
2022-04-16 00:00:00+00:00,,13.76498794555664,LINK-USD,,,,,,14.150530815124512,,,,,,,,,,,,,,,,,
2022-04-17 00:00:00+00:00,,14.037701606750488,LINK-USD,,,,,,13.76498794555664,,,,,,,,,,,,,,,,,
2022-04-18 00:00:00+00:00,,14.258341789245605,LINK-USD,,,,,,14.037701606750488,,,,,,,,,,,,,,,,,
2022-04-19 00:00:00+00:00,,14.024039268493652,LINK-USD,,,,,,14.258341789245605,,,,,,,,,,,,,,,,,
2022-04-20 00:00:00+00:00,,13.588746070861816,LINK-USD,,,,,,14.024039268493652,,,,,,,,,,,,,,,,,
2022-04-21 00:00:00+00:00,,13.609354019165039,LINK-USD,,,,,,13.588746070861816,,,,,,,,,,,,,,,,,
2022-04-22 00:00:00+00:00,,13.34372615814209,LINK-USD,,,,,,13.609354019165039,,,,,,,,,,,,,,,,,
2022-04-23 00:00:00+00:00,,13.287423133850098,LINK-USD,,,,,,13.34372615814209,,,,,,,,,,,,,,,,,
2022-04-24 00:00:00+00:00,,13.45869255065918,LINK-USD,,,,,,13.287423133850098,,,,,,,,,,,,,,,,,
2022-04-25 00:00:00+00:00,,12.35457706451416,LINK-USD,,,,,,13.45869255065918,,,,,,,,,,,,,,,,,
2022-04-26 00:00:00+00:00,,12.733110427856445,LINK-USD,,,,,,12.35457706451416,,,,,,,,,,,,,,,,,
2022-04-27 00:00:00+00:00,,12.662813186645508,LINK-USD,,,,,,12.733110427856445,,,,,,,,,,,,,,,,,
2022-04-28 00:00:00+00:00,,11.970266342163086,LINK-USD,,,,,,12.662813186645508,,,,,,,,,,,,,,,,,
2022-04-29 00:00:00+00:00,,10.997047424316406,LINK-USD,,,,,,11.970266342163086,,,,,,,,,,,,,,,,,
2022-04-30 00:00:00+00:00,,11.312018394470215,LINK-USD,,,,,,10.997047424316406,,,,,,,,,,,,,,,,,
2022-05-01 00:00:00+00:00,,11.178779602050781,LINK-USD,,,,,,11.312018394470215,,,,,,,,,,,,,,,,,
2022-05-02 00:00:00+00:00,,11.121427536010742,LINK-USD,,,,,,11.178779602050781,,,,,,,,,,,,,,,,,
2022-05-03 00:00:00+00:00,,12.145609855651855,LINK-USD,,,,,,11.121427536010742,,,,,,,,,,,,,,,,,
2022-05-04 00:00:00+00:00,,10.917400360107422,LINK-USD,,,,,,12.145609855651855,,,,,,,,,,,,,,,,,
2022-05-05 00:00:00+00:00,,10.799843788146973,LINK-USD,,,,,,10.917400360107422,,,,,,,,,,,,,,,,,
2022-05-06 00:00:00+00:00,,10.23990535736084,LINK-USD,,,,,,10.799843788146973,,,,,,,,,,,,,,,,,
2022-05-07 00:00:00+00:00,,9.990030288696289,LINK-USD,,,,,,10.23990535736084,,,,,,,,,,,,,,,,,
2022-05-08 00:00:00+00:00,,8.272896766662598,LINK-USD,,,,,,9.990030288696289,,,,,,,,,,,,,,,,,
2022-05-09 00:00:00+00:00,,8.584442138671875,LINK-USD,,,,,,8.272896766662598,,,,,,,,,,,,,,,,,
2022-05-10 00:00:00+00:00,,6.916926860809326,LINK-USD,,,,,,8.584442138671875,,,,,,,,,,,,,,,,,
2022-05-11 00:00:00+00:00,,6.569270133972168,LINK-USD,,,,,,6.916926860809326,,,,,,,,,,,,,,,,,
2022-05-12 00:00:00+00:00,,7.147284984588623,LINK-USD,,,,,,6.569270133972168,,,,,,,,,,,,,,,,,
2022-05-13 00:00:00+00:00,,7.28469181060791,LINK-USD,,,,,,7.147284984588623,,,,,,,,,,,,,,,,,
2022-05-14 00:00:00+00:00,,7.941104888916016,LINK-USD,,,,,,7.28469181060791,,,,,,,,,,,,,,,,,
2022-05-15 00:00:00+00:00,,7.418417930603027,LINK-USD,,,,,,7.941104888916016,,,,,,,,,,,,,,,,,
2022-05-16 00:00:00+00:00,,7.725452899932861,LINK-USD,,,,,,7.418417930603027,,,,,,,,,,,,,,,,,
2022-05-17 00:00:00+00:00,,6.82554292678833,LINK-USD,,,,,,7.725452899932861,,,,,,,,,,,,,,,,,
2022-05-18 00:00:00+00:00,,7.219192981719971,LINK-USD,,,,,,6.82554292678833,,,,,,,,,,,,,,,,,
2022-05-19 00:00:00+00:00,,6.890322208404541,LINK-USD,,,,,,7.219192981719971,,,,,,,,,,,,,,,,,
2022-05-20 00:00:00+00:00,,7.058111190795898,LINK-USD,,,,,,6.890322208404541,,,,,,,,,,,,,,,,,
2022-05-21 00:00:00+00:00,,7.356995105743408,LINK-USD,,,,,,7.058111190795898,,,,,,,,,,,,,,,,,
2022-05-22 00:00:00+00:00,,7.028613090515137,LINK-USD,,,,,,7.356995105743408,,,,,,,,,,,,,,,,,
2022-05-23 00:00:00+00:00,,7.234004974365234,LINK-USD,,,,,,7.028613090515137,,,,,,,,,,,,,,,,,
2022-05-24 00:00:00+00:00,,6.97707986831665,LINK-USD,,,,,,7.234004974365234,,,,,,,,,,,,,,,,,
2022-05-25 00:00:00+00:00,,6.608133792877197,LINK-USD,,,,,,6.97707986831665,,,,,,,,,,,,,,,,,
2022-05-26 00:00:00+00:00,,6.273192882537842,LINK-USD,,,,,,6.608133792877197,,,,,,,,,,,,,,,,,
2022-05-27 00:00:00+00:00,,6.5723958015441895,LINK-USD,,,,,,6.273192882537842,,,,,,,,,,,,,,,,,
2022-05-28 00:00:00+00:00,,6.7126288414001465,LINK-USD,,,,,,6.5723958015441895,,,,,,,,,,,,,,,,,
2022-05-29 00:00:00+00:00,,7.45792293548584,LINK-USD,,,,,,6.7126288414001465,,,,,,,,,,,,,,,,,
2022-05-30 00:00:00+00:00,,7.594669818878174,LINK-USD,,,,,,7.45792293548584,,,,,,,,,,,,,,,,,
2022-05-31 00:00:00+00:00,,6.926414966583252,LINK-USD,,,,,,7.594669818878174,,,,,,,,,,,,,,,,,
2022-06-01 00:00:00+00:00,,7.20100212097168,LINK-USD,,,,,,6.926414966583252,,,,,,,,,,,,,,,,,
2022-06-02 00:00:00+00:00,,6.862430095672607,LINK-USD,,,,,,7.20100212097168,,,,,,,,,,,,,,,,,
2022-06-03 00:00:00+00:00,,7.396090030670166,LINK-USD,,,,,,6.862430095672607,,,,,,,,,,,,,,,,,
2022-06-04 00:00:00+00:00,,7.636984825134277,LINK-USD,,,,,,7.396090030670166,,,,,,,,,,,,,,,,,
2022-06-05 00:00:00+00:00,,7.966335773468018,LINK-USD,,,,,,7.636984825134277,,,,,,,,,,,,,,,,,
2022-06-06 00:00:00+00:00,,8.732022285461426,LINK-USD,,,,,,7.966335773468018,,,,,,,,,,,,,,,,,
2022-06-07 00:00:00+00:00,,8.71743106842041,LINK-USD,,,,,,8.732022285461426,,,,,,,,,,,,,,,,,
2022-06-08 00:00:00+00:00,,9.276540756225586,LINK-USD,,,,,,8.71743106842041,,,,,,,,,,,,,,,,,
2022-06-09 00:00:00+00:00,,8.04669189453125,LINK-USD,,,,,,9.276540756225586,,,,,,,,,,,,,,,,,
2022-06-10 00:00:00+00:00,,7.016141891479492,LINK-USD,,,,,,8.04669189453125,,,,,,,,,,,,,,,,,
2022-06-11 00:00:00+00:00,,6.341506004333496,LINK-USD,,,,,,7.016141891479492,,,,,,,,,,,,,,,,,
2022-06-12 00:00:00+00:00,,5.887118816375732,LINK-USD,,,,,,6.341506004333496,,,,,,,,,,,,,,,,,
2022-06-13 00:00:00+00:00,,6.759265899658203,LINK-USD,,,,,,5.887118816375732,,,,,,,,,,,,,,,,,
2022-06-14 00:00:00+00:00,,7.3247151374816895,LINK-USD,,,,,,6.759265899658203,,,,,,,,,,,,,,,,,
2022-06-15 00:00:00+00:00,,6.336337089538574,LINK-USD,,,,,,7.3247151374816895,,,,,,,,,,,,,,,,,
2022-06-16 00:00:00+00:00,,6.363194942474365,LINK-USD,,,,,,6.336337089538574,,,,,,,,,,,,,,,,,
2022-06-17 00:00:00+00:00,,5.93533992767334,LINK-USD,,,,,,6.363194942474365,,,,,,,,,,,,,,,,,
2022-06-18 00:00:00+00:00,,6.599023818969727,LINK-USD,,,,,,5.93533992767334,,,,,,,,,,,,,,,,,
2022-06-19 00:00:00+00:00,,7.002992153167725,LINK-USD,,,,,,6.599023818969727,,,,,,,,,,,,,,,,,
2022-06-20 00:00:00+00:00,,6.838943004608154,LINK-USD,,,,,,7.002992153167725,,,,,,,,,,,,,,,,,
2022-06-21 00:00:00+00:00,,6.633892059326172,LINK-USD,,,,,,6.838943004608154,,,,,,,,,,,,,,,,,
2022-06-22 00:00:00+00:00,,7.001298904418945,LINK-USD,,,,,,6.633892059326172,,,,,,,,,,,,,,,,,
2022-06-23 00:00:00+00:00,,7.2897748947143555,LINK-USD,,,,,,7.001298904418945,,,,,,,,,,,,,,,,,
2022-06-24 00:00:00+00:00,,7.2714080810546875,LINK-USD,,,,,,7.2897748947143555,,,,,,,,,,,,,,,,,
2022-06-25 00:00:00+00:00,,6.745378017425537,LINK-USD,,,,,,7.2714080810546875,,,,,,,,,,,,,,,,,
2022-06-26 00:00:00+00:00,,6.558154106140137,LINK-USD,,,,,,6.745378017425537,,,,,,,,,,,,,,,,,
2022-06-27 00:00:00+00:00,,6.322357177734375,LINK-USD,,,,,,6.558154106140137,,,,,,,,,,,,,,,,,
2022-06-28 00:00:00+00:00,,6.2102251052856445,LINK-USD,,,,,,6.322357177734375,,,,,,,,,,,,,,,,,
2022-06-29 00:00:00+00:00,,6.252963066101074,LINK-USD,,,,,,6.2102251052856445,,,,,,,,,,,,,,,,,
2022-06-30 00:00:00+00:00,,6.069790840148926,LINK-USD,,,,,,6.252963066101074,,,,,,,,,,,,,,,,,
2022-07-01 00:00:00+00:00,,6.2256269454956055,LINK-USD,,,,,,6.069790840148926,,,,,,,,,,,,,,,,,
2022-07-02 00:00:00+00:00,,6.2058610916137695,LINK-USD,,,,,,6.2256269454956055,,,,,,,,,,,,,,,,,
2022-07-03 00:00:00+00:00,,6.431877136230469,LINK-USD,,,,,,6.2058610916137695,,,,,,,,,,,,,,,,,
2022-07-04 00:00:00+00:00,,6.321958065032959,LINK-USD,,,,,,6.431877136230469,,,,,,,,,,,,,,,,,
2022-07-05 00:00:00+00:00,,6.338929176330566,LINK-USD,,,,,,6.321958065032959,,,,,,,,,,,,,,,,,
2022-07-06 00:00:00+00:00,,6.641354084014893,LINK-USD,,,,,,6.338929176330566,,,,,,,,,,,,,,,,,
2022-07-07 00:00:00+00:00,,6.379156112670898,LINK-USD,,,,,,6.641354084014893,,,,,,,,,,,,,,,,,
2022-07-08 00:00:00+00:00,,6.503009796142578,LINK-USD,,,,,,6.379156112670898,,,,,,,,,,,,,,,,,
2022-07-09 00:00:00+00:00,,6.201322078704834,LINK-USD,,,,,,6.503009796142578,,,,,,,,,,,,,,,,,
2022-07-10 00:00:00+00:00,,6.044690132141113,LINK-USD,,,,,,6.201322078704834,,,,,,,,,,,,,,,,,
2022-07-11 00:00:00+00:00,,5.968434810638428,LINK-USD,,,,,,6.044690132141113,,,,,,,,,,,,,,,,,
2022-07-12 00:00:00+00:00,,6.177943229675293,LINK-USD,,,,,,5.968434810638428,,,,,,,,,,,,,,,,,
2022-07-13 00:00:00+00:00,,6.268181800842285,LINK-USD,,,,,,6.177943229675293,,,,,,,,,,,,,,,,,
2022-07-14 00:00:00+00:00,,6.327785015106201,LINK-USD,,,,,,6.268181800842285,,,,,,,,,,,,,,,,,
2022-07-15 00:00:00+00:00,,6.577694892883301,LINK-USD,,,,,,6.327785015106201,,,,,,,,,,,,,,,,,
2022-07-16 00:00:00+00:00,,6.348729133605957,LINK-USD,,,,,,6.577694892883301,,,,,,,,,,,,,,,,,
2022-07-17 00:00:00+00:00,,7.059539794921875,LINK-USD,,,,,,6.348729133605957,,,,,,,,,,,,,,,,,
2022-07-18 00:00:00+00:00,,7.256052017211914,LINK-USD,,,,,,7.059539794921875,,,,,,,,,,,,,,,,,
2022-07-19 00:00:00+00:00,,6.872341156005859,LINK-USD,,,,,,7.256052017211914,,,,,,,,,,,,,,,,,
2022-07-20 00:00:00+00:00,,6.9986982345581055,LINK-USD,,,,,,6.872341156005859,,,,,,,,,,,,,,,,,
2022-07-21 00:00:00+00:00,,6.8113532066345215,LINK-USD,,,,,,6.9986982345581055,,,,,,,,,,,,,,,,,
2022-07-22 00:00:00+00:00,,6.857292175292969,LINK-USD,,,,,,6.8113532066345215,,,,,,,,,,,,,,,,,
2022-07-23 00:00:00+00:00,,7.106037139892578,LINK-USD,,,,,,6.857292175292969,,,,,,,,,,,,,,,,,
2022-07-24 00:00:00+00:00,,6.465126037597656,LINK-USD,,,,,,7.106037139892578,,,,,,,,,,,,,,,,,
2022-07-25 00:00:00+00:00,,6.341288089752197,LINK-USD,,,,,,6.465126037597656,,,,,,,,,,,,,,,,,
2022-07-26 00:00:00+00:00,,6.855407238006592,LINK-USD,,,,,,6.341288089752197,,,,,,,,,,,,,,,,,
2022-07-27 00:00:00+00:00,,7.219182014465332,LINK-USD,,,,,,6.855407238006592,,,,,,,,,,,,,,,,,
2022-07-28 00:00:00+00:00,,7.912095069885254,LINK-USD,,,,,,7.219182014465332,,,,,,,,,,,,,,,,,
2022-07-29 00:00:00+00:00,,7.80338716506958,LINK-USD,,,,,,7.912095069885254,,,,,,,,,,,,,,,,,
2022-07-30 00:00:00+00:00,,7.666137218475342,LINK-USD,,,,,,7.80338716506958,,,,,,,,,,,,,,,,,
2022-07-31 00:00:00+00:00,,7.58688497543335,LINK-USD,,,,,,7.666137218475342,,,,,,,,,,,,,,,,,
2022-08-01 00:00:00+00:00,,7.208191871643066,LINK-USD,,,,,,7.58688497543335,,,,,,,,,,,,,,,,,
2022-08-02 00:00:00+00:00,,7.2863311767578125,LINK-USD,,,,,,7.208191871643066,,,,,,,,,,,,,,,,,
2022-08-03 00:00:00+00:00,,7.356004238128662,LINK-USD,,,,,,7.2863311767578125,,,,,,,,,,,,,,,,,
2022-08-04 00:00:00+00:00,,7.864570140838623,LINK-USD,,,,,,7.356004238128662,,,,,,,,,,,,,,,,,
2022-08-05 00:00:00+00:00,,7.802283763885498,LINK-USD,,,,,,7.864570140838623,,,,,,,,,,,,,,,,,
2022-08-06 00:00:00+00:00,,8.307045936584473,LINK-USD,,,,,,7.802283763885498,,,,,,,,,,,,,,,,,
2022-08-07 00:00:00+00:00,,8.645899772644043,LINK-USD,,,,,,8.307045936584473,,,,,,,,,,,,,,,,,
2022-08-08 00:00:00+00:00,,8.758238792419434,LINK-USD,,,,,,8.645899772644043,,,,,,,,,,,,,,,,,
2022-08-09 00:00:00+00:00,,9.055891036987305,LINK-USD,,,,,,8.758238792419434,,,,,,,,,,,,,,,,,
2022-08-10 00:00:00+00:00,,8.965302467346191,LINK-USD,,,,,,9.055891036987305,,,,,,,,,,,,,,,,,
2022-08-11 00:00:00+00:00,,9.333063125610352,LINK-USD,,,,,,8.965302467346191,,,,,,,,,,,,,,,,,
2022-08-12 00:00:00+00:00,,9.13301944732666,LINK-USD,,,,,,9.333063125610352,,,,,,,,,,,,,,,,,
2022-08-13 00:00:00+00:00,,8.774847984313965,LINK-USD,,,,,,9.13301944732666,,,,,,,,,,,,,,,,,
2022-08-14 00:00:00+00:00,,8.659610748291016,LINK-USD,,,,,,8.774847984313965,,,,,,,,,,,,,,,,,
2022-08-15 00:00:00+00:00,,8.466906547546387,LINK-USD,,,,,,8.659610748291016,,,,,,,,,,,,,,,,,
2022-08-16 00:00:00+00:00,,8.04944133758545,LINK-USD,,,,,,8.466906547546387,,,,,,,,,,,,,,,,,
2022-08-17 00:00:00+00:00,,7.6731181144714355,LINK-USD,,,,,,8.04944133758545,,,,,,,,,,,,,,,,,
2022-08-18 00:00:00+00:00,,6.907883167266846,LINK-USD,,,,,,7.6731181144714355,,,,,,,,,,,,,,,,,
2022-08-19 00:00:00+00:00,,6.905580997467041,LINK-USD,,,,,,6.907883167266846,,,,,,,,,,,,,,,,,
2022-08-20 00:00:00+00:00,,7.087409019470215,LINK-USD,,,,,,6.905580997467041,,,,,,,,,,,,,,,,,
2022-08-21 00:00:00+00:00,,7.034696102142334,LINK-USD,,,,,,7.087409019470215,,,,,,,,,,,,,,,,,
2022-08-22 00:00:00+00:00,,7.244895935058594,LINK-USD,,,,,,7.034696102142334,,,,,,,,,,,,,,,,,
2022-08-23 00:00:00+00:00,,7.135585784912109,LINK-USD,,,,,,7.244895935058594,,,,,,,,,,,,,,,,,
2022-08-24 00:00:00+00:00,,7.133749008178711,LINK-USD,,,,,,7.135585784912109,,,,,,,,,,,,,,,,,
2022-08-25 00:00:00+00:00,,6.486523151397705,LINK-USD,,,,,,7.133749008178711,,,,,,,,,,,,,,,,,
2022-08-26 00:00:00+00:00,,6.537517070770264,LINK-USD,,,,,,6.486523151397705,,,,,,,,,,,,,,,,,
2022-08-27 00:00:00+00:00,,6.263700008392334,LINK-USD,,,,,,6.537517070770264,,,,,,,,,,,,,,,,,
2022-08-28 00:00:00+00:00,,6.703226089477539,LINK-USD,,,,,,6.263700008392334,,,,,,,,,,,,,,,,,
2022-08-29 00:00:00+00:00,,6.557106971740723,LINK-USD,,,,,,6.703226089477539,,,,,,,,,,,,,,,,,
2022-08-30 00:00:00+00:00,,6.630672931671143,LINK-USD,,,,,,6.557106971740723,,,,,,,,,,,,,,,,,
2022-08-31 00:00:00+00:00,,6.895674228668213,LINK-USD,,,,,,6.630672931671143,,,,,,,,,,,,,,,,,
2022-09-01 00:00:00+00:00,,6.923276901245117,LINK-USD,,,,,,6.895674228668213,,,,,,,,,,,,,,,,,
2022-09-02 00:00:00+00:00,,6.8400068283081055,LINK-USD,,,,,,6.923276901245117,,,,,,,,,,,,,,,,,
2022-09-03 00:00:00+00:00,,7.145918846130371,LINK-USD,,,,,,6.8400068283081055,,,,,,,,,,,,,,,,,
2022-09-04 00:00:00+00:00,,7.364040851593018,LINK-USD,,,,,,7.145918846130371,,,,,,,,,,,,,,,,,
2022-09-05 00:00:00+00:00,,6.672347068786621,LINK-USD,,,,,,7.364040851593018,,,,,,,,,,,,,,,,,
2022-09-06 00:00:00+00:00,,7.082168102264404,LINK-USD,,,,,,6.672347068786621,,,,,,,,,,,,,,,,,
2022-09-07 00:00:00+00:00,,7.407059192657471,LINK-USD,,,,,,7.082168102264404,,,,,,,,,,,,,,,,,
2022-09-08 00:00:00+00:00,,7.747072219848633,LINK-USD,,,,,,7.407059192657471,,,,,,,,,,,,,,,,,
2022-09-09 00:00:00+00:00,,7.913443088531494,LINK-USD,,,,,,7.747072219848633,,,,,,,,,,,,,,,,,
2022-09-10 00:00:00+00:00,,8.01537799835205,LINK-USD,,,,,,7.913443088531494,,,,,,,,,,,,,,,,,
2022-09-11 00:00:00+00:00,,7.747560977935791,LINK-USD,,,,,,8.01537799835205,,,,,,,,,,,,,,,,,
2022-09-12 00:00:00+00:00,,7.128942012786865,LINK-USD,,,,,,7.747560977935791,,,,,,,,,,,,,,,,,
2022-09-13 00:00:00+00:00,,7.4550018310546875,LINK-USD,,,,,,7.128942012786865,,,,,,,,,,,,,,,,,
2022-09-14 00:00:00+00:00,,7.545806884765625,LINK-USD,,,,,,7.4550018310546875,,,,,,,,,,,,,,,,,
2022-09-15 00:00:00+00:00,,7.644145965576172,LINK-USD,,,,,,7.545806884765625,,,,,,,,,,,,,,,,,
2022-09-16 00:00:00+00:00,,8.10516357421875,LINK-USD,,,,,,7.644145965576172,,,,,,,,,,,,,,,,,
2022-09-17 00:00:00+00:00,,7.507727146148682,LINK-USD,,,,,,8.10516357421875,,,,,,,,,,,,,,,,,
2022-09-18 00:00:00+00:00,,7.312716960906982,LINK-USD,,,,,,7.507727146148682,,,,,,,,,,,,,,,,,
2022-09-19 00:00:00+00:00,,6.8872880935668945,LINK-USD,,,,,,7.312716960906982,,,,,,,,,,,,,,,,,
2022-09-20 00:00:00+00:00,,6.712920188903809,LINK-USD,,,,,,6.8872880935668945,,,,,,,,,,,,,,,,,
2022-09-21 00:00:00+00:00,,7.118292808532715,LINK-USD,,,,,,6.712920188903809,,,,,,,,,,,,,,,,,
2022-09-22 00:00:00+00:00,,7.4476189613342285,LINK-USD,,,,,,7.118292808532715,,,,,,,,,,,,,,,,,
2022-09-23 00:00:00+00:00,,7.636966228485107,LINK-USD,,,,,,7.4476189613342285,,,,,,,,,,,,,,,,,
2022-09-24 00:00:00+00:00,,7.865859031677246,LINK-USD,,,,,,7.636966228485107,,,,,,,,,,,,,,,,,
2022-09-25 00:00:00+00:00,,7.928506851196289,LINK-USD,,,,,,7.865859031677246,,,,,,,,,,,,,,,,,
2022-09-26 00:00:00+00:00,,8.074233055114746,LINK-USD,,,,,,7.928506851196289,,,,,,,,,,,,,,,,,
2022-09-27 00:00:00+00:00,,7.814181804656982,LINK-USD,,,,,,8.074233055114746,,,,,,,,,,,,,,,,,
2022-09-28 00:00:00+00:00,,7.901172161102295,LINK-USD,,,,,,7.814181804656982,,,,,,,,,,,,,,,,,
2022-09-29 00:00:00+00:00,,7.581145763397217,LINK-USD,,,,,,7.901172161102295,,,,,,,,,,,,,,,,,
2022-09-30 00:00:00+00:00,,7.387452125549316,LINK-USD,,,,,,7.581145763397217,,,,,,,,,,,,,,,,,
2022-10-01 00:00:00+00:00,,7.13367223739624,LINK-USD,,,,,,7.387452125549316,,,,,,,,,,,,,,,,,
2022-10-02 00:00:00+00:00,,7.335093021392822,LINK-USD,,,,,,7.13367223739624,,,,,,,,,,,,,,,,,
2022-10-03 00:00:00+00:00,,7.72127103805542,LINK-USD,,,,,,7.335093021392822,,,,,,,,,,,,,,,,,
2022-10-04 00:00:00+00:00,,7.875545024871826,LINK-USD,,,,,,7.72127103805542,,,,,,,,,,,,,,,,,
2022-10-05 00:00:00+00:00,,7.637218952178955,LINK-USD,,,,,,7.875545024871826,,,,,,,,,,,,,,,,,
2022-10-06 00:00:00+00:00,,7.606438159942627,LINK-USD,,,,,,7.637218952178955,,,,,,,,,,,,,,,,,
2022-10-07 00:00:00+00:00,,7.448554992675781,LINK-USD,,,,,,7.606438159942627,,,,,,,,,,,,,,,,,
2022-10-08 00:00:00+00:00,,7.62626314163208,LINK-USD,,,,,,7.448554992675781,,,,,,,,,,,,,,,,,
2022-10-09 00:00:00+00:00,,7.381631851196289,LINK-USD,,,,,,7.62626314163208,,,,,,,,,,,,,,,,,
2022-10-10 00:00:00+00:00,,7.128554821014404,LINK-USD,,,,,,7.381631851196289,,,,,,,,,,,,,,,,,
2022-10-11 00:00:00+00:00,,7.149956226348877,LINK-USD,,,,,,7.128554821014404,,,,,,,,,,,,,,,,,
2022-10-12 00:00:00+00:00,,7.038730144500732,LINK-USD,,,,,,7.149956226348877,,,,,,,,,,,,,,,,,
2022-10-13 00:00:00+00:00,,6.896554946899414,LINK-USD,,,,,,7.038730144500732,,,,,,,,,,,,,,,,,
2022-10-14 00:00:00+00:00,,6.886902809143066,LINK-USD,,,,,,6.896554946899414,,,,,,,,,,,,,,,,,
2022-10-15 00:00:00+00:00,,7.175411224365234,LINK-USD,,,,,,6.886902809143066,,,,,,,,,,,,,,,,,
2022-10-16 00:00:00+00:00,,7.333412170410156,LINK-USD,,,,,,7.175411224365234,,,,,,,,,,,,,,,,,
2022-10-17 00:00:00+00:00,,7.117894172668457,LINK-USD,,,,,,7.333412170410156,,,,,,,,,,,,,,,,,
2022-10-18 00:00:00+00:00,,6.778677940368652,LINK-USD,,,,,,7.117894172668457,,,,,,,,,,,,,,,,,
2022-10-19 00:00:00+00:00,,6.666734218597412,LINK-USD,,,,,,6.778677940368652,,,,,,,,,,,,,,,,,
2022-10-20 00:00:00+00:00,,6.813488960266113,LINK-USD,,,,,,6.666734218597412,,,,,,,,,,,,,,,,,
2022-10-21 00:00:00+00:00,,6.870748996734619,LINK-USD,,,,,,6.813488960266113,,,,,,,,,,,,,,,,,
2022-10-22 00:00:00+00:00,,7.0656352043151855,LINK-USD,,,,,,6.870748996734619,,,,,,,,,,,,,,,,,
2022-10-23 00:00:00+00:00,,6.913847923278809,LINK-USD,,,,,,7.0656352043151855,,,,,,,,,,,,,,,,,
2022-10-24 00:00:00+00:00,,7.080036163330078,LINK-USD,,,,,,6.913847923278809,,,,,,,,,,,,,,,,,
2022-10-25 00:00:00+00:00,,7.15816593170166,LINK-USD,,,,,,7.080036163330078,,,,,,,,,,,,,,,,,
2022-10-26 00:00:00+00:00,,6.908006191253662,LINK-USD,,,,,,7.15816593170166,,,,,,,,,,,,,,,,,
2022-10-27 00:00:00+00:00,,7.116174221038818,LINK-USD,,,,,,6.908006191253662,,,,,,,,,,,,,,,,,
2022-10-28 00:00:00+00:00,,7.613306999206543,LINK-USD,,,,,,7.116174221038818,,,,,,,,,,,,,,,,,
2022-10-29 00:00:00+00:00,,7.788180828094482,LINK-USD,,,,,,7.613306999206543,,,,,,,,,,,,,,,,,
2022-10-30 00:00:00+00:00,,7.861647129058838,LINK-USD,,,,,,7.788180828094482,,,,,,,,,,,,,,,,,
2022-10-31 00:00:00+00:00,,7.6939520835876465,LINK-USD,,,,,,7.861647129058838,,,,,,,,,,,,,,,,,
2022-11-01 00:00:00+00:00,,7.427645206451416,LINK-USD,,,,,,7.6939520835876465,,,,,,,,,,,,,,,,,
2022-11-02 00:00:00+00:00,,7.714237213134766,LINK-USD,,,,,,7.427645206451416,,,,,,,,,,,,,,,,,
2022-11-03 00:00:00+00:00,,8.741551399230957,LINK-USD,,,,,,7.714237213134766,,,,,,,,,,,,,,,,,
2022-11-04 00:00:00+00:00,,8.665481567382812,LINK-USD,,,,,,8.741551399230957,,,,,,,,,,,,,,,,,
2022-11-05 00:00:00+00:00,,8.121048927307129,LINK-USD,,,,,,8.665481567382812,,,,,,,,,,,,,,,,,
2022-11-06 00:00:00+00:00,,8.895980834960938,LINK-USD,,,,,,8.121048927307129,,,,,,,,,,,,,,,,,
2022-11-07 00:00:00+00:00,,7.6830339431762695,LINK-USD,,,,,,8.895980834960938,,,,,,,,,,,,,,,,,
2022-11-08 00:00:00+00:00,,6.224503040313721,LINK-USD,,,,,,7.6830339431762695,,,,,,,,,,,,,,,,,
2022-11-09 00:00:00+00:00,,7.214661121368408,LINK-USD,,,,,,6.224503040313721,,,,,,,,,,,,,,,,,
2022-11-10 00:00:00+00:00,,7.009961128234863,LINK-USD,,,,,,7.214661121368408,,,,,,,,,,,,,,,,,
2022-11-11 00:00:00+00:00,,6.259308815002441,LINK-USD,,,,,,7.009961128234863,,,,,,,,,,,,,,,,,
2022-11-12 00:00:00+00:00,,6.072445869445801,LINK-USD,,,,,,6.259308815002441,,,,,,,,,,,,,,,,,
2022-11-13 00:00:00+00:00,,6.264420986175537,LINK-USD,,,,,,6.072445869445801,,,,,,,,,,,,,,,,,
2022-11-14 00:00:00+00:00,,6.419929027557373,LINK-USD,,,,,,6.264420986175537,,,,,,,,,,,,,,,,,
2022-11-15 00:00:00+00:00,,6.187088966369629,LINK-USD,,,,,,6.419929027557373,,,,,,,,,,,,,,,,,
2022-11-16 00:00:00+00:00,,6.234342098236084,LINK-USD,,,,,,6.187088966369629,,,,,,,,,,,,,,,,,
2022-11-17 00:00:00+00:00,,6.185774803161621,LINK-USD,,,,,,6.234342098236084,,,,,,,,,,,,,,,,,
2022-11-18 00:00:00+00:00,,6.1502180099487305,LINK-USD,,,,,,6.185774803161621,,,,,,,,,,,,,,,,,
2022-11-19 00:00:00+00:00,,5.771728038787842,LINK-USD,,,,,,6.1502180099487305,,,,,,,,,,,,,,,,,
2022-11-20 00:00:00+00:00,,5.869119167327881,LINK-USD,,,,,,5.771728038787842,,,,,,,,,,,,,,,,,
2022-11-21 00:00:00+00:00,,6.397805213928223,LINK-USD,,,,,,5.869119167327881,,,,,,,,,,,,,,,,,
2022-11-22 00:00:00+00:00,,6.7013068199157715,LINK-USD,,,,,,6.397805213928223,,,,,,,,,,,,,,,,,
2022-11-23 00:00:00+00:00,,6.831646919250488,LINK-USD,,,,,,6.7013068199157715,,,,,,,,,,,,,,,,,
2022-11-24 00:00:00+00:00,,6.842341899871826,LINK-USD,,,,,,6.831646919250488,,,,,,,,,,,,,,,,,
2022-11-25 00:00:00+00:00,,7.146820068359375,LINK-USD,,,,,,6.842341899871826,,,,,,,,,,,,,,,,,
2022-11-26 00:00:00+00:00,,6.902108192443848,LINK-USD,,,,,,7.146820068359375,,,,,,,,,,,,,,,,,
2022-11-27 00:00:00+00:00,,7.207573890686035,LINK-USD,,,,,,6.902108192443848,,,,,,,,,,,,,,,,,
2022-11-28 00:00:00+00:00,,7.320946216583252,LINK-USD,,,,,,7.207573890686035,,,,,,,,,,,,,,,,,
2022-11-29 00:00:00+00:00,,7.680302143096924,LINK-USD,,,,,,7.320946216583252,,,,,,,,,,,,,,,,,
2022-11-30 00:00:00+00:00,,7.687326908111572,LINK-USD,,,,,,7.680302143096924,,,,,,,,,,,,,,,,,
2022-12-01 00:00:00+00:00,,7.615397930145264,LINK-USD,,,,,,7.687326908111572,,,,,,,,,,,,,,,,,
2022-12-02 00:00:00+00:00,,7.2436041831970215,LINK-USD,,,,,,7.615397930145264,,,,,,,,,,,,,,,,,
2022-12-03 00:00:00+00:00,,7.446814060211182,LINK-USD,,,,,,7.2436041831970215,,,,,,,,,,,,,,,,,
2022-12-04 00:00:00+00:00,,7.2758378982543945,LINK-USD,,,,,,7.446814060211182,,,,,,,,,,,,,,,,,
2022-12-05 00:00:00+00:00,,7.13372802734375,LINK-USD,,,,,,7.2758378982543945,,,,,,,,,,,,,,,,,
2022-12-06 00:00:00+00:00,,6.887232780456543,LINK-USD,,,,,,7.13372802734375,,,,,,,,,,,,,,,,,
2022-12-07 00:00:00+00:00,,7.00632381439209,LINK-USD,,,,,,6.887232780456543,,,,,,,,,,,,,,,,,
2022-12-08 00:00:00+00:00,,6.8592848777771,LINK-USD,,,,,,7.00632381439209,,,,,,,,,,,,,,,,,
2022-12-09 00:00:00+00:00,,6.852805137634277,LINK-USD,,,,,,6.8592848777771,,,,,,,,,,,,,,,,,
2022-12-10 00:00:00+00:00,,6.714855194091797,LINK-USD,,,,,,6.852805137634277,,,,,,,,,,,,,,,,,
2022-12-11 00:00:00+00:00,,6.691596984863281,LINK-USD,,,,,,6.714855194091797,,,,,,,,,,,,,,,,,
2022-12-12 00:00:00+00:00,,6.9113569259643555,LINK-USD,,,,,,6.691596984863281,,,,,,,,,,,,,,,,,
2022-12-13 00:00:00+00:00,,6.728827953338623,LINK-USD,,,,,,6.9113569259643555,,,,,,,,,,,,,,,,,
2022-12-14 00:00:00+00:00,,6.4513630867004395,LINK-USD,,,,,,6.728827953338623,,,,,,,,,,,,,,,,,
2022-12-15 00:00:00+00:00,,5.900253772735596,LINK-USD,,,,,,6.4513630867004395,,,,,,,,,,,,,,,,,
2022-12-16 00:00:00+00:00,,6.029943943023682,LINK-USD,,,,,,5.900253772735596,,,,,,,,,,,,,,,,,
2022-12-17 00:00:00+00:00,,5.963430881500244,LINK-USD,,,,,,6.029943943023682,,,,,,,,,,,,,,,,,
2022-12-18 00:00:00+00:00,,5.790945053100586,LINK-USD,,,,,,5.963430881500244,,,,,,,,,,,,,,,,,
2022-12-19 00:00:00+00:00,,6.020202159881592,LINK-USD,,,,,,5.790945053100586,,,,,,,,,,,,,,,,,
2022-12-20 00:00:00+00:00,,5.98125696182251,LINK-USD,,,,,,6.020202159881592,,,,,,,,,,,,,,,,,
2022-12-21 00:00:00+00:00,,6.0027689933776855,LINK-USD,,,,,,5.98125696182251,,,,,,,,,,,,,,,,,
2022-12-22 00:00:00+00:00,,5.942527770996094,LINK-USD,,,,,,6.0027689933776855,,,,,,,,,,,,,,,,,
2022-12-23 00:00:00+00:00,,5.920003890991211,LINK-USD,,,,,,5.942527770996094,,,,,,,,,,,,,,,,,
2022-12-24 00:00:00+00:00,,5.985958099365234,LINK-USD,,,,,,5.920003890991211,,,,,,,,,,,,,,,,,
2022-12-25 00:00:00+00:00,,6.0376691818237305,LINK-USD,,,,,,5.985958099365234,,,,,,,,,,,,,,,,,
2022-12-26 00:00:00+00:00,,5.899226188659668,LINK-USD,,,,,,6.0376691818237305,,,,,,,,,,,,,,,,,
2022-12-27 00:00:00+00:00,,5.676936149597168,LINK-USD,,,,,,5.899226188659668,,,,,,,,,,,,,,,,,
2022-12-28 00:00:00+00:00,,5.603007793426514,LINK-USD,,,,,,5.676936149597168,,,,,,,,,,,,,,,,,
2022-12-29 00:00:00+00:00,,5.467444896697998,LINK-USD,,,,,,5.603007793426514,,,,,,,,,,,,,,,,,
2022-12-30 00:00:00+00:00,,5.568657875061035,LINK-USD,,,,,,5.467444896697998,,,,,,,,,,,,,,,,,
2022-12-31 00:00:00+00:00,,,LINK-USD,,,,,,5.568657875061035,,,,,,,,,,,,,,,,,
2022-01-01 00:00:00+00:00,,176.38284301757812,SOL-USD,,,,,,,178.5179443359375,,,,,,,,,,,,,,,,
2022-01-02 00:00:00+00:00,,170.29774475097656,SOL-USD,,,,,,,176.38284301757812,,,,,,,,,,,,,,,,
2022-01-03 00:00:00+00:00,,167.93890380859375,SOL-USD,,,,,,,170.29774475097656,,,,,,,,,,,,,,,,
2022-01-04 00:00:00+00:00,,155.0997314453125,SOL-USD,,,,,,,167.93890380859375,,,,,,,,,,,,,,,,
2022-01-05 00:00:00+00:00,,150.4313507080078,SOL-USD,,,,,,,155.0997314453125,,,,,,,,,,,,,,,,
2022-01-06 00:00:00+00:00,,136.40281677246094,SOL-USD,,,,,,,150.4313507080078,,,,,,,,,,,,,,,,
2022-01-07 00:00:00+00:00,,142.51345825195312,SOL-USD,,,,,,,136.40281677246094,,,,,,,,,,,,,,,,
2022-01-08 00:00:00+00:00,,140.83900451660156,SOL-USD,,,,,,,142.51345825195312,,,,,,,,,,,,,,,,
2022-01-09 00:00:00+00:00,,135.95494079589844,SOL-USD,,,,,,,140.83900451660156,,,,,,,,,,,,,,,,
2022-01-10 00:00:00+00:00,,140.18385314941406,SOL-USD,,,,,,,135.95494079589844,,,,,,,,,,,,,,,,
2022-01-11 00:00:00+00:00,,151.70310974121094,SOL-USD,,,,,,,140.18385314941406,,,,,,,,,,,,,,,,
2022-01-12 00:00:00+00:00,,146.01004028320312,SOL-USD,,,,,,,151.70310974121094,,,,,,,,,,,,,,,,
2022-01-13 00:00:00+00:00,,146.15902709960938,SOL-USD,,,,,,,146.01004028320312,,,,,,,,,,,,,,,,
2022-01-14 00:00:00+00:00,,147.80117797851562,SOL-USD,,,,,,,146.15902709960938,,,,,,,,,,,,,,,,
2022-01-15 00:00:00+00:00,,147.8565216064453,SOL-USD,,,,,,,147.80117797851562,,,,,,,,,,,,,,,,
2022-01-16 00:00:00+00:00,,139.92601013183594,SOL-USD,,,,,,,147.8565216064453,,,,,,,,,,,,,,,,
2022-01-17 00:00:00+00:00,,141.58718872070312,SOL-USD,,,,,,,139.92601013183594,,,,,,,,,,,,,,,,
2022-01-18 00:00:00+00:00,,135.79238891601562,SOL-USD,,,,,,,141.58718872070312,,,,,,,,,,,,,,,,
2022-01-19 00:00:00+00:00,,127.20528411865234,SOL-USD,,,,,,,135.79238891601562,,,,,,,,,,,,,,,,
2022-01-20 00:00:00+00:00,,111.96605682373047,SOL-USD,,,,,,,127.20528411865234,,,,,,,,,,,,,,,,
2022-01-21 00:00:00+00:00,,94.1783676147461,SOL-USD,,,,,,,111.96605682373047,,,,,,,,,,,,,,,,
2022-01-22 00:00:00+00:00,,99.5782241821289,SOL-USD,,,,,,,94.1783676147461,,,,,,,,,,,,,,,,
2022-01-23 00:00:00+00:00,,91.65016174316406,SOL-USD,,,,,,,99.5782241821289,,,,,,,,,,,,,,,,
2022-01-24 00:00:00+00:00,,94.72035217285156,SOL-USD,,,,,,,91.65016174316406,,,,,,,,,,,,,,,,
2022-01-25 00:00:00+00:00,,92.23804473876953,SOL-USD,,,,,,,94.72035217285156,,,,,,,,,,,,,,,,
2022-01-26 00:00:00+00:00,,89.63249206542969,SOL-USD,,,,,,,92.23804473876953,,,,,,,,,,,,,,,,
2022-01-27 00:00:00+00:00,,91.31289672851562,SOL-USD,,,,,,,89.63249206542969,,,,,,,,,,,,,,,,
2022-01-28 00:00:00+00:00,,96.2234878540039,SOL-USD,,,,,,,91.31289672851562,,,,,,,,,,,,,,,,
2022-01-29 00:00:00+00:00,,93.29767608642578,SOL-USD,,,,,,,96.2234878540039,,,,,,,,,,,,,,,,
2022-01-30 00:00:00+00:00,,99.73883819580078,SOL-USD,,,,,,,93.29767608642578,,,,,,,,,,,,,,,,
2022-01-31 00:00:00+00:00,,109.9789810180664,SOL-USD,,,,,,,99.73883819580078,,,,,,,,,,,,,,,,
2022-02-01 00:00:00+00:00,,101.83760070800781,SOL-USD,,,,,,,109.9789810180664,,,,,,,,,,,,,,,,
2022-02-02 00:00:00+00:00,,101.45903778076172,SOL-USD,,,,,,,101.83760070800781,,,,,,,,,,,,,,,,
2022-02-03 00:00:00+00:00,,112.17424774169922,SOL-USD,,,,,,,101.45903778076172,,,,,,,,,,,,,,,,
2022-02-04 00:00:00+00:00,,113.89430236816406,SOL-USD,,,,,,,112.17424774169922,,,,,,,,,,,,,,,,
2022-02-05 00:00:00+00:00,,115.29975891113281,SOL-USD,,,,,,,113.89430236816406,,,,,,,,,,,,,,,,
2022-02-06 00:00:00+00:00,,117.35514831542969,SOL-USD,,,,,,,115.29975891113281,,,,,,,,,,,,,,,,
2022-02-07 00:00:00+00:00,,113.5954818725586,SOL-USD,,,,,,,117.35514831542969,,,,,,,,,,,,,,,,
2022-02-08 00:00:00+00:00,,114.01937866210938,SOL-USD,,,,,,,113.5954818725586,,,,,,,,,,,,,,,,
2022-02-09 00:00:00+00:00,,106.20280456542969,SOL-USD,,,,,,,114.01937866210938,,,,,,,,,,,,,,,,
2022-02-10 00:00:00+00:00,,96.38188171386719,SOL-USD,,,,,,,106.20280456542969,,,,,,,,,,,,,,,,
2022-02-11 00:00:00+00:00,,95.91820526123047,SOL-USD,,,,,,,96.38188171386719,,,,,,,,,,,,,,,,
2022-02-12 00:00:00+00:00,,93.24410247802734,SOL-USD,,,,,,,95.91820526123047,,,,,,,,,,,,,,,,
2022-02-13 00:00:00+00:00,,96.43327331542969,SOL-USD,,,,,,,93.24410247802734,,,,,,,,,,,,,,,,
2022-02-14 00:00:00+00:00,,104.87330627441406,SOL-USD,,,,,,,96.43327331542969,,,,,,,,,,,,,,,,
2022-02-15 00:00:00+00:00,,101.93289947509766,SOL-USD,,,,,,,104.87330627441406,,,,,,,,,,,,,,,,
2022-02-16 00:00:00+00:00,,93.4104232788086,SOL-USD,,,,,,,101.93289947509766,,,,,,,,,,,,,,,,
2022-02-17 00:00:00+00:00,,90.06546020507812,SOL-USD,,,,,,,93.4104232788086,,,,,,,,,,,,,,,,
2022-02-18 00:00:00+00:00,,91.49665069580078,SOL-USD,,,,,,,90.06546020507812,,,,,,,,,,,,,,,,
2022-02-19 00:00:00+00:00,,90.90141296386719,SOL-USD,,,,,,,91.49665069580078,,,,,,,,,,,,,,,,
2022-02-20 00:00:00+00:00,,83.12316131591797,SOL-USD,,,,,,,90.90141296386719,,,,,,,,,,,,,,,,
2022-02-21 00:00:00+00:00,,86.46538543701172,SOL-USD,,,,,,,83.12316131591797,,,,,,,,,,,,,,,,
2022-02-22 00:00:00+00:00,,84.90278625488281,SOL-USD,,,,,,,86.46538543701172,,,,,,,,,,,,,,,,
2022-02-23 00:00:00+00:00,,89.19474792480469,SOL-USD,,,,,,,84.90278625488281,,,,,,,,,,,,,,,,
2022-02-24 00:00:00+00:00,,92.59882354736328,SOL-USD,,,,,,,89.19474792480469,,,,,,,,,,,,,,,,
2022-02-25 00:00:00+00:00,,90.14156341552734,SOL-USD,,,,,,,92.59882354736328,,,,,,,,,,,,,,,,
2022-02-26 00:00:00+00:00,,85.51905059814453,SOL-USD,,,,,,,90.14156341552734,,,,,,,,,,,,,,,,
2022-02-27 00:00:00+00:00,,99.52034759521484,SOL-USD,,,,,,,85.51905059814453,,,,,,,,,,,,,,,,
2022-02-28 00:00:00+00:00,,98.65355682373047,SOL-USD,,,,,,,99.52034759521484,,,,,,,,,,,,,,,,
2022-03-01 00:00:00+00:00,,100.6496353149414,SOL-USD,,,,,,,98.65355682373047,,,,,,,,,,,,,,,,
2022-03-02 00:00:00+00:00,,95.53919982910156,SOL-USD,,,,,,,100.6496353149414,,,,,,,,,,,,,,,,
2022-03-03 00:00:00+00:00,,88.24597930908203,SOL-USD,,,,,,,95.53919982910156,,,,,,,,,,,,,,,,
2022-03-04 00:00:00+00:00,,89.64784240722656,SOL-USD,,,,,,,88.24597930908203,,,,,,,,,,,,,,,,
2022-03-05 00:00:00+00:00,,84.54218292236328,SOL-USD,,,,,,,89.64784240722656,,,,,,,,,,,,,,,,
2022-03-06 00:00:00+00:00,,82.13006591796875,SOL-USD,,,,,,,84.54218292236328,,,,,,,,,,,,,,,,
2022-03-07 00:00:00+00:00,,82.2547607421875,SOL-USD,,,,,,,82.13006591796875,,,,,,,,,,,,,,,,
2022-03-08 00:00:00+00:00,,88.20206451416016,SOL-USD,,,,,,,82.2547607421875,,,,,,,,,,,,,,,,
2022-03-09 00:00:00+00:00,,82.9390869140625,SOL-USD,,,,,,,88.20206451416016,,,,,,,,,,,,,,,,
2022-03-10 00:00:00+00:00,,80.7449951171875,SOL-USD,,,,,,,82.9390869140625,,,,,,,,,,,,,,,,
2022-03-11 00:00:00+00:00,,81.55381774902344,SOL-USD,,,,,,,80.7449951171875,,,,,,,,,,,,,,,,
2022-03-12 00:00:00+00:00,,78.93607330322266,SOL-USD,,,,,,,81.55381774902344,,,,,,,,,,,,,,,,
2022-03-13 00:00:00+00:00,,81.17333984375,SOL-USD,,,,,,,78.93607330322266,,,,,,,,,,,,,,,,
2022-03-14 00:00:00+00:00,,82.95508575439453,SOL-USD,,,,,,,81.17333984375,,,,,,,,,,,,,,,,
2022-03-15 00:00:00+00:00,,87.90362548828125,SOL-USD,,,,,,,82.95508575439453,,,,,,,,,,,,,,,,
2022-03-16 00:00:00+00:00,,87.87684631347656,SOL-USD,,,,,,,87.90362548828125,,,,,,,,,,,,,,,,
2022-03-17 00:00:00+00:00,,89.82203674316406,SOL-USD,,,,,,,87.87684631347656,,,,,,,,,,,,,,,,
2022-03-18 00:00:00+00:00,,92.41815185546875,SOL-USD,,,,,,,89.82203674316406,,,,,,,,,,,,,,,,
2022-03-19 00:00:00+00:00,,88.61486053466797,SOL-USD,,,,,,,92.41815185546875,,,,,,,,,,,,,,,,
2022-03-20 00:00:00+00:00,,88.7572021484375,SOL-USD,,,,,,,88.61486053466797,,,,,,,,,,,,,,,,
2022-03-21 00:00:00+00:00,,90.51296997070312,SOL-USD,,,,,,,88.7572021484375,,,,,,,,,,,,,,,,
2022-03-22 00:00:00+00:00,,95.1026840209961,SOL-USD,,,,,,,90.51296997070312,,,,,,,,,,,,,,,,
2022-03-23 00:00:00+00:00,,102.22369384765625,SOL-USD,,,,,,,95.1026840209961,,,,,,,,,,,,,,,,
2022-03-24 00:00:00+00:00,,98.6581039428711,SOL-USD,,,,,,,102.22369384765625,,,,,,,,,,,,,,,,
2022-03-25 00:00:00+00:00,,101.7641830444336,SOL-USD,,,,,,,98.6581039428711,,,,,,,,,,,,,,,,
2022-03-26 00:00:00+00:00,,107.08422088623047,SOL-USD,,,,,,,101.7641830444336,,,,,,,,,,,,,,,,
2022-03-27 00:00:00+00:00,,106.46525573730469,SOL-USD,,,,,,,107.08422088623047,,,,,,,,,,,,,,,,
2022-03-28 00:00:00+00:00,,111.71031188964844,SOL-USD,,,,,,,106.46525573730469,,,,,,,,,,,,,,,,
2022-03-29 00:00:00+00:00,,120.6994857788086,SOL-USD,,,,,,,111.71031188964844,,,,,,,,,,,,,,,,
2022-03-30 00:00:00+00:00,,122.66146087646484,SOL-USD,,,,,,,120.6994857788086,,,,,,,,,,,,,,,,
2022-03-31 00:00:00+00:00,,134.43093872070312,SOL-USD,,,,,,,122.66146087646484,,,,,,,,,,,,,,,,
2022-04-01 00:00:00+00:00,,132.19886779785156,SOL-USD,,,,,,,134.43093872070312,,,,,,,,,,,,,,,,
2022-04-02 00:00:00+00:00,,136.77532958984375,SOL-USD,,,,,,,132.19886779785156,,,,,,,,,,,,,,,,
2022-04-03 00:00:00+00:00,,132.41262817382812,SOL-USD,,,,,,,136.77532958984375,,,,,,,,,,,,,,,,
2022-04-04 00:00:00+00:00,,126.86223602294922,SOL-USD,,,,,,,132.41262817382812,,,,,,,,,,,,,,,,
2022-04-05 00:00:00+00:00,,112.88338470458984,SOL-USD,,,,,,,126.86223602294922,,,,,,,,,,,,,,,,
2022-04-06 00:00:00+00:00,,118.79651641845703,SOL-USD,,,,,,,112.88338470458984,,,,,,,,,,,,,,,,
2022-04-07 00:00:00+00:00,,109.8008804321289,SOL-USD,,,,,,,118.79651641845703,,,,,,,,,,,,,,,,
2022-04-08 00:00:00+00:00,,112.97279357910156,SOL-USD,,,,,,,109.8008804321289,,,,,,,,,,,,,,,,
2022-04-09 00:00:00+00:00,,111.74243927001953,SOL-USD,,,,,,,112.97279357910156,,,,,,,,,,,,,,,,
2022-04-10 00:00:00+00:00,,99.33910369873047,SOL-USD,,,,,,,111.74243927001953,,,,,,,,,,,,,,,,
2022-04-11 00:00:00+00:00,,103.30638885498047,SOL-USD,,,,,,,99.33910369873047,,,,,,,,,,,,,,,,
2022-04-12 00:00:00+00:00,,105.00194549560547,SOL-USD,,,,,,,103.30638885498047,,,,,,,,,,,,,,,,
2022-04-13 00:00:00+00:00,,100.70780181884766,SOL-USD,,,,,,,105.00194549560547,,,,,,,,,,,,,,,,
2022-04-14 00:00:00+00:00,,101.30977630615234,SOL-USD,,,,,,,100.70780181884766,,,,,,,,,,,,,,,,
2022-04-15 00:00:00+00:00,,102.25731658935547,SOL-USD,,,,,,,101.30977630615234,,,,,,,,,,,,,,,,
2022-04-16 00:00:00+00:00,,100.40969848632812,SOL-USD,,,,,,,102.25731658935547,,,,,,,,,,,,,,,,
2022-04-17 00:00:00+00:00,,102.15853118896484,SOL-USD,,,,,,,100.40969848632812,,,,,,,,,,,,,,,,
2022-04-18 00:00:00+00:00,,108.58203125,SOL-USD,,,,,,,102.15853118896484,,,,,,,,,,,,,,,,
2022-04-19 00:00:00+00:00,,105.49700164794922,SOL-USD,,,,,,,108.58203125,,,,,,,,,,,,,,,,
2022-04-20 00:00:00+00:00,,101.77613830566406,SOL-USD,,,,,,,105.49700164794922,,,,,,,,,,,,,,,,
2022-04-21 00:00:00+00:00,,100.61205291748047,SOL-USD,,,,,,,101.77613830566406,,,,,,,,,,,,,,,,
2022-04-22 00:00:00+00:00,,100.74443817138672,SOL-USD,,,,,,,100.61205291748047,,,,,,,,,,,,,,,,
2022-04-23 00:00:00+00:00,,99.23579406738281,SOL-USD,,,,,,,100.74443817138672,,,,,,,,,,,,,,,,
2022-04-24 00:00:00+00:00,,101.24763488769531,SOL-USD,,,,,,,99.23579406738281,,,,,,,,,,,,,,,,
2022-04-25 00:00:00+00:00,,95.78215026855469,SOL-USD,,,,,,,101.24763488769531,,,,,,,,,,,,,,,,
2022-04-26 00:00:00+00:00,,98.37886810302734,SOL-USD,,,,,,,95.78215026855469,,,,,,,,,,,,,,,,
2022-04-27 00:00:00+00:00,,98.18572998046875,SOL-USD,,,,,,,98.37886810302734,,,,,,,,,,,,,,,,
2022-04-28 00:00:00+00:00,,94.01134490966797,SOL-USD,,,,,,,98.18572998046875,,,,,,,,,,,,,,,,
2022-04-29 00:00:00+00:00,,85.09593200683594,SOL-USD,,,,,,,94.01134490966797,,,,,,,,,,,,,,,,
2022-04-30 00:00:00+00:00,,89.6715087890625,SOL-USD,,,,,,,85.09593200683594,,,,,,,,,,,,,,,,
2022-05-01 00:00:00+00:00,,87.58101654052734,SOL-USD,,,,,,,89.6715087890625,,,,,,,,,,,,,,,,
2022-05-02 00:00:00+00:00,,85.84237670898438,SOL-USD,,,,,,,87.58101654052734,,,,,,,,,,,,,,,,
2022-05-03 00:00:00+00:00,,92.7708511352539,SOL-USD,,,,,,,85.84237670898438,,,,,,,,,,,,,,,,
2022-05-04 00:00:00+00:00,,84.59602355957031,SOL-USD,,,,,,,92.7708511352539,,,,,,,,,,,,,,,,
2022-05-05 00:00:00+00:00,,81.76410675048828,SOL-USD,,,,,,,84.59602355957031,,,,,,,,,,,,,,,,
2022-05-06 00:00:00+00:00,,78.9834213256836,SOL-USD,,,,,,,81.76410675048828,,,,,,,,,,,,,,,,
2022-05-07 00:00:00+00:00,,75.22018432617188,SOL-USD,,,,,,,78.9834213256836,,,,,,,,,,,,,,,,
2022-05-08 00:00:00+00:00,,63.2696533203125,SOL-USD,,,,,,,75.22018432617188,,,,,,,,,,,,,,,,
2022-05-09 00:00:00+00:00,,66.76615142822266,SOL-USD,,,,,,,63.2696533203125,,,,,,,,,,,,,,,,
2022-05-10 00:00:00+00:00,,50.21084976196289,SOL-USD,,,,,,,66.76615142822266,,,,,,,,,,,,,,,,
2022-05-11 00:00:00+00:00,,44.683589935302734,SOL-USD,,,,,,,50.21084976196289,,,,,,,,,,,,,,,,
2022-05-12 00:00:00+00:00,,48.59355163574219,SOL-USD,,,,,,,44.683589935302734,,,,,,,,,,,,,,,,
2022-05-13 00:00:00+00:00,,52.4172248840332,SOL-USD,,,,,,,48.59355163574219,,,,,,,,,,,,,,,,
2022-05-14 00:00:00+00:00,,58.81126022338867,SOL-USD,,,,,,,52.4172248840332,,,,,,,,,,,,,,,,
2022-05-15 00:00:00+00:00,,53.646461486816406,SOL-USD,,,,,,,58.81126022338867,,,,,,,,,,,,,,,,
2022-05-16 00:00:00+00:00,,57.12562561035156,SOL-USD,,,,,,,53.646461486816406,,,,,,,,,,,,,,,,
2022-05-17 00:00:00+00:00,,49.75621032714844,SOL-USD,,,,,,,57.12562561035156,,,,,,,,,,,,,,,,
2022-05-18 00:00:00+00:00,,52.2139778137207,SOL-USD,,,,,,,49.75621032714844,,,,,,,,,,,,,,,,
2022-05-19 00:00:00+00:00,,49.538509368896484,SOL-USD,,,,,,,52.2139778137207,,,,,,,,,,,,,,,,
2022-05-20 00:00:00+00:00,,50.3179817199707,SOL-USD,,,,,,,49.538509368896484,,,,,,,,,,,,,,,,
2022-05-21 00:00:00+00:00,,52.75518035888672,SOL-USD,,,,,,,50.3179817199707,,,,,,,,,,,,,,,,
2022-05-22 00:00:00+00:00,,49.05685043334961,SOL-USD,,,,,,,52.75518035888672,,,,,,,,,,,,,,,,
2022-05-23 00:00:00+00:00,,49.65333557128906,SOL-USD,,,,,,,49.05685043334961,,,,,,,,,,,,,,,,
2022-05-24 00:00:00+00:00,,47.982425689697266,SOL-USD,,,,,,,49.65333557128906,,,,,,,,,,,,,,,,
2022-05-25 00:00:00+00:00,,43.4912109375,SOL-USD,,,,,,,47.982425689697266,,,,,,,,,,,,,,,,
2022-05-26 00:00:00+00:00,,40.981346130371094,SOL-USD,,,,,,,43.4912109375,,,,,,,,,,,,,,,,
2022-05-27 00:00:00+00:00,,44.343162536621094,SOL-USD,,,,,,,40.981346130371094,,,,,,,,,,,,,,,,
2022-05-28 00:00:00+00:00,,44.90961456298828,SOL-USD,,,,,,,44.343162536621094,,,,,,,,,,,,,,,,
2022-05-29 00:00:00+00:00,,47.179443359375,SOL-USD,,,,,,,44.90961456298828,,,,,,,,,,,,,,,,
2022-05-30 00:00:00+00:00,,45.76784133911133,SOL-USD,,,,,,,47.179443359375,,,,,,,,,,,,,,,,
2022-05-31 00:00:00+00:00,,40.26966857910156,SOL-USD,,,,,,,45.76784133911133,,,,,,,,,,,,,,,,
2022-06-01 00:00:00+00:00,,40.8913459777832,SOL-USD,,,,,,,40.26966857910156,,,,,,,,,,,,,,,,
2022-06-02 00:00:00+00:00,,38.259220123291016,SOL-USD,,,,,,,40.8913459777832,,,,,,,,,,,,,,,,
2022-06-03 00:00:00+00:00,,38.93144607543945,SOL-USD,,,,,,,38.259220123291016,,,,,,,,,,,,,,,,
2022-06-04 00:00:00+00:00,,38.480533599853516,SOL-USD,,,,,,,38.93144607543945,,,,,,,,,,,,,,,,
2022-06-05 00:00:00+00:00,,42.43313217163086,SOL-USD,,,,,,,38.480533599853516,,,,,,,,,,,,,,,,
2022-06-06 00:00:00+00:00,,39.43757247924805,SOL-USD,,,,,,,42.43313217163086,,,,,,,,,,,,,,,,
2022-06-07 00:00:00+00:00,,38.84336853027344,SOL-USD,,,,,,,39.43757247924805,,,,,,,,,,,,,,,,
2022-06-08 00:00:00+00:00,,39.97260665893555,SOL-USD,,,,,,,38.84336853027344,,,,,,,,,,,,,,,,
2022-06-09 00:00:00+00:00,,37.08976745605469,SOL-USD,,,,,,,39.97260665893555,,,,,,,,,,,,,,,,
2022-06-10 00:00:00+00:00,,33.82111740112305,SOL-USD,,,,,,,37.08976745605469,,,,,,,,,,,,,,,,
2022-06-11 00:00:00+00:00,,30.743270874023438,SOL-USD,,,,,,,33.82111740112305,,,,,,,,,,,,,,,,
2022-06-12 00:00:00+00:00,,28.19236183166504,SOL-USD,,,,,,,30.743270874023438,,,,,,,,,,,,,,,,
2022-06-13 00:00:00+00:00,,29.714618682861328,SOL-USD,,,,,,,28.19236183166504,,,,,,,,,,,,,,,,
2022-06-14 00:00:00+00:00,,34.48794174194336,SOL-USD,,,,,,,29.714618682861328,,,,,,,,,,,,,,,,
2022-06-15 00:00:00+00:00,,29.989742279052734,SOL-USD,,,,,,,34.48794174194336,,,,,,,,,,,,,,,,
2022-06-16 00:00:00+00:00,,30.742919921875,SOL-USD,,,,,,,29.989742279052734,,,,,,,,,,,,,,,,
2022-06-17 00:00:00+00:00,,31.80793571472168,SOL-USD,,,,,,,30.742919921875,,,,,,,,,,,,,,,,
2022-06-18 00:00:00+00:00,,34.24374771118164,SOL-USD,,,,,,,31.80793571472168,,,,,,,,,,,,,,,,
2022-06-19 00:00:00+00:00,,35.4171142578125,SOL-USD,,,,,,,34.24374771118164,,,,,,,,,,,,,,,,
2022-06-20 00:00:00+00:00,,36.121158599853516,SOL-USD,,,,,,,35.4171142578125,,,,,,,,,,,,,,,,
2022-06-21 00:00:00+00:00,,34.12163543701172,SOL-USD,,,,,,,36.121158599853516,,,,,,,,,,,,,,,,
2022-06-22 00:00:00+00:00,,38.17523193359375,SOL-USD,,,,,,,34.12163543701172,,,,,,,,,,,,,,,,
2022-06-23 00:00:00+00:00,,42.2120475769043,SOL-USD,,,,,,,38.17523193359375,,,,,,,,,,,,,,,,
2022-06-24 00:00:00+00:00,,42.33281326293945,SOL-USD,,,,,,,42.2120475769043,,,,,,,,,,,,,,,,
2022-06-25 00:00:00+00:00,,39.40808868408203,SOL-USD,,,,,,,42.33281326293945,,,,,,,,,,,,,,,,
2022-06-26 00:00:00+00:00,,38.45125198364258,SOL-USD,,,,,,,39.40808868408203,,,,,,,,,,,,,,,,
2022-06-27 00:00:00+00:00,,35.326438903808594,SOL-USD,,,,,,,38.45125198364258,,,,,,,,,,,,,,,,
2022-06-28 00:00:00+00:00,,33.8739013671875,SOL-USD,,,,,,,35.326438903808594,,,,,,,,,,,,,,,,
2022-06-29 00:00:00+00:00,,33.588417053222656,SOL-USD,,,,,,,33.8739013671875,,,,,,,,,,,,,,,,
2022-06-30 00:00:00+00:00,,32.803070068359375,SOL-USD,,,,,,,33.588417053222656,,,,,,,,,,,,,,,,
2022-07-01 00:00:00+00:00,,33.35940933227539,SOL-USD,,,,,,,32.803070068359375,,,,,,,,,,,,,,,,
2022-07-02 00:00:00+00:00,,33.38593292236328,SOL-USD,,,,,,,33.35940933227539,,,,,,,,,,,,,,,,
2022-07-03 00:00:00+00:00,,36.785030364990234,SOL-USD,,,,,,,33.38593292236328,,,,,,,,,,,,,,,,
2022-07-04 00:00:00+00:00,,35.39555358886719,SOL-USD,,,,,,,36.785030364990234,,,,,,,,,,,,,,,,
2022-07-05 00:00:00+00:00,,37.07356262207031,SOL-USD,,,,,,,35.39555358886719,,,,,,,,,,,,,,,,
2022-07-06 00:00:00+00:00,,38.518306732177734,SOL-USD,,,,,,,37.07356262207031,,,,,,,,,,,,,,,,
2022-07-07 00:00:00+00:00,,38.286720275878906,SOL-USD,,,,,,,38.518306732177734,,,,,,,,,,,,,,,,
2022-07-08 00:00:00+00:00,,38.07196044921875,SOL-USD,,,,,,,38.286720275878906,,,,,,,,,,,,,,,,
2022-07-09 00:00:00+00:00,,36.697608947753906,SOL-USD,,,,,,,38.07196044921875,,,,,,,,,,,,,,,,
2022-07-10 00:00:00+00:00,,33.463600158691406,SOL-USD,,,,,,,36.697608947753906,,,,,,,,,,,,,,,,
2022-07-11 00:00:00+00:00,,32.75759506225586,SOL-USD,,,,,,,33.463600158691406,,,,,,,,,,,,,,,,
2022-07-12 00:00:00+00:00,,34.91093826293945,SOL-USD,,,,,,,32.75759506225586,,,,,,,,,,,,,,,,
2022-07-13 00:00:00+00:00,,37.10782241821289,SOL-USD,,,,,,,34.91093826293945,,,,,,,,,,,,,,,,
2022-07-14 00:00:00+00:00,,37.41592788696289,SOL-USD,,,,,,,37.10782241821289,,,,,,,,,,,,,,,,
2022-07-15 00:00:00+00:00,,39.57412338256836,SOL-USD,,,,,,,37.41592788696289,,,,,,,,,,,,,,,,
2022-07-16 00:00:00+00:00,,38.64472198486328,SOL-USD,,,,,,,39.57412338256836,,,,,,,,,,,,,,,,
2022-07-17 00:00:00+00:00,,43.746158599853516,SOL-USD,,,,,,,38.64472198486328,,,,,,,,,,,,,,,,
2022-07-18 00:00:00+00:00,,44.89987564086914,SOL-USD,,,,,,,43.746158599853516,,,,,,,,,,,,,,,,
2022-07-19 00:00:00+00:00,,42.09366989135742,SOL-USD,,,,,,,44.89987564086914,,,,,,,,,,,,,,,,
2022-07-20 00:00:00+00:00,,43.19059371948242,SOL-USD,,,,,,,42.09366989135742,,,,,,,,,,,,,,,,
2022-07-21 00:00:00+00:00,,40.61850357055664,SOL-USD,,,,,,,43.19059371948242,,,,,,,,,,,,,,,,
2022-07-22 00:00:00+00:00,,40.040977478027344,SOL-USD,,,,,,,40.61850357055664,,,,,,,,,,,,,,,,
2022-07-23 00:00:00+00:00,,41.00658416748047,SOL-USD,,,,,,,40.040977478027344,,,,,,,,,,,,,,,,
2022-07-24 00:00:00+00:00,,36.711997985839844,SOL-USD,,,,,,,41.00658416748047,,,,,,,,,,,,,,,,
2022-07-25 00:00:00+00:00,,36.190853118896484,SOL-USD,,,,,,,36.711997985839844,,,,,,,,,,,,,,,,
2022-07-26 00:00:00+00:00,,40.3078498840332,SOL-USD,,,,,,,36.190853118896484,,,,,,,,,,,,,,,,
2022-07-27 00:00:00+00:00,,42.84526824951172,SOL-USD,,,,,,,40.3078498840332,,,,,,,,,,,,,,,,
2022-07-28 00:00:00+00:00,,41.926998138427734,SOL-USD,,,,,,,42.84526824951172,,,,,,,,,,,,,,,,
2022-07-29 00:00:00+00:00,,43.755889892578125,SOL-USD,,,,,,,41.926998138427734,,,,,,,,,,,,,,,,
2022-07-30 00:00:00+00:00,,42.400203704833984,SOL-USD,,,,,,,43.755889892578125,,,,,,,,,,,,,,,,
2022-07-31 00:00:00+00:00,,41.78648376464844,SOL-USD,,,,,,,42.400203704833984,,,,,,,,,,,,,,,,
2022-08-01 00:00:00+00:00,,39.7545051574707,SOL-USD,,,,,,,41.78648376464844,,,,,,,,,,,,,,,,
2022-08-02 00:00:00+00:00,,38.54441833496094,SOL-USD,,,,,,,39.7545051574707,,,,,,,,,,,,,,,,
2022-08-03 00:00:00+00:00,,38.83067321777344,SOL-USD,,,,,,,38.54441833496094,,,,,,,,,,,,,,,,
2022-08-04 00:00:00+00:00,,40.561031341552734,SOL-USD,,,,,,,38.83067321777344,,,,,,,,,,,,,,,,
2022-08-05 00:00:00+00:00,,40.0570068359375,SOL-USD,,,,,,,40.561031341552734,,,,,,,,,,,,,,,,
2022-08-06 00:00:00+00:00,,40.6055908203125,SOL-USD,,,,,,,40.0570068359375,,,,,,,,,,,,,,,,
2022-08-07 00:00:00+00:00,,42.17055130004883,SOL-USD,,,,,,,40.6055908203125,,,,,,,,,,,,,,,,
2022-08-08 00:00:00+00:00,,40.372623443603516,SOL-USD,,,,,,,42.17055130004883,,,,,,,,,,,,,,,,
2022-08-09 00:00:00+00:00,,42.365867614746094,SOL-USD,,,,,,,40.372623443603516,,,,,,,,,,,,,,,,
2022-08-10 00:00:00+00:00,,42.8217887878418,SOL-USD,,,,,,,42.365867614746094,,,,,,,,,,,,,,,,
2022-08-11 00:00:00+00:00,,45.33475875854492,SOL-USD,,,,,,,42.8217887878418,,,,,,,,,,,,,,,,
2022-08-12 00:00:00+00:00,,46.485347747802734,SOL-USD,,,,,,,45.33475875854492,,,,,,,,,,,,,,,,
2022-08-13 00:00:00+00:00,,44.916568756103516,SOL-USD,,,,,,,46.485347747802734,,,,,,,,,,,,,,,,
2022-08-14 00:00:00+00:00,,43.82322311401367,SOL-USD,,,,,,,44.916568756103516,,,,,,,,,,,,,,,,
2022-08-15 00:00:00+00:00,,43.15880584716797,SOL-USD,,,,,,,43.82322311401367,,,,,,,,,,,,,,,,
2022-08-16 00:00:00+00:00,,40.403053283691406,SOL-USD,,,,,,,43.15880584716797,,,,,,,,,,,,,,,,
2022-08-17 00:00:00+00:00,,39.545230865478516,SOL-USD,,,,,,,40.403053283691406,,,,,,,,,,,,,,,,
2022-08-18 00:00:00+00:00,,35.8902587890625,SOL-USD,,,,,,,39.545230865478516,,,,,,,,,,,,,,,,
2022-08-19 00:00:00+00:00,,35.26973342895508,SOL-USD,,,,,,,35.8902587890625,,,,,,,,,,,,,,,,
2022-08-20 00:00:00+00:00,,36.533199310302734,SOL-USD,,,,,,,35.26973342895508,,,,,,,,,,,,,,,,
2022-08-21 00:00:00+00:00,,35.47438049316406,SOL-USD,,,,,,,36.533199310302734,,,,,,,,,,,,,,,,
2022-08-22 00:00:00+00:00,,35.6462516784668,SOL-USD,,,,,,,35.47438049316406,,,,,,,,,,,,,,,,
2022-08-23 00:00:00+00:00,,34.957916259765625,SOL-USD,,,,,,,35.6462516784668,,,,,,,,,,,,,,,,
2022-08-24 00:00:00+00:00,,35.316463470458984,SOL-USD,,,,,,,34.957916259765625,,,,,,,,,,,,,,,,
2022-08-25 00:00:00+00:00,,31.726362228393555,SOL-USD,,,,,,,35.316463470458984,,,,,,,,,,,,,,,,
2022-08-26 00:00:00+00:00,,31.54243278503418,SOL-USD,,,,,,,31.726362228393555,,,,,,,,,,,,,,,,
2022-08-27 00:00:00+00:00,,30.39228630065918,SOL-USD,,,,,,,31.54243278503418,,,,,,,,,,,,,,,,
2022-08-28 00:00:00+00:00,,32.46529769897461,SOL-USD,,,,,,,30.39228630065918,,,,,,,,,,,,,,,,
2022-08-29 00:00:00+00:00,,31.41205596923828,SOL-USD,,,,,,,32.46529769897461,,,,,,,,,,,,,,,,
2022-08-30 00:00:00+00:00,,31.47295570373535,SOL-USD,,,,,,,31.41205596923828,,,,,,,,,,,,,,,,
2022-08-31 00:00:00+00:00,,31.585678100585938,SOL-USD,,,,,,,31.47295570373535,,,,,,,,,,,,,,,,
2022-09-01 00:00:00+00:00,,31.227930068969727,SOL-USD,,,,,,,31.585678100585938,,,,,,,,,,,,,,,,
2022-09-02 00:00:00+00:00,,31.10948371887207,SOL-USD,,,,,,,31.227930068969727,,,,,,,,,,,,,,,,
2022-09-03 00:00:00+00:00,,32.106956481933594,SOL-USD,,,,,,,31.10948371887207,,,,,,,,,,,,,,,,
2022-09-04 00:00:00+00:00,,32.19464874267578,SOL-USD,,,,,,,32.106956481933594,,,,,,,,,,,,,,,,
2022-09-05 00:00:00+00:00,,30.891742706298828,SOL-USD,,,,,,,32.19464874267578,,,,,,,,,,,,,,,,
2022-09-06 00:00:00+00:00,,32.71091842651367,SOL-USD,,,,,,,30.891742706298828,,,,,,,,,,,,,,,,
2022-09-07 00:00:00+00:00,,33.608646392822266,SOL-USD,,,,,,,32.71091842651367,,,,,,,,,,,,,,,,
2022-09-08 00:00:00+00:00,,34.73976516723633,SOL-USD,,,,,,,33.608646392822266,,,,,,,,,,,,,,,,
2022-09-09 00:00:00+00:00,,35.12672805786133,SOL-USD,,,,,,,34.73976516723633,,,,,,,,,,,,,,,,
2022-09-10 00:00:00+00:00,,34.96596145629883,SOL-USD,,,,,,,35.12672805786133,,,,,,,,,,,,,,,,
2022-09-11 00:00:00+00:00,,37.4241828918457,SOL-USD,,,,,,,34.96596145629883,,,,,,,,,,,,,,,,
2022-09-12 00:00:00+00:00,,33.430816650390625,SOL-USD,,,,,,,37.4241828918457,,,,,,,,,,,,,,,,
2022-09-13 00:00:00+00:00,,34.09157180786133,SOL-USD,,,,,,,33.430816650390625,,,,,,,,,,,,,,,,
2022-09-14 00:00:00+00:00,,33.04768371582031,SOL-USD,,,,,,,34.09157180786133,,,,,,,,,,,,,,,,
2022-09-15 00:00:00+00:00,,32.208858489990234,SOL-USD,,,,,,,33.04768371582031,,,,,,,,,,,,,,,,
2022-09-16 00:00:00+00:00,,33.75077819824219,SOL-USD,,,,,,,32.208858489990234,,,,,,,,,,,,,,,,
2022-09-17 00:00:00+00:00,,31.05985450744629,SOL-USD,,,,,,,33.75077819824219,,,,,,,,,,,,,,,,
2022-09-18 00:00:00+00:00,,32.685302734375,SOL-USD,,,,,,,31.05985450744629,,,,,,,,,,,,,,,,
2022-09-19 00:00:00+00:00,,31.433040618896484,SOL-USD,,,,,,,32.685302734375,,,,,,,,,,,,,,,,
2022-09-20 00:00:00+00:00,,30.826377868652344,SOL-USD,,,,,,,31.433040618896484,,,,,,,,,,,,,,,,
2022-09-21 00:00:00+00:00,,32.408905029296875,SOL-USD,,,,,,,30.826377868652344,,,,,,,,,,,,,,,,
2022-09-22 00:00:00+00:00,,33.6766357421875,SOL-USD,,,,,,,32.408905029296875,,,,,,,,,,,,,,,,
2022-09-23 00:00:00+00:00,,33.462650299072266,SOL-USD,,,,,,,33.6766357421875,,,,,,,,,,,,,,,,
2022-09-24 00:00:00+00:00,,32.33536148071289,SOL-USD,,,,,,,33.462650299072266,,,,,,,,,,,,,,,,
2022-09-25 00:00:00+00:00,,33.88055419921875,SOL-USD,,,,,,,32.33536148071289,,,,,,,,,,,,,,,,
2022-09-26 00:00:00+00:00,,32.75012969970703,SOL-USD,,,,,,,33.88055419921875,,,,,,,,,,,,,,,,
2022-09-27 00:00:00+00:00,,33.23543930053711,SOL-USD,,,,,,,32.75012969970703,,,,,,,,,,,,,,,,
2022-09-28 00:00:00+00:00,,33.952449798583984,SOL-USD,,,,,,,33.23543930053711,,,,,,,,,,,,,,,,
2022-09-29 00:00:00+00:00,,33.21244430541992,SOL-USD,,,,,,,33.952449798583984,,,,,,,,,,,,,,,,
2022-09-30 00:00:00+00:00,,32.46939468383789,SOL-USD,,,,,,,33.21244430541992,,,,,,,,,,,,,,,,
2022-10-01 00:00:00+00:00,,32.05569839477539,SOL-USD,,,,,,,32.46939468383789,,,,,,,,,,,,,,,,
2022-10-02 00:00:00+00:00,,32.967620849609375,SOL-USD,,,,,,,32.05569839477539,,,,,,,,,,,,,,,,
2022-10-03 00:00:00+00:00,,34.12247085571289,SOL-USD,,,,,,,32.967620849609375,,,,,,,,,,,,,,,,
2022-10-04 00:00:00+00:00,,34.073883056640625,SOL-USD,,,,,,,34.12247085571289,,,,,,,,,,,,,,,,
2022-10-05 00:00:00+00:00,,33.34281921386719,SOL-USD,,,,,,,34.073883056640625,,,,,,,,,,,,,,,,
2022-10-06 00:00:00+00:00,,33.00146484375,SOL-USD,,,,,,,33.34281921386719,,,,,,,,,,,,,,,,
2022-10-07 00:00:00+00:00,,32.57793426513672,SOL-USD,,,,,,,33.00146484375,,,,,,,,,,,,,,,,
2022-10-08 00:00:00+00:00,,32.913883209228516,SOL-USD,,,,,,,32.57793426513672,,,,,,,,,,,,,,,,
2022-10-09 00:00:00+00:00,,31.970834732055664,SOL-USD,,,,,,,32.913883209228516,,,,,,,,,,,,,,,,
2022-10-10 00:00:00+00:00,,30.77686882019043,SOL-USD,,,,,,,31.970834732055664,,,,,,,,,,,,,,,,
2022-10-11 00:00:00+00:00,,31.165485382080078,SOL-USD,,,,,,,30.77686882019043,,,,,,,,,,,,,,,,
2022-10-12 00:00:00+00:00,,30.544519424438477,SOL-USD,,,,,,,31.165485382080078,,,,,,,,,,,,,,,,
2022-10-13 00:00:00+00:00,,30.007417678833008,SOL-USD,,,,,,,30.544519424438477,,,,,,,,,,,,,,,,
2022-10-14 00:00:00+00:00,,29.575347900390625,SOL-USD,,,,,,,30.007417678833008,,,,,,,,,,,,,,,,
2022-10-15 00:00:00+00:00,,30.168840408325195,SOL-USD,,,,,,,29.575347900390625,,,,,,,,,,,,,,,,
2022-10-16 00:00:00+00:00,,31.224876403808594,SOL-USD,,,,,,,30.168840408325195,,,,,,,,,,,,,,,,
2022-10-17 00:00:00+00:00,,30.164331436157227,SOL-USD,,,,,,,31.224876403808594,,,,,,,,,,,,,,,,
2022-10-18 00:00:00+00:00,,28.900798797607422,SOL-USD,,,,,,,30.164331436157227,,,,,,,,,,,,,,,,
2022-10-19 00:00:00+00:00,,28.08509635925293,SOL-USD,,,,,,,28.900798797607422,,,,,,,,,,,,,,,,
2022-10-20 00:00:00+00:00,,28.10867691040039,SOL-USD,,,,,,,28.08509635925293,,,,,,,,,,,,,,,,
2022-10-21 00:00:00+00:00,,28.01386260986328,SOL-USD,,,,,,,28.10867691040039,,,,,,,,,,,,,,,,
2022-10-22 00:00:00+00:00,,29.270071029663086,SOL-USD,,,,,,,28.01386260986328,,,,,,,,,,,,,,,,
2022-10-23 00:00:00+00:00,,28.3100643157959,SOL-USD,,,,,,,29.270071029663086,,,,,,,,,,,,,,,,
2022-10-24 00:00:00+00:00,,30.93997573852539,SOL-USD,,,,,,,28.3100643157959,,,,,,,,,,,,,,,,
2022-10-25 00:00:00+00:00,,31.28472137451172,SOL-USD,,,,,,,30.93997573852539,,,,,,,,,,,,,,,,
2022-10-26 00:00:00+00:00,,30.630624771118164,SOL-USD,,,,,,,31.28472137451172,,,,,,,,,,,,,,,,
2022-10-27 00:00:00+00:00,,32.111263275146484,SOL-USD,,,,,,,30.630624771118164,,,,,,,,,,,,,,,,
2022-10-28 00:00:00+00:00,,32.85712814331055,SOL-USD,,,,,,,32.111263275146484,,,,,,,,,,,,,,,,
2022-10-29 00:00:00+00:00,,32.9659309387207,SOL-USD,,,,,,,32.85712814331055,,,,,,,,,,,,,,,,
2022-10-30 00:00:00+00:00,,32.61103820800781,SOL-USD,,,,,,,32.9659309387207,,,,,,,,,,,,,,,,
2022-10-31 00:00:00+00:00,,32.2484245300293,SOL-USD,,,,,,,32.61103820800781,,,,,,,,,,,,,,,,
2022-11-01 00:00:00+00:00,,30.788076400756836,SOL-USD,,,,,,,32.2484245300293,,,,,,,,,,,,,,,,
2022-11-02 00:00:00+00:00,,30.84387969970703,SOL-USD,,,,,,,30.788076400756836,,,,,,,,,,,,,,,,
2022-11-03 00:00:00+00:00,,33.780853271484375,SOL-USD,,,,,,,30.84387969970703,,,,,,,,,,,,,,,,
2022-11-04 00:00:00+00:00,,36.76576232910156,SOL-USD,,,,,,,33.780853271484375,,,,,,,,,,,,,,,,
2022-11-05 00:00:00+00:00,,32.6835823059082,SOL-USD,,,,,,,36.76576232910156,,,,,,,,,,,,,,,,
2022-11-06 00:00:00+00:00,,29.60134506225586,SOL-USD,,,,,,,32.6835823059082,,,,,,,,,,,,,,,,
2022-11-07 00:00:00+00:00,,24.152936935424805,SOL-USD,,,,,,,29.60134506225586,,,,,,,,,,,,,,,,
2022-11-08 00:00:00+00:00,,13.94085693359375,SOL-USD,,,,,,,24.152936935424805,,,,,,,,,,,,,,,,
2022-11-09 00:00:00+00:00,,17.681407928466797,SOL-USD,,,,,,,13.94085693359375,,,,,,,,,,,,,,,,
2022-11-10 00:00:00+00:00,,16.326745986938477,SOL-USD,,,,,,,17.681407928466797,,,,,,,,,,,,,,,,
2022-11-11 00:00:00+00:00,,14.53900146484375,SOL-USD,,,,,,,16.326745986938477,,,,,,,,,,,,,,,,
2022-11-12 00:00:00+00:00,,13.164528846740723,SOL-USD,,,,,,,14.53900146484375,,,,,,,,,,,,,,,,
2022-11-13 00:00:00+00:00,,14.00135612487793,SOL-USD,,,,,,,13.164528846740723,,,,,,,,,,,,,,,,
2022-11-14 00:00:00+00:00,,14.301294326782227,SOL-USD,,,,,,,14.00135612487793,,,,,,,,,,,,,,,,
2022-11-15 00:00:00+00:00,,14.285508155822754,SOL-USD,,,,,,,14.301294326782227,,,,,,,,,,,,,,,,
2022-11-16 00:00:00+00:00,,13.638734817504883,SOL-USD,,,,,,,14.285508155822754,,,,,,,,,,,,,,,,
2022-11-17 00:00:00+00:00,,13.247496604919434,SOL-USD,,,,,,,13.638734817504883,,,,,,,,,,,,,,,,
2022-11-18 00:00:00+00:00,,12.851014137268066,SOL-USD,,,,,,,13.247496604919434,,,,,,,,,,,,,,,,
2022-11-19 00:00:00+00:00,,12.252833366394043,SOL-USD,,,,,,,12.851014137268066,,,,,,,,,,,,,,,,
2022-11-20 00:00:00+00:00,,11.846208572387695,SOL-USD,,,,,,,12.252833366394043,,,,,,,,,,,,,,,,
2022-11-21 00:00:00+00:00,,12.435625076293945,SOL-USD,,,,,,,11.846208572387695,,,,,,,,,,,,,,,,
2022-11-22 00:00:00+00:00,,14.35151195526123,SOL-USD,,,,,,,12.435625076293945,,,,,,,,,,,,,,,,
2022-11-23 00:00:00+00:00,,14.582350730895996,SOL-USD,,,,,,,14.35151195526123,,,,,,,,,,,,,,,,
2022-11-24 00:00:00+00:00,,14.063138008117676,SOL-USD,,,,,,,14.582350730895996,,,,,,,,,,,,,,,,
2022-11-25 00:00:00+00:00,,14.159193992614746,SOL-USD,,,,,,,14.063138008117676,,,,,,,,,,,,,,,,
2022-11-26 00:00:00+00:00,,14.115766525268555,SOL-USD,,,,,,,14.159193992614746,,,,,,,,,,,,,,,,
2022-11-27 00:00:00+00:00,,13.404518127441406,SOL-USD,,,,,,,14.115766525268555,,,,,,,,,,,,,,,,
2022-11-28 00:00:00+00:00,,13.369733810424805,SOL-USD,,,,,,,13.404518127441406,,,,,,,,,,,,,,,,
2022-11-29 00:00:00+00:00,,14.115445137023926,SOL-USD,,,,,,,13.369733810424805,,,,,,,,,,,,,,,,
2022-11-30 00:00:00+00:00,,13.480968475341797,SOL-USD,,,,,,,14.115445137023926,,,,,,,,,,,,,,,,
2022-12-01 00:00:00+00:00,,13.7156400680542,SOL-USD,,,,,,,13.480968475341797,,,,,,,,,,,,,,,,
2022-12-02 00:00:00+00:00,,13.302457809448242,SOL-USD,,,,,,,13.7156400680542,,,,,,,,,,,,,,,,
2022-12-03 00:00:00+00:00,,13.718218803405762,SOL-USD,,,,,,,13.302457809448242,,,,,,,,,,,,,,,,
2022-12-04 00:00:00+00:00,,13.8311128616333,SOL-USD,,,,,,,13.718218803405762,,,,,,,,,,,,,,,,
2022-12-05 00:00:00+00:00,,14.288854598999023,SOL-USD,,,,,,,13.8311128616333,,,,,,,,,,,,,,,,
2022-12-06 00:00:00+00:00,,13.5196533203125,SOL-USD,,,,,,,14.288854598999023,,,,,,,,,,,,,,,,
2022-12-07 00:00:00+00:00,,13.68922233581543,SOL-USD,,,,,,,13.5196533203125,,,,,,,,,,,,,,,,
2022-12-08 00:00:00+00:00,,13.580187797546387,SOL-USD,,,,,,,13.68922233581543,,,,,,,,,,,,,,,,
2022-12-09 00:00:00+00:00,,13.576995849609375,SOL-USD,,,,,,,13.580187797546387,,,,,,,,,,,,,,,,
2022-12-10 00:00:00+00:00,,13.427809715270996,SOL-USD,,,,,,,13.576995849609375,,,,,,,,,,,,,,,,
2022-12-11 00:00:00+00:00,,13.318544387817383,SOL-USD,,,,,,,13.427809715270996,,,,,,,,,,,,,,,,
2022-12-12 00:00:00+00:00,,13.833986282348633,SOL-USD,,,,,,,13.318544387817383,,,,,,,,,,,,,,,,
2022-12-13 00:00:00+00:00,,14.140525817871094,SOL-USD,,,,,,,13.833986282348633,,,,,,,,,,,,,,,,
2022-12-14 00:00:00+00:00,,14.02151107788086,SOL-USD,,,,,,,14.140525817871094,,,,,,,,,,,,,,,,
2022-12-15 00:00:00+00:00,,12.266606330871582,SOL-USD,,,,,,,14.02151107788086,,,,,,,,,,,,,,,,
2022-12-16 00:00:00+00:00,,12.504404067993164,SOL-USD,,,,,,,12.266606330871582,,,,,,,,,,,,,,,,
2022-12-17 00:00:00+00:00,,12.41312026977539,SOL-USD,,,,,,,12.504404067993164,,,,,,,,,,,,,,,,
2022-12-18 00:00:00+00:00,,11.932655334472656,SOL-USD,,,,,,,12.41312026977539,,,,,,,,,,,,,,,,
2022-12-19 00:00:00+00:00,,12.28051471710205,SOL-USD,,,,,,,11.932655334472656,,,,,,,,,,,,,,,,
2022-12-20 00:00:00+00:00,,12.128985404968262,SOL-USD,,,,,,,12.28051471710205,,,,,,,,,,,,,,,,
2022-12-21 00:00:00+00:00,,11.794829368591309,SOL-USD,,,,,,,12.128985404968262,,,,,,,,,,,,,,,,
2022-12-22 00:00:00+00:00,,11.786166191101074,SOL-USD,,,,,,,11.794829368591309,,,,,,,,,,,,,,,,
2022-12-23 00:00:00+00:00,,11.444275856018066,SOL-USD,,,,,,,11.786166191101074,,,,,,,,,,,,,,,,
2022-12-24 00:00:00+00:00,,11.387903213500977,SOL-USD,,,,,,,11.444275856018066,,,,,,,,,,,,,,,,
2022-12-25 00:00:00+00:00,,11.306611061096191,SOL-USD,,,,,,,11.387903213500977,,,,,,,,,,,,,,,,
2022-12-26 00:00:00+00:00,,11.085430145263672,SOL-USD,,,,,,,11.306611061096191,,,,,,,,,,,,,,,,
2022-12-27 00:00:00+00:00,,9.755906105041504,SOL-USD,,,,,,,11.085430145263672,,,,,,,,,,,,,,,,
2022-12-28 00:00:00+00:00,,9.651782989501953,SOL-USD,,,,,,,9.755906105041504,,,,,,,,,,,,,,,,
2022-12-29 00:00:00+00:00,,9.880176544189453,SOL-USD,,,,,,,9.651782989501953,,,,,,,,,,,,,,,,
2022-12-30 00:00:00+00:00,,9.961038589477539,SOL-USD,,,,,,,9.880176544189453,,,,,,,,,,,,,,,,
2022-12-31 00:00:00+00:00,,,SOL-USD,,,,,,,9.961038589477539,,,,,,,,,,,,,,,,
2022-01-01 00:00:00+00:00,,3795.19189453125,STETH-USD,,,,,,,,3742.669921875,,,,,,,,,,,,,,,
2022-01-02 00:00:00+00:00,,3739.325439453125,STETH-USD,,,,,,,,3795.19189453125,,,,,,,,,,,,,,,
2022-01-03 00:00:00+00:00,,3782.863037109375,STETH-USD,,,,,,,,3739.325439453125,,,,,,,,,,,,,,,
2022-01-04 00:00:00+00:00,,3517.22900390625,STETH-USD,,,,,,,,3782.863037109375,,,,,,,,,,,,,,,
2022-01-05 00:00:00+00:00,,3402.59375,STETH-USD,,,,,,,,3517.22900390625,,,,,,,,,,,,,,,
2022-01-06 00:00:00+00:00,,3173.448974609375,STETH-USD,,,,,,,,3402.59375,,,,,,,,,,,,,,,
2022-01-07 00:00:00+00:00,,3056.94970703125,STETH-USD,,,,,,,,3173.448974609375,,,,,,,,,,,,,,,
2022-01-08 00:00:00+00:00,,3146.07373046875,STETH-USD,,,,,,,,3056.94970703125,,,,,,,,,,,,,,,
2022-01-09 00:00:00+00:00,,3075.015869140625,STETH-USD,,,,,,,,3146.07373046875,,,,,,,,,,,,,,,
2022-01-10 00:00:00+00:00,,3222.81298828125,STETH-USD,,,,,,,,3075.015869140625,,,,,,,,,,,,,,,
2022-01-11 00:00:00+00:00,,3356.176025390625,STETH-USD,,,,,,,,3222.81298828125,,,,,,,,,,,,,,,
2022-01-12 00:00:00+00:00,,3234.802001953125,STETH-USD,,,,,,,,3356.176025390625,,,,,,,,,,,,,,,
2022-01-13 00:00:00+00:00,,3301.742431640625,STETH-USD,,,,,,,,3234.802001953125,,,,,,,,,,,,,,,
2022-01-14 00:00:00+00:00,,3329.97314453125,STETH-USD,,,,,,,,3301.742431640625,,,,,,,,,,,,,,,
2022-01-15 00:00:00+00:00,,3352.603515625,STETH-USD,,,,,,,,3329.97314453125,,,,,,,,,,,,,,,
2022-01-16 00:00:00+00:00,,3204.314453125,STETH-USD,,,,,,,,3352.603515625,,,,,,,,,,,,,,,
2022-01-17 00:00:00+00:00,,3155.6015625,STETH-USD,,,,,,,,3204.314453125,,,,,,,,,,,,,,,
2022-01-18 00:00:00+00:00,,3083.717041015625,STETH-USD,,,,,,,,3155.6015625,,,,,,,,,,,,,,,
2022-01-19 00:00:00+00:00,,2991.595703125,STETH-USD,,,,,,,,3083.717041015625,,,,,,,,,,,,,,,
2022-01-20 00:00:00+00:00,,2545.7275390625,STETH-USD,,,,,,,,2991.595703125,,,,,,,,,,,,,,,
2022-01-21 00:00:00+00:00,,2398.1025390625,STETH-USD,,,,,,,,2545.7275390625,,,,,,,,,,,,,,,
2022-01-22 00:00:00+00:00,,2533.00439453125,STETH-USD,,,,,,,,2398.1025390625,,,,,,,,,,,,,,,
2022-01-23 00:00:00+00:00,,2433.41064453125,STETH-USD,,,,,,,,2533.00439453125,,,,,,,,,,,,,,,
2022-01-24 00:00:00+00:00,,2451.541015625,STETH-USD,,,,,,,,2433.41064453125,,,,,,,,,,,,,,,
2022-01-25 00:00:00+00:00,,2460.5859375,STETH-USD,,,,,,,,2451.541015625,,,,,,,,,,,,,,,
2022-01-26 00:00:00+00:00,,2418.656494140625,STETH-USD,,,,,,,,2460.5859375,,,,,,,,,,,,,,,
2022-01-27 00:00:00+00:00,,2539.661376953125,STETH-USD,,,,,,,,2418.656494140625,,,,,,,,,,,,,,,
2022-01-28 00:00:00+00:00,,2577.12548828125,STETH-USD,,,,,,,,2539.661376953125,,,,,,,,,,,,,,,
2022-01-29 00:00:00+00:00,,2591.95947265625,STETH-USD,,,,,,,,2577.12548828125,,,,,,,,,,,,,,,
2022-01-30 00:00:00+00:00,,2679.250732421875,STETH-USD,,,,,,,,2591.95947265625,,,,,,,,,,,,,,,
2022-01-31 00:00:00+00:00,,2791.440673828125,STETH-USD,,,,,,,,2679.250732421875,,,,,,,,,,,,,,,
2022-02-01 00:00:00+00:00,,2669.827880859375,STETH-USD,,,,,,,,2791.440673828125,,,,,,,,,,,,,,,
2022-02-02 00:00:00+00:00,,2670.87060546875,STETH-USD,,,,,,,,2669.827880859375,,,,,,,,,,,,,,,
2022-02-03 00:00:00+00:00,,2983.829833984375,STETH-USD,,,,,,,,2670.87060546875,,,,,,,,,,,,,,,
2022-02-04 00:00:00+00:00,,2998.308837890625,STETH-USD,,,,,,,,2983.829833984375,,,,,,,,,,,,,,,
2022-02-05 00:00:00+00:00,,3045.918701171875,STETH-USD,,,,,,,,2998.308837890625,,,,,,,,,,,,,,,
2022-02-06 00:00:00+00:00,,3137.825927734375,STETH-USD,,,,,,,,3045.918701171875,,,,,,,,,,,,,,,
2022-02-07 00:00:00+00:00,,3115.101318359375,STETH-USD,,,,,,,,3137.825927734375,,,,,,,,,,,,,,,
2022-02-08 00:00:00+00:00,,3237.894287109375,STETH-USD,,,,,,,,3115.101318359375,,,,,,,,,,,,,,,
2022-02-09 00:00:00+00:00,,3061.7587890625,STETH-USD,,,,,,,,3237.894287109375,,,,,,,,,,,,,,,
2022-02-10 00:00:00+00:00,,2914.333251953125,STETH-USD,,,,,,,,3061.7587890625,,,,,,,,,,,,,,,
2022-02-11 00:00:00+00:00,,2914.830322265625,STETH-USD,,,,,,,,2914.333251953125,,,,,,,,,,,,,,,
2022-02-12 00:00:00+00:00,,2880.9833984375,STETH-USD,,,,,,,,2914.830322265625,,,,,,,,,,,,,,,
2022-02-13 00:00:00+00:00,,2930.185791015625,STETH-USD,,,,,,,,2880.9833984375,,,,,,,,,,,,,,,
2022-02-14 00:00:00+00:00,,3180.049072265625,STETH-USD,,,,,,,,2930.185791015625,,,,,,,,,,,,,,,
2022-02-15 00:00:00+00:00,,3120.791748046875,STETH-USD,,,,,,,,3180.049072265625,,,,,,,,,,,,,,,
2022-02-16 00:00:00+00:00,,2875.560791015625,STETH-USD,,,,,,,,3120.791748046875,,,,,,,,,,,,,,,
2022-02-17 00:00:00+00:00,,2774.795166015625,STETH-USD,,,,,,,,2875.560791015625,,,,,,,,,,,,,,,
2022-02-18 00:00:00+00:00,,2759.7958984375,STETH-USD,,,,,,,,2774.795166015625,,,,,,,,,,,,,,,
2022-02-19 00:00:00+00:00,,2624.238525390625,STETH-USD,,,,,,,,2759.7958984375,,,,,,,,,,,,,,,
2022-02-20 00:00:00+00:00,,2562.47119140625,STETH-USD,,,,,,,,2624.238525390625,,,,,,,,,,,,,,,
2022-02-21 00:00:00+00:00,,2632.842041015625,STETH-USD,,,,,,,,2562.47119140625,,,,,,,,,,,,,,,
2022-02-22 00:00:00+00:00,,2584.96142578125,STETH-USD,,,,,,,,2632.842041015625,,,,,,,,,,,,,,,
2022-02-23 00:00:00+00:00,,2587.441162109375,STETH-USD,,,,,,,,2584.96142578125,,,,,,,,,,,,,,,
2022-02-24 00:00:00+00:00,,2754.189453125,STETH-USD,,,,,,,,2587.441162109375,,,,,,,,,,,,,,,
2022-02-25 00:00:00+00:00,,2774.241943359375,STETH-USD,,,,,,,,2754.189453125,,,,,,,,,,,,,,,
2022-02-26 00:00:00+00:00,,2618.24169921875,STETH-USD,,,,,,,,2774.241943359375,,,,,,,,,,,,,,,
2022-02-27 00:00:00+00:00,,2915.361328125,STETH-USD,,,,,,,,2618.24169921875,,,,,,,,,,,,,,,
2022-02-28 00:00:00+00:00,,2945.645751953125,STETH-USD,,,,,,,,2915.361328125,,,,,,,,,,,,,,,
2022-03-01 00:00:00+00:00,,2941.421875,STETH-USD,,,,,,,,2945.645751953125,,,,,,,,,,,,,,,
2022-03-02 00:00:00+00:00,,2827.549560546875,STETH-USD,,,,,,,,2941.421875,,,,,,,,,,,,,,,
2022-03-03 00:00:00+00:00,,2603.296630859375,STETH-USD,,,,,,,,2827.549560546875,,,,,,,,,,,,,,,
2022-03-04 00:00:00+00:00,,2637.910888671875,STETH-USD,,,,,,,,2603.296630859375,,,,,,,,,,,,,,,
2022-03-05 00:00:00+00:00,,2549.6435546875,STETH-USD,,,,,,,,2637.910888671875,,,,,,,,,,,,,,,
2022-03-06 00:00:00+00:00,,2491.440673828125,STETH-USD,,,,,,,,2549.6435546875,,,,,,,,,,,,,,,
2022-03-07 00:00:00+00:00,,2572.36328125,STETH-USD,,,,,,,,2491.440673828125,,,,,,,,,,,,,,,
2022-03-08 00:00:00+00:00,,2725.346435546875,STETH-USD,,,,,,,,2572.36328125,,,,,,,,,,,,,,,
2022-03-09 00:00:00+00:00,,2602.5673828125,STETH-USD,,,,,,,,2725.346435546875,,,,,,,,,,,,,,,
2022-03-10 00:00:00+00:00,,2551.156982421875,STETH-USD,,,,,,,,2602.5673828125,,,,,,,,,,,,,,,
2022-03-11 00:00:00+00:00,,2567.956298828125,STETH-USD,,,,,,,,2551.156982421875,,,,,,,,,,,,,,,
2022-03-12 00:00:00+00:00,,2504.942626953125,STETH-USD,,,,,,,,2567.956298828125,,,,,,,,,,,,,,,
2022-03-13 00:00:00+00:00,,2584.330810546875,STETH-USD,,,,,,,,2504.942626953125,,,,,,,,,,,,,,,
2022-03-14 00:00:00+00:00,,2620.900146484375,STETH-USD,,,,,,,,2584.330810546875,,,,,,,,,,,,,,,
2022-03-15 00:00:00+00:00,,2760.1767578125,STETH-USD,,,,,,,,2620.900146484375,,,,,,,,,,,,,,,
2022-03-16 00:00:00+00:00,,2811.27197265625,STETH-USD,,,,,,,,2760.1767578125,,,,,,,,,,,,,,,
2022-03-17 00:00:00+00:00,,2939.5732421875,STETH-USD,,,,,,,,2811.27197265625,,,,,,,,,,,,,,,
2022-03-18 00:00:00+00:00,,2943.87109375,STETH-USD,,,,,,,,2939.5732421875,,,,,,,,,,,,,,,
2022-03-19 00:00:00+00:00,,2864.4091796875,STETH-USD,,,,,,,,2943.87109375,,,,,,,,,,,,,,,
2022-03-20 00:00:00+00:00,,2884.333251953125,STETH-USD,,,,,,,,2864.4091796875,,,,,,,,,,,,,,,
2022-03-21 00:00:00+00:00,,2963.833740234375,STETH-USD,,,,,,,,2884.333251953125,,,,,,,,,,,,,,,
2022-03-22 00:00:00+00:00,,3018.418212890625,STETH-USD,,,,,,,,2963.833740234375,,,,,,,,,,,,,,,
2022-03-23 00:00:00+00:00,,3100.26416015625,STETH-USD,,,,,,,,3018.418212890625,,,,,,,,,,,,,,,
2022-03-24 00:00:00+00:00,,3100.82421875,STETH-USD,,,,,,,,3100.26416015625,,,,,,,,,,,,,,,
2022-03-25 00:00:00+00:00,,3135.32470703125,STETH-USD,,,,,,,,3100.82421875,,,,,,,,,,,,,,,
2022-03-26 00:00:00+00:00,,3285.610595703125,STETH-USD,,,,,,,,3135.32470703125,,,,,,,,,,,,,,,
2022-03-27 00:00:00+00:00,,3326.812255859375,STETH-USD,,,,,,,,3285.610595703125,,,,,,,,,,,,,,,
2022-03-28 00:00:00+00:00,,3386.364013671875,STETH-USD,,,,,,,,3326.812255859375,,,,,,,,,,,,,,,
2022-03-29 00:00:00+00:00,,3381.1865234375,STETH-USD,,,,,,,,3386.364013671875,,,,,,,,,,,,,,,
2022-03-30 00:00:00+00:00,,3256.975830078125,STETH-USD,,,,,,,,3381.1865234375,,,,,,,,,,,,,,,
2022-03-31 00:00:00+00:00,,3436.34228515625,STETH-USD,,,,,,,,3256.975830078125,,,,,,,,,,,,,,,
2022-04-01 00:00:00+00:00,,3444.961669921875,STETH-USD,,,,,,,,3436.34228515625,,,,,,,,,,,,,,,
2022-04-02 00:00:00+00:00,,3519.40869140625,STETH-USD,,,,,,,,3444.961669921875,,,,,,,,,,,,,,,
2022-04-03 00:00:00+00:00,,3503.969970703125,STETH-USD,,,,,,,,3519.40869140625,,,,,,,,,,,,,,,
2022-04-04 00:00:00+00:00,,3397.0224609375,STETH-USD,,,,,,,,3503.969970703125,,,,,,,,,,,,,,,
2022-04-05 00:00:00+00:00,,3162.530029296875,STETH-USD,,,,,,,,3397.0224609375,,,,,,,,,,,,,,,
2022-04-06 00:00:00+00:00,,3229.681640625,STETH-USD,,,,,,,,3162.530029296875,,,,,,,,,,,,,,,
2022-04-07 00:00:00+00:00,,3190.042724609375,STETH-USD,,,,,,,,3229.681640625,,,,,,,,,,,,,,,
2022-04-08 00:00:00+00:00,,3254.50048828125,STETH-USD,,,,,,,,3190.042724609375,,,,,,,,,,,,,,,
2022-04-09 00:00:00+00:00,,3203.265625,STETH-USD,,,,,,,,3254.50048828125,,,,,,,,,,,,,,,
2022-04-10 00:00:00+00:00,,2977.5908203125,STETH-USD,,,,,,,,3203.265625,,,,,,,,,,,,,,,
2022-04-11 00:00:00+00:00,,3016.851806640625,STETH-USD,,,,,,,,2977.5908203125,,,,,,,,,,,,,,,
2022-04-12 00:00:00+00:00,,3103.36474609375,STETH-USD,,,,,,,,3016.851806640625,,,,,,,,,,,,,,,
2022-04-13 00:00:00+00:00,,3019.63330078125,STETH-USD,,,,,,,,3103.36474609375,,,,,,,,,,,,,,,
2022-04-14 00:00:00+00:00,,3033.466796875,STETH-USD,,,,,,,,3019.63330078125,,,,,,,,,,,,,,,
2022-04-15 00:00:00+00:00,,3057.580078125,STETH-USD,,,,,,,,3033.466796875,,,,,,,,,,,,,,,
2022-04-16 00:00:00+00:00,,2987.467529296875,STETH-USD,,,,,,,,3057.580078125,,,,,,,,,,,,,,,
2022-04-17 00:00:00+00:00,,3054.893310546875,STETH-USD,,,,,,,,2987.467529296875,,,,,,,,,,,,,,,
2022-04-18 00:00:00+00:00,,3097.314208984375,STETH-USD,,,,,,,,3054.893310546875,,,,,,,,,,,,,,,
2022-04-19 00:00:00+00:00,,3048.782470703125,STETH-USD,,,,,,,,3097.314208984375,,,,,,,,,,,,,,,
2022-04-20 00:00:00+00:00,,2964.113525390625,STETH-USD,,,,,,,,3048.782470703125,,,,,,,,,,,,,,,
2022-04-21 00:00:00+00:00,,2956.539306640625,STETH-USD,,,,,,,,2964.113525390625,,,,,,,,,,,,,,,
2022-04-22 00:00:00+00:00,,2936.017822265625,STETH-USD,,,,,,,,2956.539306640625,,,,,,,,,,,,,,,
2022-04-23 00:00:00+00:00,,2916.73095703125,STETH-USD,,,,,,,,2936.017822265625,,,,,,,,,,,,,,,
2022-04-24 00:00:00+00:00,,3002.082763671875,STETH-USD,,,,,,,,2916.73095703125,,,,,,,,,,,,,,,
2022-04-25 00:00:00+00:00,,2799.362060546875,STETH-USD,,,,,,,,3002.082763671875,,,,,,,,,,,,,,,
2022-04-26 00:00:00+00:00,,2883.18994140625,STETH-USD,,,,,,,,2799.362060546875,,,,,,,,,,,,,,,
2022-04-27 00:00:00+00:00,,2928.583740234375,STETH-USD,,,,,,,,2883.18994140625,,,,,,,,,,,,,,,
2022-04-28 00:00:00+00:00,,2804.656005859375,STETH-USD,,,,,,,,2928.583740234375,,,,,,,,,,,,,,,
2022-04-29 00:00:00+00:00,,2720.02294921875,STETH-USD,,,,,,,,2804.656005859375,,,,,,,,,,,,,,,
2022-04-30 00:00:00+00:00,,2828.919921875,STETH-USD,,,,,,,,2720.02294921875,,,,,,,,,,,,,,,
2022-05-01 00:00:00+00:00,,2851.124755859375,STETH-USD,,,,,,,,2828.919921875,,,,,,,,,,,,,,,
2022-05-02 00:00:00+00:00,,2773.48779296875,STETH-USD,,,,,,,,2851.124755859375,,,,,,,,,,,,,,,
2022-05-03 00:00:00+00:00,,2913.2177734375,STETH-USD,,,,,,,,2773.48779296875,,,,,,,,,,,,,,,
2022-05-04 00:00:00+00:00,,2730.36376953125,STETH-USD,,,,,,,,2913.2177734375,,,,,,,,,,,,,,,
2022-05-05 00:00:00+00:00,,2687.427490234375,STETH-USD,,,,,,,,2730.36376953125,,,,,,,,,,,,,,,
2022-05-06 00:00:00+00:00,,2625.694091796875,STETH-USD,,,,,,,,2687.427490234375,,,,,,,,,,,,,,,
2022-05-07 00:00:00+00:00,,2497.317626953125,STETH-USD,,,,,,,,2625.694091796875,,,,,,,,,,,,,,,
2022-05-08 00:00:00+00:00,,2228.75439453125,STETH-USD,,,,,,,,2497.317626953125,,,,,,,,,,,,,,,
2022-05-09 00:00:00+00:00,,2322.286865234375,STETH-USD,,,,,,,,2228.75439453125,,,,,,,,,,,,,,,
2022-05-10 00:00:00+00:00,,2065.02294921875,STETH-USD,,,,,,,,2322.286865234375,,,,,,,,,,,,,,,
2022-05-11 00:00:00+00:00,,1911.8447265625,STETH-USD,,,,,,,,2065.02294921875,,,,,,,,,,,,,,,
2022-05-12 00:00:00+00:00,,1950.679931640625,STETH-USD,,,,,,,,1911.8447265625,,,,,,,,,,,,,,,
2022-05-13 00:00:00+00:00,,2016.4405517578125,STETH-USD,,,,,,,,1950.679931640625,,,,,,,,,,,,,,,
2022-05-14 00:00:00+00:00,,2111.29638671875,STETH-USD,,,,,,,,2016.4405517578125,,,,,,,,,,,,,,,
2022-05-15 00:00:00+00:00,,1985.292236328125,STETH-USD,,,,,,,,2111.29638671875,,,,,,,,,,,,,,,
2022-05-16 00:00:00+00:00,,2031.4000244140625,STETH-USD,,,,,,,,1985.292236328125,,,,,,,,,,,,,,,
2022-05-17 00:00:00+00:00,,1879.1427001953125,STETH-USD,,,,,,,,2031.4000244140625,,,,,,,,,,,,,,,
2022-05-18 00:00:00+00:00,,1989.5418701171875,STETH-USD,,,,,,,,1879.1427001953125,,,,,,,,,,,,,,,
2022-05-19 00:00:00+00:00,,1932.6578369140625,STETH-USD,,,,,,,,1989.5418701171875,,,,,,,,,,,,,,,
2022-05-20 00:00:00+00:00,,1925.22412109375,STETH-USD,,,,,,,,1932.6578369140625,,,,,,,,,,,,,,,
2022-05-21 00:00:00+00:00,,1994.964599609375,STETH-USD,,,,,,,,1925.22412109375,,,,,,,,,,,,,,,
2022-05-22 00:00:00+00:00,,1929.0291748046875,STETH-USD,,,,,,,,1994.964599609375,,,,,,,,,,,,,,,
2022-05-23 00:00:00+00:00,,1930.146728515625,STETH-USD,,,,,,,,1929.0291748046875,,,,,,,,,,,,,,,
2022-05-24 00:00:00+00:00,,1898.4359130859375,STETH-USD,,,,,,,,1930.146728515625,,,,,,,,,,,,,,,
2022-05-25 00:00:00+00:00,,1761.2691650390625,STETH-USD,,,,,,,,1898.4359130859375,,,,,,,,,,,,,,,
2022-05-26 00:00:00+00:00,,1674.001708984375,STETH-USD,,,,,,,,1761.2691650390625,,,,,,,,,,,,,,,
2022-05-27 00:00:00+00:00,,1754.226806640625,STETH-USD,,,,,,,,1674.001708984375,,,,,,,,,,,,,,,
2022-05-28 00:00:00+00:00,,1769.7288818359375,STETH-USD,,,,,,,,1754.226806640625,,,,,,,,,,,,,,,
2022-05-29 00:00:00+00:00,,1954.132080078125,STETH-USD,,,,,,,,1769.7288818359375,,,,,,,,,,,,,,,
2022-05-30 00:00:00+00:00,,1901.566650390625,STETH-USD,,,,,,,,1954.132080078125,,,,,,,,,,,,,,,
2022-05-31 00:00:00+00:00,,1784.909912109375,STETH-USD,,,,,,,,1901.566650390625,,,,,,,,,,,,,,,
2022-06-01 00:00:00+00:00,,1792.1787109375,STETH-USD,,,,,,,,1784.909912109375,,,,,,,,,,,,,,,
2022-06-02 00:00:00+00:00,,1735.8084716796875,STETH-USD,,,,,,,,1792.1787109375,,,,,,,,,,,,,,,
2022-06-03 00:00:00+00:00,,1760.19775390625,STETH-USD,,,,,,,,1735.8084716796875,,,,,,,,,,,,,,,
2022-06-04 00:00:00+00:00,,1766.1185302734375,STETH-USD,,,,,,,,1760.19775390625,,,,,,,,,,,,,,,
2022-06-05 00:00:00+00:00,,1813.786376953125,STETH-USD,,,,,,,,1766.1185302734375,,,,,,,,,,,,,,,
2022-06-06 00:00:00+00:00,,1774.346923828125,STETH-USD,,,,,,,,1813.786376953125,,,,,,,,,,,,,,,
2022-06-07 00:00:00+00:00,,1743.5789794921875,STETH-USD,,,,,,,,1774.346923828125,,,,,,,,,,,,,,,
2022-06-08 00:00:00+00:00,,1733.3184814453125,STETH-USD,,,,,,,,1743.5789794921875,,,,,,,,,,,,,,,
2022-06-09 00:00:00+00:00,,1574.4781494140625,STETH-USD,,,,,,,,1733.3184814453125,,,,,,,,,,,,,,,
2022-06-10 00:00:00+00:00,,1470.4757080078125,STETH-USD,,,,,,,,1574.4781494140625,,,,,,,,,,,,,,,
2022-06-11 00:00:00+00:00,,1391.47021484375,STETH-USD,,,,,,,,1470.4757080078125,,,,,,,,,,,,,,,
2022-06-12 00:00:00+00:00,,1151.9013671875,STETH-USD,,,,,,,,1391.47021484375,,,,,,,,,,,,,,,
2022-06-13 00:00:00+00:00,,1151.9921875,STETH-USD,,,,,,,,1151.9013671875,,,,,,,,,,,,,,,
2022-06-14 00:00:00+00:00,,1155.190185546875,STETH-USD,,,,,,,,1151.9921875,,,,,,,,,,,,,,,
2022-06-15 00:00:00+00:00,,1006.15234375,STETH-USD,,,,,,,,1155.190185546875,,,,,,,,,,,,,,,
2022-06-16 00:00:00+00:00,,1023.4297485351562,STETH-USD,,,,,,,,1006.15234375,,,,,,,,,,,,,,,
2022-06-17 00:00:00+00:00,,931.3876953125,STETH-USD,,,,,,,,1023.4297485351562,,,,,,,,,,,,,,,
2022-06-18 00:00:00+00:00,,1056.4874267578125,STETH-USD,,,,,,,,931.3876953125,,,,,,,,,,,,,,,
2022-06-19 00:00:00+00:00,,1065.31689453125,STETH-USD,,,,,,,,1056.4874267578125,,,,,,,,,,,,,,,
2022-06-20 00:00:00+00:00,,1062.247314453125,STETH-USD,,,,,,,,1065.31689453125,,,,,,,,,,,,,,,
2022-06-21 00:00:00+00:00,,995.9393920898438,STETH-USD,,,,,,,,1062.247314453125,,,,,,,,,,,,,,,
2022-06-22 00:00:00+00:00,,1090.6710205078125,STETH-USD,,,,,,,,995.9393920898438,,,,,,,,,,,,,,,
2022-06-23 00:00:00+00:00,,1177.9437255859375,STETH-USD,,,,,,,,1090.6710205078125,,,,,,,,,,,,,,,
2022-06-24 00:00:00+00:00,,1200.8028564453125,STETH-USD,,,,,,,,1177.9437255859375,,,,,,,,,,,,,,,
2022-06-25 00:00:00+00:00,,1157.1759033203125,STETH-USD,,,,,,,,1200.8028564453125,,,,,,,,,,,,,,,
2022-06-26 00:00:00+00:00,,1150.995849609375,STETH-USD,,,,,,,,1157.1759033203125,,,,,,,,,,,,,,,
2022-06-27 00:00:00+00:00,,1097.703857421875,STETH-USD,,,,,,,,1150.995849609375,,,,,,,,,,,,,,,
2022-06-28 00:00:00+00:00,,1057.350830078125,STETH-USD,,,,,,,,1097.703857421875,,,,,,,,,,,,,,,
2022-06-29 00:00:00+00:00,,1028.6116943359375,STETH-USD,,,,,,,,1057.350830078125,,,,,,,,,,,,,,,
2022-06-30 00:00:00+00:00,,1021.7372436523438,STETH-USD,,,,,,,,1028.6116943359375,,,,,,,,,,,,,,,
2022-07-01 00:00:00+00:00,,1029.7310791015625,STETH-USD,,,,,,,,1021.7372436523438,,,,,,,,,,,,,,,
2022-07-02 00:00:00+00:00,,1040.700439453125,STETH-USD,,,,,,,,1029.7310791015625,,,,,,,,,,,,,,,
2022-07-03 00:00:00+00:00,,1117.432861328125,STETH-USD,,,,,,,,1040.700439453125,,,,,,,,,,,,,,,
2022-07-04 00:00:00+00:00,,1099.6480712890625,STETH-USD,,,,,,,,1117.432861328125,,,,,,,,,,,,,,,
2022-07-05 00:00:00+00:00,,1154.8475341796875,STETH-USD,,,,,,,,1099.6480712890625,,,,,,,,,,,,,,,
2022-07-06 00:00:00+00:00,,1206.6256103515625,STETH-USD,,,,,,,,1154.8475341796875,,,,,,,,,,,,,,,
2022-07-07 00:00:00+00:00,,1187.2481689453125,STETH-USD,,,,,,,,1206.6256103515625,,,,,,,,,,,,,,,
2022-07-08 00:00:00+00:00,,1182.884521484375,STETH-USD,,,,,,,,1187.2481689453125,,,,,,,,,,,,,,,
2022-07-09 00:00:00+00:00,,1135.2864990234375,STETH-USD,,,,,,,,1182.884521484375,,,,,,,,,,,,,,,
2022-07-10 00:00:00+00:00,,1065.7841796875,STETH-USD,,,,,,,,1135.2864990234375,,,,,,,,,,,,,,,
2022-07-11 00:00:00+00:00,,997.48828125,STETH-USD,,,,,,,,1065.7841796875,,,,,,,,,,,,,,,
2022-07-12 00:00:00+00:00,,1073.3934326171875,STETH-USD,,,,,,,,997.48828125,,,,,,,,,,,,,,,
2022-07-13 00:00:00+00:00,,1151.8929443359375,STETH-USD,,,,,,,,1073.3934326171875,,,,,,,,,,,,,,,
2022-07-14 00:00:00+00:00,,1194.76806640625,STETH-USD,,,,,,,,1151.8929443359375,,,,,,,,,,,,,,,
2022-07-15 00:00:00+00:00,,1316.7406005859375,STETH-USD,,,,,,,,1194.76806640625,,,,,,,,,,,,,,,
2022-07-16 00:00:00+00:00,,1306.272705078125,STETH-USD,,,,,,,,1316.7406005859375,,,,,,,,,,,,,,,
2022-07-17 00:00:00+00:00,,1539.231201171875,STETH-USD,,,,,,,,1306.272705078125,,,,,,,,,,,,,,,
2022-07-18 00:00:00+00:00,,1508.9453125,STETH-USD,,,,,,,,1539.231201171875,,,,,,,,,,,,,,,
2022-07-19 00:00:00+00:00,,1487.754150390625,STETH-USD,,,,,,,,1508.9453125,,,,,,,,,,,,,,,
2022-07-20 00:00:00+00:00,,1523.65576171875,STETH-USD,,,,,,,,1487.754150390625,,,,,,,,,,,,,,,
2022-07-21 00:00:00+00:00,,1495.5970458984375,STETH-USD,,,,,,,,1523.65576171875,,,,,,,,,,,,,,,
2022-07-22 00:00:00+00:00,,1522.9322509765625,STETH-USD,,,,,,,,1495.5970458984375,,,,,,,,,,,,,,,
2022-07-23 00:00:00+00:00,,1571.5701904296875,STETH-USD,,,,,,,,1522.9322509765625,,,,,,,,,,,,,,,
2022-07-24 00:00:00+00:00,,1415.8909912109375,STETH-USD,,,,,,,,1571.5701904296875,,,,,,,,,,,,,,,
2022-07-25 00:00:00+00:00,,1416.864013671875,STETH-USD,,,,,,,,1415.8909912109375,,,,,,,,,,,,,,,
2022-07-26 00:00:00+00:00,,1603.8997802734375,STETH-USD,,,,,,,,1416.864013671875,,,,,,,,,,,,,,,
2022-07-27 00:00:00+00:00,,1684.330322265625,STETH-USD,,,,,,,,1603.8997802734375,,,,,,,,,,,,,,,
2022-07-28 00:00:00+00:00,,1681.36669921875,STETH-USD,,,,,,,,1684.330322265625,,,,,,,,,,,,,,,
2022-07-29 00:00:00+00:00,,1653.0469970703125,STETH-USD,,,,,,,,1681.36669921875,,,,,,,,,,,,,,,
2022-07-30 00:00:00+00:00,,1640.5396728515625,STETH-USD,,,,,,,,1653.0469970703125,,,,,,,,,,,,,,,
2022-07-31 00:00:00+00:00,,1595.3214111328125,STETH-USD,,,,,,,,1640.5396728515625,,,,,,,,,,,,,,,
2022-08-01 00:00:00+00:00,,1594.1744384765625,STETH-USD,,,,,,,,1595.3214111328125,,,,,,,,,,,,,,,
2022-08-02 00:00:00+00:00,,1577.0400390625,STETH-USD,,,,,,,,1594.1744384765625,,,,,,,,,,,,,,,
2022-08-03 00:00:00+00:00,,1564.4259033203125,STETH-USD,,,,,,,,1577.0400390625,,,,,,,,,,,,,,,
2022-08-04 00:00:00+00:00,,1679.930419921875,STETH-USD,,,,,,,,1564.4259033203125,,,,,,,,,,,,,,,
2022-08-05 00:00:00+00:00,,1630.94775390625,STETH-USD,,,,,,,,1679.930419921875,,,,,,,,,,,,,,,
2022-08-06 00:00:00+00:00,,1637.9302978515625,STETH-USD,,,,,,,,1630.94775390625,,,,,,,,,,,,,,,
2022-08-07 00:00:00+00:00,,1714.865234375,STETH-USD,,,,,,,,1637.9302978515625,,,,,,,,,,,,,,,
2022-08-08 00:00:00+00:00,,1641.6224365234375,STETH-USD,,,,,,,,1714.865234375,,,,,,,,,,,,,,,
2022-08-09 00:00:00+00:00,,1785.7333984375,STETH-USD,,,,,,,,1641.6224365234375,,,,,,,,,,,,,,,
2022-08-10 00:00:00+00:00,,1824.74169921875,STETH-USD,,,,,,,,1785.7333984375,,,,,,,,,,,,,,,
2022-08-11 00:00:00+00:00,,1898.72998046875,STETH-USD,,,,,,,,1824.74169921875,,,,,,,,,,,,,,,
2022-08-12 00:00:00+00:00,,1931.2481689453125,STETH-USD,,,,,,,,1898.72998046875,,,,,,,,,,,,,,,
2022-08-13 00:00:00+00:00,,1887.37744140625,STETH-USD,,,,,,,,1931.2481689453125,,,,,,,,,,,,,,,
2022-08-14 00:00:00+00:00,,1849.75634765625,STETH-USD,,,,,,,,1887.37744140625,,,,,,,,,,,,,,,
2022-08-15 00:00:00+00:00,,1825.4736328125,STETH-USD,,,,,,,,1849.75634765625,,,,,,,,,,,,,,,
2022-08-16 00:00:00+00:00,,1783.437744140625,STETH-USD,,,,,,,,1825.4736328125,,,,,,,,,,,,,,,
2022-08-17 00:00:00+00:00,,1797.949951171875,STETH-USD,,,,,,,,1783.437744140625,,,,,,,,,,,,,,,
2022-08-18 00:00:00+00:00,,1567.68115234375,STETH-USD,,,,,,,,1797.949951171875,,,,,,,,,,,,,,,
2022-08-19 00:00:00+00:00,,1533.139404296875,STETH-USD,,,,,,,,1567.68115234375,,,,,,,,,,,,,,,
2022-08-20 00:00:00+00:00,,1573.7421875,STETH-USD,,,,,,,,1533.139404296875,,,,,,,,,,,,,,,
2022-08-21 00:00:00+00:00,,1581.649169921875,STETH-USD,,,,,,,,1573.7421875,,,,,,,,,,,,,,,
2022-08-22 00:00:00+00:00,,1615.9952392578125,STETH-USD,,,,,,,,1581.649169921875,,,,,,,,,,,,,,,
2022-08-23 00:00:00+00:00,,1618.96728515625,STETH-USD,,,,,,,,1615.9952392578125,,,,,,,,,,,,,,,
2022-08-24 00:00:00+00:00,,1652.8992919921875,STETH-USD,,,,,,,,1618.96728515625,,,,,,,,,,,,,,,
2022-08-25 00:00:00+00:00,,1465.2559814453125,STETH-USD,,,,,,,,1652.8992919921875,,,,,,,,,,,,,,,
2022-08-26 00:00:00+00:00,,1447.4049072265625,STETH-USD,,,,,,,,1465.2559814453125,,,,,,,,,,,,,,,
2022-08-27 00:00:00+00:00,,1386.7164306640625,STETH-USD,,,,,,,,1447.4049072265625,,,,,,,,,,,,,,,
2022-08-28 00:00:00+00:00,,1512.5731201171875,STETH-USD,,,,,,,,1386.7164306640625,,,,,,,,,,,,,,,
2022-08-29 00:00:00+00:00,,1482.1678466796875,STETH-USD,,,,,,,,1512.5731201171875,,,,,,,,,,,,,,,
2022-08-30 00:00:00+00:00,,1510.6875,STETH-USD,,,,,,,,1482.1678466796875,,,,,,,,,,,,,,,
2022-08-31 00:00:00+00:00,,1540.619140625,STETH-USD,,,,,,,,1510.6875,,,,,,,,,,,,,,,
2022-09-01 00:00:00+00:00,,1527.073486328125,STETH-USD,,,,,,,,1540.619140625,,,,,,,,,,,,,,,
2022-09-02 00:00:00+00:00,,1508.0450439453125,STETH-USD,,,,,,,,1527.073486328125,,,,,,,,,,,,,,,
2022-09-03 00:00:00+00:00,,1525.94677734375,STETH-USD,,,,,,,,1508.0450439453125,,,,,,,,,,,,,,,
2022-09-04 00:00:00+00:00,,1563.2852783203125,STETH-USD,,,,,,,,1525.94677734375,,,,,,,,,,,,,,,
2022-09-05 00:00:00+00:00,,1496.8912353515625,STETH-USD,,,,,,,,1563.2852783203125,,,,,,,,,,,,,,,
2022-09-06 00:00:00+00:00,,1566.211181640625,STETH-USD,,,,,,,,1496.8912353515625,,,,,,,,,,,,,,,
2022-09-07 00:00:00+00:00,,1577.7147216796875,STETH-USD,,,,,,,,1566.211181640625,,,,,,,,,,,,,,,
2022-09-08 00:00:00+00:00,,1667.0340576171875,STETH-USD,,,,,,,,1577.7147216796875,,,,,,,,,,,,,,,
2022-09-09 00:00:00+00:00,,1726.4720458984375,STETH-USD,,,,,,,,1667.0340576171875,,,,,,,,,,,,,,,
2022-09-10 00:00:00+00:00,,1715.5582275390625,STETH-USD,,,,,,,,1726.4720458984375,,,,,,,,,,,,,,,
2022-09-11 00:00:00+00:00,,1668.0062255859375,STETH-USD,,,,,,,,1715.5582275390625,,,,,,,,,,,,,,,
2022-09-12 00:00:00+00:00,,1532.4267578125,STETH-USD,,,,,,,,1668.0062255859375,,,,,,,,,,,,,,,
2022-09-13 00:00:00+00:00,,1588.06494140625,STETH-USD,,,,,,,,1532.4267578125,,,,,,,,,,,,,,,
2022-09-14 00:00:00+00:00,,1454.5216064453125,STETH-USD,,,,,,,,1588.06494140625,,,,,,,,,,,,,,,
2022-09-15 00:00:00+00:00,,1416.3189697265625,STETH-USD,,,,,,,,1454.5216064453125,,,,,,,,,,,,,,,
2022-09-16 00:00:00+00:00,,1457.79443359375,STETH-USD,,,,,,,,1416.3189697265625,,,,,,,,,,,,,,,
2022-09-17 00:00:00+00:00,,1324.1917724609375,STETH-USD,,,,,,,,1457.79443359375,,,,,,,,,,,,,,,
2022-09-18 00:00:00+00:00,,1363.9561767578125,STETH-USD,,,,,,,,1324.1917724609375,,,,,,,,,,,,,,,
2022-09-19 00:00:00+00:00,,1316.2587890625,STETH-USD,,,,,,,,1363.9561767578125,,,,,,,,,,,,,,,
2022-09-20 00:00:00+00:00,,1243.19384765625,STETH-USD,,,,,,,,1316.2587890625,,,,,,,,,,,,,,,
2022-09-21 00:00:00+00:00,,1319.7672119140625,STETH-USD,,,,,,,,1243.19384765625,,,,,,,,,,,,,,,
2022-09-22 00:00:00+00:00,,1321.1693115234375,STETH-USD,,,,,,,,1319.7672119140625,,,,,,,,,,,,,,,
2022-09-23 00:00:00+00:00,,1310.54150390625,STETH-USD,,,,,,,,1321.1693115234375,,,,,,,,,,,,,,,
2022-09-24 00:00:00+00:00,,1288.98583984375,STETH-USD,,,,,,,,1310.54150390625,,,,,,,,,,,,,,,
2022-09-25 00:00:00+00:00,,1325.4923095703125,STETH-USD,,,,,,,,1288.98583984375,,,,,,,,,,,,,,,
2022-09-26 00:00:00+00:00,,1324.5924072265625,STETH-USD,,,,,,,,1325.4923095703125,,,,,,,,,,,,,,,
2022-09-27 00:00:00+00:00,,1329.9173583984375,STETH-USD,,,,,,,,1324.5924072265625,,,,,,,,,,,,,,,
2022-09-28 00:00:00+00:00,,1330.45703125,STETH-USD,,,,,,,,1329.9173583984375,,,,,,,,,,,,,,,
2022-09-29 00:00:00+00:00,,1323.5107421875,STETH-USD,,,,,,,,1330.45703125,,,,,,,,,,,,,,,
2022-09-30 00:00:00+00:00,,1308.2105712890625,STETH-USD,,,,,,,,1323.5107421875,,,,,,,,,,,,,,,
2022-10-01 00:00:00+00:00,,1271.5908203125,STETH-USD,,,,,,,,1308.2105712890625,,,,,,,,,,,,,,,
2022-10-02 00:00:00+00:00,,1316.459228515625,STETH-USD,,,,,,,,1271.5908203125,,,,,,,,,,,,,,,
2022-10-03 00:00:00+00:00,,1354.869873046875,STETH-USD,,,,,,,,1316.459228515625,,,,,,,,,,,,,,,
2022-10-04 00:00:00+00:00,,1344.7974853515625,STETH-USD,,,,,,,,1354.869873046875,,,,,,,,,,,,,,,
2022-10-05 00:00:00+00:00,,1345.549072265625,STETH-USD,,,,,,,,1344.7974853515625,,,,,,,,,,,,,,,
2022-10-06 00:00:00+00:00,,1321.872314453125,STETH-USD,,,,,,,,1345.549072265625,,,,,,,,,,,,,,,
2022-10-07 00:00:00+00:00,,1307.0872802734375,STETH-USD,,,,,,,,1321.872314453125,,,,,,,,,,,,,,,
2022-10-08 00:00:00+00:00,,1312.2176513671875,STETH-USD,,,,,,,,1307.0872802734375,,,,,,,,,,,,,,,
2022-10-09 00:00:00+00:00,,1283.6375732421875,STETH-USD,,,,,,,,1312.2176513671875,,,,,,,,,,,,,,,
2022-10-10 00:00:00+00:00,,1272.07275390625,STETH-USD,,,,,,,,1283.6375732421875,,,,,,,,,,,,,,,
2022-10-11 00:00:00+00:00,,1287.026123046875,STETH-USD,,,,,,,,1272.07275390625,,,,,,,,,,,,,,,
2022-10-12 00:00:00+00:00,,1282.0252685546875,STETH-USD,,,,,,,,1287.026123046875,,,,,,,,,,,,,,,
2022-10-13 00:00:00+00:00,,1289.80224609375,STETH-USD,,,,,,,,1282.0252685546875,,,,,,,,,,,,,,,
2022-10-14 00:00:00+00:00,,1269.7265625,STETH-USD,,,,,,,,1289.80224609375,,,,,,,,,,,,,,,
2022-10-15 00:00:00+00:00,,1300.30322265625,STETH-USD,,,,,,,,1269.7265625,,,,,,,,,,,,,,,
2022-10-16 00:00:00+00:00,,1324.39599609375,STETH-USD,,,,,,,,1300.30322265625,,,,,,,,,,,,,,,
2022-10-17 00:00:00+00:00,,1304.210205078125,STETH-USD,,,,,,,,1324.39599609375,,,,,,,,,,,,,,,
2022-10-18 00:00:00+00:00,,1277.637451171875,STETH-USD,,,,,,,,1304.210205078125,,,,,,,,,,,,,,,
2022-10-19 00:00:00+00:00,,1277.8388671875,STETH-USD,,,,,,,,1277.637451171875,,,,,,,,,,,,,,,
2022-10-20 00:00:00+00:00,,1293.19287109375,STETH-USD,,,,,,,,1277.8388671875,,,,,,,,,,,,,,,
2022-10-21 00:00:00+00:00,,1309.5107421875,STETH-USD,,,,,,,,1293.19287109375,,,,,,,,,,,,,,,
2022-10-22 00:00:00+00:00,,1361.773193359375,STETH-USD,,,,,,,,1309.5107421875,,,,,,,,,,,,,,,
2022-10-23 00:00:00+00:00,,1338.2828369140625,STETH-USD,,,,,,,,1361.773193359375,,,,,,,,,,,,,,,
2022-10-24 00:00:00+00:00,,1453.5311279296875,STETH-USD,,,,,,,,1338.2828369140625,,,,,,,,,,,,,,,
2022-10-25 00:00:00+00:00,,1564.7039794921875,STETH-USD,,,,,,,,1453.5311279296875,,,,,,,,,,,,,,,
2022-10-26 00:00:00+00:00,,1509.83984375,STETH-USD,,,,,,,,1564.7039794921875,,,,,,,,,,,,,,,
2022-10-27 00:00:00+00:00,,1551.7755126953125,STETH-USD,,,,,,,,1509.83984375,,,,,,,,,,,,,,,
2022-10-28 00:00:00+00:00,,1614.005126953125,STETH-USD,,,,,,,,1551.7755126953125,,,,,,,,,,,,,,,
2022-10-29 00:00:00+00:00,,1587.7884521484375,STETH-USD,,,,,,,,1614.005126953125,,,,,,,,,,,,,,,
2022-10-30 00:00:00+00:00,,1570.4429931640625,STETH-USD,,,,,,,,1587.7884521484375,,,,,,,,,,,,,,,
2022-10-31 00:00:00+00:00,,1577.31005859375,STETH-USD,,,,,,,,1570.4429931640625,,,,,,,,,,,,,,,
2022-11-01 00:00:00+00:00,,1520.44287109375,STETH-USD,,,,,,,,1577.31005859375,,,,,,,,,,,,,,,
2022-11-02 00:00:00+00:00,,1528.98583984375,STETH-USD,,,,,,,,1520.44287109375,,,,,,,,,,,,,,,
2022-11-03 00:00:00+00:00,,1643.239501953125,STETH-USD,,,,,,,,1528.98583984375,,,,,,,,,,,,,,,
2022-11-04 00:00:00+00:00,,1627.4814453125,STETH-USD,,,,,,,,1643.239501953125,,,,,,,,,,,,,,,
2022-11-05 00:00:00+00:00,,1571.965087890625,STETH-USD,,,,,,,,1627.4814453125,,,,,,,,,,,,,,,
2022-11-06 00:00:00+00:00,,1560.860107421875,STETH-USD,,,,,,,,1571.965087890625,,,,,,,,,,,,,,,
2022-11-07 00:00:00+00:00,,1316.6998291015625,STETH-USD,,,,,,,,1560.860107421875,,,,,,,,,,,,,,,
2022-11-08 00:00:00+00:00,,1073.9111328125,STETH-USD,,,,,,,,1316.6998291015625,,,,,,,,,,,,,,,
2022-11-09 00:00:00+00:00,,1271.8834228515625,STETH-USD,,,,,,,,1073.9111328125,,,,,,,,,,,,,,,
2022-11-10 00:00:00+00:00,,1272.462158203125,STETH-USD,,,,,,,,1271.8834228515625,,,,,,,,,,,,,,,
2022-11-11 00:00:00+00:00,,1192.884033203125,STETH-USD,,,,,,,,1272.462158203125,,,,,,,,,,,,,,,
2022-11-12 00:00:00+00:00,,1188.202880859375,STETH-USD,,,,,,,,1192.884033203125,,,,,,,,,,,,,,,
2022-11-13 00:00:00+00:00,,1212.649169921875,STETH-USD,,,,,,,,1188.202880859375,,,,,,,,,,,,,,,
2022-11-14 00:00:00+00:00,,1235.1871337890625,STETH-USD,,,,,,,,1212.649169921875,,,,,,,,,,,,,,,
2022-11-15 00:00:00+00:00,,1188.6947021484375,STETH-USD,,,,,,,,1235.1871337890625,,,,,,,,,,,,,,,
2022-11-16 00:00:00+00:00,,1171.6785888671875,STETH-USD,,,,,,,,1188.6947021484375,,,,,,,,,,,,,,,
2022-11-17 00:00:00+00:00,,1179.2781982421875,STETH-USD,,,,,,,,1171.6785888671875,,,,,,,,,,,,,,,
2022-11-18 00:00:00+00:00,,1205.022705078125,STETH-USD,,,,,,,,1179.2781982421875,,,,,,,,,,,,,,,
2022-11-19 00:00:00+00:00,,1130.0537109375,STETH-USD,,,,,,,,1205.022705078125,,,,,,,,,,,,,,,
2022-11-20 00:00:00+00:00,,1102.2249755859375,STETH-USD,,,,,,,,1130.0537109375,,,,,,,,,,,,,,,
2022-11-21 00:00:00+00:00,,1113.0321044921875,STETH-USD,,,,,,,,1102.2249755859375,,,,,,,,,,,,,,,
2022-11-22 00:00:00+00:00,,1154.8187255859375,STETH-USD,,,,,,,,1113.0321044921875,,,,,,,,,,,,,,,
2022-11-23 00:00:00+00:00,,1169.781982421875,STETH-USD,,,,,,,,1154.8187255859375,,,,,,,,,,,,,,,
2022-11-24 00:00:00+00:00,,1179.559326171875,STETH-USD,,,,,,,,1169.781982421875,,,,,,,,,,,,,,,
2022-11-25 00:00:00+00:00,,1176.294189453125,STETH-USD,,,,,,,,1179.559326171875,,,,,,,,,,,,,,,
2022-11-26 00:00:00+00:00,,1168.3388671875,STETH-USD,,,,,,,,1176.294189453125,,,,,,,,,,,,,,,
2022-11-27 00:00:00+00:00,,1153.941650390625,STETH-USD,,,,,,,,1168.3388671875,,,,,,,,,,,,,,,
2022-11-28 00:00:00+00:00,,1184.9248046875,STETH-USD,,,,,,,,1153.941650390625,,,,,,,,,,,,,,,
2022-11-29 00:00:00+00:00,,1247.53955078125,STETH-USD,,,,,,,,1184.9248046875,,,,,,,,,,,,,,,
2022-11-30 00:00:00+00:00,,1245.3760986328125,STETH-USD,,,,,,,,1247.53955078125,,,,,,,,,,,,,,,
2022-12-01 00:00:00+00:00,,1266.714599609375,STETH-USD,,,,,,,,1245.3760986328125,,,,,,,,,,,,,,,
2022-12-02 00:00:00+00:00,,1234.787353515625,STETH-USD,,,,,,,,1266.714599609375,,,,,,,,,,,,,,,
2022-12-03 00:00:00+00:00,,1245.364501953125,STETH-USD,,,,,,,,1234.787353515625,,,,,,,,,,,,,,,
2022-12-04 00:00:00+00:00,,1243.45263671875,STETH-USD,,,,,,,,1245.364501953125,,,,,,,,,,,,,,,
2022-12-05 00:00:00+00:00,,1249.2392578125,STETH-USD,,,,,,,,1243.45263671875,,,,,,,,,,,,,,,
2022-12-06 00:00:00+00:00,,1202.6607666015625,STETH-USD,,,,,,,,1249.2392578125,,,,,,,,,,,,,,,
2022-12-07 00:00:00+00:00,,1246.16845703125,STETH-USD,,,,,,,,1202.6607666015625,,,,,,,,,,,,,,,
2022-12-08 00:00:00+00:00,,1233.8612060546875,STETH-USD,,,,,,,,1246.16845703125,,,,,,,,,,,,,,,
2022-12-09 00:00:00+00:00,,1240.4971923828125,STETH-USD,,,,,,,,1233.8612060546875,,,,,,,,,,,,,,,
2022-12-10 00:00:00+00:00,,1245.4107666015625,STETH-USD,,,,,,,,1240.4971923828125,,,,,,,,,,,,,,,
2022-12-11 00:00:00+00:00,,1239.33837890625,STETH-USD,,,,,,,,1245.4107666015625,,,,,,,,,,,,,,,
2022-12-12 00:00:00+00:00,,1279.22705078125,STETH-USD,,,,,,,,1239.33837890625,,,,,,,,,,,,,,,
2022-12-13 00:00:00+00:00,,1283.0943603515625,STETH-USD,,,,,,,,1279.22705078125,,,,,,,,,,,,,,,
2022-12-14 00:00:00+00:00,,1243.3145751953125,STETH-USD,,,,,,,,1283.0943603515625,,,,,,,,,,,,,,,
2022-12-15 00:00:00+00:00,,1163.4176025390625,STETH-USD,,,,,,,,1243.3145751953125,,,,,,,,,,,,,,,
2022-12-16 00:00:00+00:00,,1176.43115234375,STETH-USD,,,,,,,,1163.4176025390625,,,,,,,,,,,,,,,
2022-12-17 00:00:00+00:00,,1160.5067138671875,STETH-USD,,,,,,,,1176.43115234375,,,,,,,,,,,,,,,
2022-12-18 00:00:00+00:00,,1151.421875,STETH-USD,,,,,,,,1160.5067138671875,,,,,,,,,,,,,,,
2022-12-19 00:00:00+00:00,,1192.3203125,STETH-USD,,,,,,,,1151.421875,,,,,,,,,,,,,,,
2022-12-20 00:00:00+00:00,,1173.1126708984375,STETH-USD,,,,,,,,1192.3203125,,,,,,,,,,,,,,,
2022-12-21 00:00:00+00:00,,1190.63134765625,STETH-USD,,,,,,,,1173.1126708984375,,,,,,,,,,,,,,,
2022-12-22 00:00:00+00:00,,1189.712890625,STETH-USD,,,,,,,,1190.63134765625,,,,,,,,,,,,,,,
2022-12-23 00:00:00+00:00,,1197.515625,STETH-USD,,,,,,,,1189.712890625,,,,,,,,,,,,,,,
2022-12-24 00:00:00+00:00,,1190.2822265625,STETH-USD,,,,,,,,1197.515625,,,,,,,,,,,,,,,
2022-12-25 00:00:00+00:00,,1196.5601806640625,STETH-USD,,,,,,,,1190.2822265625,,,,,,,,,,,,,,,
2022-12-26 00:00:00+00:00,,1174.5302734375,STETH-USD,,,,,,,,1196.5601806640625,,,,,,,,,,,,,,,
2022-12-27 00:00:00+00:00,,1162.3255615234375,STETH-USD,,,,,,,,1174.5302734375,,,,,,,,,,,,,,,
2022-12-28 00:00:00+00:00,,1176.5572509765625,STETH-USD,,,,,,,,1162.3255615234375,,,,,,,,,,,,,,,
2022-12-29 00:00:00+00:00,,1175.7313232421875,STETH-USD,,,,,,,,1176.5572509765625,,,,,,,,,,,,,,,
2022-12-30 00:00:00+00:00,,1177.536865234375,STETH-USD,,,,,,,,1175.7313232421875,,,,,,,,,,,,,,,
2022-12-31 00:00:00+00:00,,,STETH-USD,,,,,,,,1177.536865234375,,,,,,,,,,,,,,,
2022-01-01 00:00:00+00:00,,0.9997649788856506,USDC-USD,,,,,,,,,1.0000849962234497,,,,,,,,,,,,,,
2022-01-02 00:00:00+00:00,,0.9997079968452454,USDC-USD,,,,,,,,,0.9997649788856506,,,,,,,,,,,,,,
2022-01-03 00:00:00+00:00,,1.0005849599838257,USDC-USD,,,,,,,,,0.9997079968452454,,,,,,,,,,,,,,
2022-01-04 00:00:00+00:00,,0.9997569918632507,USDC-USD,,,,,,,,,1.0005849599838257,,,,,,,,,,,,,,
2022-01-05 00:00:00+00:00,,0.9995599985122681,USDC-USD,,,,,,,,,0.9997569918632507,,,,,,,,,,,,,,
2022-01-06 00:00:00+00:00,,1.0004769563674927,USDC-USD,,,,,,,,,0.9995599985122681,,,,,,,,,,,,,,
2022-01-07 00:00:00+00:00,,0.9995120167732239,USDC-USD,,,,,,,,,1.0004769563674927,,,,,,,,,,,,,,
2022-01-08 00:00:00+00:00,,0.9998360276222229,USDC-USD,,,,,,,,,0.9995120167732239,,,,,,,,,,,,,,
2022-01-09 00:00:00+00:00,,1.0003809928894043,USDC-USD,,,,,,,,,0.9998360276222229,,,,,,,,,,,,,,
2022-01-10 00:00:00+00:00,,1.000216007232666,USDC-USD,,,,,,,,,1.0003809928894043,,,,,,,,,,,,,,
2022-01-11 00:00:00+00:00,,0.9997990131378174,USDC-USD,,,,,,,,,1.000216007232666,,,,,,,,,,,,,,
2022-01-12 00:00:00+00:00,,0.9990249872207642,USDC-USD,,,,,,,,,0.9997990131378174,,,,,,,,,,,,,,
2022-01-13 00:00:00+00:00,,1.000033974647522,USDC-USD,,,,,,,,,0.9990249872207642,,,,,,,,,,,,,,
2022-01-14 00:00:00+00:00,,0.9994819760322571,USDC-USD,,,,,,,,,1.000033974647522,,,,,,,,,,,,,,
2022-01-15 00:00:00+00:00,,0.9996920228004456,USDC-USD,,,,,,,,,0.9994819760322571,,,,,,,,,,,,,,
2022-01-16 00:00:00+00:00,,0.9996790289878845,USDC-USD,,,,,,,,,0.9996920228004456,,,,,,,,,,,,,,
2022-01-17 00:00:00+00:00,,1.0001050233840942,USDC-USD,,,,,,,,,0.9996790289878845,,,,,,,,,,,,,,
2022-01-18 00:00:00+00:00,,1.0003310441970825,USDC-USD,,,,,,,,,1.0001050233840942,,,,,,,,,,,,,,
2022-01-19 00:00:00+00:00,,1.0004119873046875,USDC-USD,,,,,,,,,1.0003310441970825,,,,,,,,,,,,,,
2022-01-20 00:00:00+00:00,,1.0004409551620483,USDC-USD,,,,,,,,,1.0004119873046875,,,,,,,,,,,,,,
2022-01-21 00:00:00+00:00,,1.0000319480895996,USDC-USD,,,,,,,,,1.0004409551620483,,,,,,,,,,,,,,
2022-01-22 00:00:00+00:00,,1.0001449584960938,USDC-USD,,,,,,,,,1.0000319480895996,,,,,,,,,,,,,,
2022-01-23 00:00:00+00:00,,1.0003050565719604,USDC-USD,,,,,,,,,1.0001449584960938,,,,,,,,,,,,,,
2022-01-24 00:00:00+00:00,,1.0004290342330933,USDC-USD,,,,,,,,,1.0003050565719604,,,,,,,,,,,,,,
2022-01-25 00:00:00+00:00,,0.99993497133255,USDC-USD,,,,,,,,,1.0004290342330933,,,,,,,,,,,,,,
2022-01-26 00:00:00+00:00,,0.9997760057449341,USDC-USD,,,,,,,,,0.99993497133255,,,,,,,,,,,,,,
2022-01-27 00:00:00+00:00,,0.9996510148048401,USDC-USD,,,,,,,,,0.9997760057449341,,,,,,,,,,,,,,
2022-01-28 00:00:00+00:00,,1.0003950595855713,USDC-USD,,,,,,,,,0.9996510148048401,,,,,,,,,,,,,,
2022-01-29 00:00:00+00:00,,1.0000649690628052,USDC-USD,,,,,,,,,1.0003950595855713,,,,,,,,,,,,,,
2022-01-30 00:00:00+00:00,,0.9995390176773071,USDC-USD,,,,,,,,,1.0000649690628052,,,,,,,,,,,,,,
2022-01-31 00:00:00+00:00,,0.9996830224990845,USDC-USD,,,,,,,,,0.9995390176773071,,,,,,,,,,,,,,
2022-02-01 00:00:00+00:00,,0.9999669790267944,USDC-USD,,,,,,,,,0.9996830224990845,,,,,,,,,,,,,,
2022-02-02 00:00:00+00:00,,1.0002310276031494,USDC-USD,,,,,,,,,0.9999669790267944,,,,,,,,,,,,,,
2022-02-03 00:00:00+00:00,,0.9995329976081848,USDC-USD,,,,,,,,,1.0002310276031494,,,,,,,,,,,,,,
2022-02-04 00:00:00+00:00,,1.0001169443130493,USDC-USD,,,,,,,,,0.9995329976081848,,,,,,,,,,,,,,
2022-02-05 00:00:00+00:00,,1.0003570318222046,USDC-USD,,,,,,,,,1.0001169443130493,,,,,,,,,,,,,,
2022-02-06 00:00:00+00:00,,0.9990220069885254,USDC-USD,,,,,,,,,1.0003570318222046,,,,,,,,,,,,,,
2022-02-07 00:00:00+00:00,,0.9991710186004639,USDC-USD,,,,,,,,,0.9990220069885254,,,,,,,,,,,,,,
2022-02-08 00:00:00+00:00,,0.9995869994163513,USDC-USD,,,,,,,,,0.9991710186004639,,,,,,,,,,,,,,
2022-02-09 00:00:00+00:00,,1.0001029968261719,USDC-USD,,,,,,,,,0.9995869994163513,,,,,,,,,,,,,,
2022-02-10 00:00:00+00:00,,0.9993680119514465,USDC-USD,,,,,,,,,1.0001029968261719,,,,,,,,,,,,,,
2022-02-11 00:00:00+00:00,,1.000177025794983,USDC-USD,,,,,,,,,0.9993680119514465,,,,,,,,,,,,,,
2022-02-12 00:00:00+00:00,,0.999983012676239,USDC-USD,,,,,,,,,1.000177025794983,,,,,,,,,,,,,,
2022-02-13 00:00:00+00:00,,0.999364972114563,USDC-USD,,,,,,,,,0.999983012676239,,,,,,,,,,,,,,
2022-02-14 00:00:00+00:00,,0.9995710253715515,USDC-USD,,,,,,,,,0.999364972114563,,,,,,,,,,,,,,
2022-02-15 00:00:00+00:00,,0.9997760057449341,USDC-USD,,,,,,,,,0.9995710253715515,,,,,,,,,,,,,,
2022-02-16 00:00:00+00:00,,0.9994019865989685,USDC-USD,,,,,,,,,0.9997760057449341,,,,,,,,,,,,,,
2022-02-17 00:00:00+00:00,,0.999770998954773,USDC-USD,,,,,,,,,0.9994019865989685,,,,,,,,,,,,,,
2022-02-18 00:00:00+00:00,,0.9998700022697449,USDC-USD,,,,,,,,,0.999770998954773,,,,,,,,,,,,,,
2022-02-19 00:00:00+00:00,,1.0000029802322388,USDC-USD,,,,,,,,,0.9998700022697449,,,,,,,,,,,,,,
2022-02-20 00:00:00+00:00,,0.999334990978241,USDC-USD,,,,,,,,,1.0000029802322388,,,,,,,,,,,,,,
2022-02-21 00:00:00+00:00,,1.0000449419021606,USDC-USD,,,,,,,,,0.999334990978241,,,,,,,,,,,,,,
2022-02-22 00:00:00+00:00,,0.9995129704475403,USDC-USD,,,,,,,,,1.0000449419021606,,,,,,,,,,,,,,
2022-02-23 00:00:00+00:00,,0.9999629855155945,USDC-USD,,,,,,,,,0.9995129704475403,,,,,,,,,,,,,,
2022-02-24 00:00:00+00:00,,0.9999430179595947,USDC-USD,,,,,,,,,0.9999629855155945,,,,,,,,,,,,,,
2022-02-25 00:00:00+00:00,,0.9999920129776001,USDC-USD,,,,,,,,,0.9999430179595947,,,,,,,,,,,,,,
2022-02-26 00:00:00+00:00,,0.9997220039367676,USDC-USD,,,,,,,,,0.9999920129776001,,,,,,,,,,,,,,
2022-02-27 00:00:00+00:00,,0.9998530149459839,USDC-USD,,,,,,,,,0.9997220039367676,,,,,,,,,,,,,,
2022-02-28 00:00:00+00:00,,0.999813973903656,USDC-USD,,,,,,,,,0.9998530149459839,,,,,,,,,,,,,,
2022-03-01 00:00:00+00:00,,0.9995689988136292,USDC-USD,,,,,,,,,0.999813973903656,,,,,,,,,,,,,,
2022-03-02 00:00:00+00:00,,0.9999340176582336,USDC-USD,,,,,,,,,0.9995689988136292,,,,,,,,,,,,,,
2022-03-03 00:00:00+00:00,,0.9998409748077393,USDC-USD,,,,,,,,,0.9999340176582336,,,,,,,,,,,,,,
2022-03-04 00:00:00+00:00,,0.9993709921836853,USDC-USD,,,,,,,,,0.9998409748077393,,,,,,,,,,,,,,
2022-03-05 00:00:00+00:00,,0.9998509883880615,USDC-USD,,,,,,,,,0.9993709921836853,,,,,,,,,,,,,,
2022-03-06 00:00:00+00:00,,0.9991340041160583,USDC-USD,,,,,,,,,0.9998509883880615,,,,,,,,,,,,,,
2022-03-07 00:00:00+00:00,,1.0002599954605103,USDC-USD,,,,,,,,,0.9991340041160583,,,,,,,,,,,,,,
2022-03-08 00:00:00+00:00,,1.0004500150680542,USDC-USD,,,,,,,,,1.0002599954605103,,,,,,,,,,,,,,
2022-03-09 00:00:00+00:00,,0.999800980091095,USDC-USD,,,,,,,,,1.0004500150680542,,,,,,,,,,,,,,
2022-03-10 00:00:00+00:00,,0.9993410110473633,USDC-USD,,,,,,,,,0.999800980091095,,,,,,,,,,,,,,
2022-03-11 00:00:00+00:00,,0.999538004398346,USDC-USD,,,,,,,,,0.9993410110473633,,,,,,,,,,,,,,
2022-03-12 00:00:00+00:00,,0.9999650120735168,USDC-USD,,,,,,,,,0.999538004398346,,,,,,,,,,,,,,
2022-03-13 00:00:00+00:00,,1.0002880096435547,USDC-USD,,,,,,,,,0.9999650120735168,,,,,,,,,,,,,,
2022-03-14 00:00:00+00:00,,0.9993669986724854,USDC-USD,,,,,,,,,1.0002880096435547,,,,,,,,,,,,,,
2022-03-15 00:00:00+00:00,,0.9998959898948669,USDC-USD,,,,,,,,,0.9993669986724854,,,,,,,,,,,,,,
2022-03-16 00:00:00+00:00,,0.999783992767334,USDC-USD,,,,,,,,,0.9998959898948669,,,,,,,,,,,,,,
2022-03-17 00:00:00+00:00,,0.9998480081558228,USDC-USD,,,,,,,,,0.999783992767334,,,,,,,,,,,,,,
2022-03-18 00:00:00+00:00,,0.9997479915618896,USDC-USD,,,,,,,,,0.9998480081558228,,,,,,,,,,,,,,
2022-03-19 00:00:00+00:00,,0.9999319911003113,USDC-USD,,,,,,,,,0.9997479915618896,,,,,,,,,,,,,,
2022-03-20 00:00:00+00:00,,0.9998279809951782,USDC-USD,,,,,,,,,0.9999319911003113,,,,,,,,,,,,,,
2022-03-21 00:00:00+00:00,,0.9999039769172668,USDC-USD,,,,,,,,,0.9998279809951782,,,,,,,,,,,,,,
2022-03-22 00:00:00+00:00,,0.9999529719352722,USDC-USD,,,,,,,,,0.9999039769172668,,,,,,,,,,,,,,
2022-03-23 00:00:00+00:00,,0.9997050166130066,USDC-USD,,,,,,,,,0.9999529719352722,,,,,,,,,,,,,,
2022-03-24 00:00:00+00:00,,0.9991530179977417,USDC-USD,,,,,,,,,0.9997050166130066,,,,,,,,,,,,,,
2022-03-25 00:00:00+00:00,,0.999891996383667,USDC-USD,,,,,,,,,0.9991530179977417,,,,,,,,,,,,,,
2022-03-26 00:00:00+00:00,,1.000038981437683,USDC-USD,,,,,,,,,0.999891996383667,,,,,,,,,,,,,,
2022-03-27 00:00:00+00:00,,1.0001260042190552,USDC-USD,,,,,,,,,1.000038981437683,,,,,,,,,,,,,,
2022-03-28 00:00:00+00:00,,0.9999960064888,USDC-USD,,,,,,,,,1.0001260042190552,,,,,,,,,,,,,,
2022-03-29 00:00:00+00:00,,0.9994310140609741,USDC-USD,,,,,,,,,0.9999960064888,,,,,,,,,,,,,,
2022-03-30 00:00:00+00:00,,0.9994469881057739,USDC-USD,,,,,,,,,0.9994310140609741,,,,,,,,,,,,,,
2022-03-31 00:00:00+00:00,,0.9999939799308777,USDC-USD,,,,,,,,,0.9994469881057739,,,,,,,,,,,,,,
2022-04-01 00:00:00+00:00,,0.999343991279602,USDC-USD,,,,,,,,,0.9999939799308777,,,,,,,,,,,,,,
2022-04-02 00:00:00+00:00,,1.0000940561294556,USDC-USD,,,,,,,,,0.999343991279602,,,,,,,,,,,,,,
2022-04-03 00:00:00+00:00,,1.0001219511032104,USDC-USD,,,,,,,,,1.0000940561294556,,,,,,,,,,,,,,
2022-04-04 00:00:00+00:00,,0.9996960163116455,USDC-USD,,,,,,,,,1.0001219511032104,,,,,,,,,,,,,,
2022-04-05 00:00:00+00:00,,0.999584972858429,USDC-USD,,,,,,,,,0.9996960163116455,,,,,,,,,,,,,,
2022-04-06 00:00:00+00:00,,1.0000369548797607,USDC-USD,,,,,,,,,0.999584972858429,,,,,,,,,,,,,,
2022-04-07 00:00:00+00:00,,0.9997410178184509,USDC-USD,,,,,,,,,1.0000369548797607,,,,,,,,,,,,,,
2022-04-08 00:00:00+00:00,,1.0000840425491333,USDC-USD,,,,,,,,,0.9997410178184509,,,,,,,,,,,,,,
2022-04-09 00:00:00+00:00,,0.9996259808540344,USDC-USD,,,,,,,,,1.0000840425491333,,,,,,,,,,,,,,
2022-04-10 00:00:00+00:00,,0.9997320175170898,USDC-USD,,,,,,,,,0.9996259808540344,,,,,,,,,,,,,,
2022-04-11 00:00:00+00:00,,0.9998649954795837,USDC-USD,,,,,,,,,0.9997320175170898,,,,,,,,,,,,,,
2022-04-12 00:00:00+00:00,,0.9997450113296509,USDC-USD,,,,,,,,,0.9998649954795837,,,,,,,,,,,,,,
2022-04-13 00:00:00+00:00,,0.9998390078544617,USDC-USD,,,,,,,,,0.9997450113296509,,,,,,,,,,,,,,
2022-04-14 00:00:00+00:00,,0.9997529983520508,USDC-USD,,,,,,,,,0.9998390078544617,,,,,,,,,,,,,,
2022-04-15 00:00:00+00:00,,1.0002260208129883,USDC-USD,,,,,,,,,0.9997529983520508,,,,,,,,,,,,,,
2022-04-16 00:00:00+00:00,,0.9992589950561523,USDC-USD,,,,,,,,,1.0002260208129883,,,,,,,,,,,,,,
2022-04-17 00:00:00+00:00,,0.9998729825019836,USDC-USD,,,,,,,,,0.9992589950561523,,,,,,,,,,,,,,
2022-04-18 00:00:00+00:00,,0.9998970031738281,USDC-USD,,,,,,,,,0.9998729825019836,,,,,,,,,,,,,,
2022-04-19 00:00:00+00:00,,0.9998469948768616,USDC-USD,,,,,,,,,0.9998970031738281,,,,,,,,,,,,,,
2022-04-20 00:00:00+00:00,,1.0002820491790771,USDC-USD,,,,,,,,,0.9998469948768616,,,,,,,,,,,,,,
2022-04-21 00:00:00+00:00,,1.0001989603042603,USDC-USD,,,,,,,,,1.0002820491790771,,,,,,,,,,,,,,
2022-04-22 00:00:00+00:00,,1.0000040531158447,USDC-USD,,,,,,,,,1.0001989603042603,,,,,,,,,,,,,,
2022-04-23 00:00:00+00:00,,0.9999629855155945,USDC-USD,,,,,,,,,1.0000040531158447,,,,,,,,,,,,,,
2022-04-24 00:00:00+00:00,,1.0002180337905884,USDC-USD,,,,,,,,,0.9999629855155945,,,,,,,,,,,,,,
2022-04-25 00:00:00+00:00,,1.0001269578933716,USDC-USD,,,,,,,,,1.0002180337905884,,,,,,,,,,,,,,
2022-04-26 00:00:00+00:00,,1.0003210306167603,USDC-USD,,,,,,,,,1.0001269578933716,,,,,,,,,,,,,,
2022-04-27 00:00:00+00:00,,1.0000289678573608,USDC-USD,,,,,,,,,1.0003210306167603,,,,,,,,,,,,,,
2022-04-28 00:00:00+00:00,,1.0000230073928833,USDC-USD,,,,,,,,,1.0000289678573608,,,,,,,,,,,,,,
2022-04-29 00:00:00+00:00,,1.0002950429916382,USDC-USD,,,,,,,,,1.0000230073928833,,,,,,,,,,,,,,
2022-04-30 00:00:00+00:00,,1.0003809928894043,USDC-USD,,,,,,,,,1.0002950429916382,,,,,,,,,,,,,,
2022-05-01 00:00:00+00:00,,1.000059962272644,USDC-USD,,,,,,,,,1.0003809928894043,,,,,,,,,,,,,,
2022-05-02 00:00:00+00:00,,1.0001189708709717,USDC-USD,,,,,,,,,1.000059962272644,,,,,,,,,,,,,,
2022-05-03 00:00:00+00:00,,1.0000770092010498,USDC-USD,,,,,,,,,1.0001189708709717,,,,,,,,,,,,,,
2022-05-04 00:00:00+00:00,,0.9999579787254333,USDC-USD,,,,,,,,,1.0000770092010498,,,,,,,,,,,,,,
2022-05-05 00:00:00+00:00,,1.0000720024108887,USDC-USD,,,,,,,,,0.9999579787254333,,,,,,,,,,,,,,
2022-05-06 00:00:00+00:00,,0.9999060034751892,USDC-USD,,,,,,,,,1.0000720024108887,,,,,,,,,,,,,,
2022-05-07 00:00:00+00:00,,1.000087022781372,USDC-USD,,,,,,,,,0.9999060034751892,,,,,,,,,,,,,,
2022-05-08 00:00:00+00:00,,0.9995949864387512,USDC-USD,,,,,,,,,1.000087022781372,,,,,,,,,,,,,,
2022-05-09 00:00:00+00:00,,0.9998279809951782,USDC-USD,,,,,,,,,0.9995949864387512,,,,,,,,,,,,,,
2022-05-10 00:00:00+00:00,,1.0007660388946533,USDC-USD,,,,,,,,,0.9998279809951782,,,,,,,,,,,,,,
2022-05-11 00:00:00+00:00,,1.0006589889526367,USDC-USD,,,,,,,,,1.0007660388946533,,,,,,,,,,,,,,
2022-05-12 00:00:00+00:00,,1.0003470182418823,USDC-USD,,,,,,,,,1.0006589889526367,,,,,,,,,,,,,,
2022-05-13 00:00:00+00:00,,1.0003809928894043,USDC-USD,,,,,,,,,1.0003470182418823,,,,,,,,,,,,,,
2022-05-14 00:00:00+00:00,,1.0001829862594604,USDC-USD,,,,,,,,,1.0003809928894043,,,,,,,,,,,,,,
2022-05-15 00:00:00+00:00,,1.0005810260772705,USDC-USD,,,,,,,,,1.0001829862594604,,,,,,,,,,,,,,
2022-05-16 00:00:00+00:00,,1.0002189874649048,USDC-USD,,,,,,,,,1.0005810260772705,,,,,,,,,,,,,,
2022-05-17 00:00:00+00:00,,0.999770998954773,USDC-USD,,,,,,,,,1.0002189874649048,,,,,,,,,,,,,,
2022-05-18 00:00:00+00:00,,1.0002690553665161,USDC-USD,,,,,,,,,0.999770998954773,,,,,,,,,,,,,,
2022-05-19 00:00:00+00:00,,0.9999070167541504,USDC-USD,,,,,,,,,1.0002690553665161,,,,,,,,,,,,,,
2022-05-20 00:00:00+00:00,,1.0002659559249878,USDC-USD,,,,,,,,,0.9999070167541504,,,,,,,,,,,,,,
2022-05-21 00:00:00+00:00,,1.0000920295715332,USDC-USD,,,,,,,,,1.0002659559249878,,,,,,,,,,,,,,
2022-05-22 00:00:00+00:00,,1.0001410245895386,USDC-USD,,,,,,,,,1.0000920295715332,,,,,,,,,,,,,,
2022-05-23 00:00:00+00:00,,1.0001790523529053,USDC-USD,,,,,,,,,1.0001410245895386,,,,,,,,,,,,,,
2022-05-24 00:00:00+00:00,,0.9998210072517395,USDC-USD,,,,,,,,,1.0001790523529053,,,,,,,,,,,,,,
2022-05-25 00:00:00+00:00,,0.9999300241470337,USDC-USD,,,,,,,,,0.9998210072517395,,,,,,,,,,,,,,
2022-05-26 00:00:00+00:00,,1.0004030466079712,USDC-USD,,,,,,,,,0.9999300241470337,,,,,,,,,,,,,,
2022-05-27 00:00:00+00:00,,1.0001499652862549,USDC-USD,,,,,,,,,1.0004030466079712,,,,,,,,,,,,,,
2022-05-28 00:00:00+00:00,,1.0005860328674316,USDC-USD,,,,,,,,,1.0001499652862549,,,,,,,,,,,,,,
2022-05-29 00:00:00+00:00,,1.0000989437103271,USDC-USD,,,,,,,,,1.0005860328674316,,,,,,,,,,,,,,
2022-05-30 00:00:00+00:00,,1.0002100467681885,USDC-USD,,,,,,,,,1.0000989437103271,,,,,,,,,,,,,,
2022-05-31 00:00:00+00:00,,1.0001300573349,USDC-USD,,,,,,,,,1.0002100467681885,,,,,,,,,,,,,,
2022-06-01 00:00:00+00:00,,1.000223994255066,USDC-USD,,,,,,,,,1.0001300573349,,,,,,,,,,,,,,
2022-06-02 00:00:00+00:00,,1.000143051147461,USDC-USD,,,,,,,,,1.000223994255066,,,,,,,,,,,,,,
2022-06-03 00:00:00+00:00,,1.0002429485321045,USDC-USD,,,,,,,,,1.000143051147461,,,,,,,,,,,,,,
2022-06-04 00:00:00+00:00,,1.0001440048217773,USDC-USD,,,,,,,,,1.0002429485321045,,,,,,,,,,,,,,
2022-06-05 00:00:00+00:00,,1.000082015991211,USDC-USD,,,,,,,,,1.0001440048217773,,,,,,,,,,,,,,
2022-06-06 00:00:00+00:00,,1.0001029968261719,USDC-USD,,,,,,,,,1.000082015991211,,,,,,,,,,,,,,
2022-06-07 00:00:00+00:00,,1.0002180337905884,USDC-USD,,,,,,,,,1.0001029968261719,,,,,,,,,,,,,,
2022-06-08 00:00:00+00:00,,1.0002440214157104,USDC-USD,,,,,,,,,1.0002180337905884,,,,,,,,,,,,,,
2022-06-09 00:00:00+00:00,,1.0000629425048828,USDC-USD,,,,,,,,,1.0002440214157104,,,,,,,,,,,,,,
2022-06-10 00:00:00+00:00,,1.0000900030136108,USDC-USD,,,,,,,,,1.0000629425048828,,,,,,,,,,,,,,
2022-06-11 00:00:00+00:00,,1.0000489950180054,USDC-USD,,,,,,,,,1.0000900030136108,,,,,,,,,,,,,,
2022-06-12 00:00:00+00:00,,1.0004340410232544,USDC-USD,,,,,,,,,1.0000489950180054,,,,,,,,,,,,,,
2022-06-13 00:00:00+00:00,,1.0007280111312866,USDC-USD,,,,,,,,,1.0004340410232544,,,,,,,,,,,,,,
2022-06-14 00:00:00+00:00,,1.000704050064087,USDC-USD,,,,,,,,,1.0007280111312866,,,,,,,,,,,,,,
2022-06-15 00:00:00+00:00,,1.0003679990768433,USDC-USD,,,,,,,,,1.000704050064087,,,,,,,,,,,,,,
2022-06-16 00:00:00+00:00,,1.0002080202102661,USDC-USD,,,,,,,,,1.0003679990768433,,,,,,,,,,,,,,
2022-06-17 00:00:00+00:00,,1.0003149509429932,USDC-USD,,,,,,,,,1.0002080202102661,,,,,,,,,,,,,,
2022-06-18 00:00:00+00:00,,1.0004040002822876,USDC-USD,,,,,,,,,1.0003149509429932,,,,,,,,,,,,,,
2022-06-19 00:00:00+00:00,,1.0001519918441772,USDC-USD,,,,,,,,,1.0004040002822876,,,,,,,,,,,,,,
2022-06-20 00:00:00+00:00,,0.9999430179595947,USDC-USD,,,,,,,,,1.0001519918441772,,,,,,,,,,,,,,
2022-06-21 00:00:00+00:00,,1.000108003616333,USDC-USD,,,,,,,,,0.9999430179595947,,,,,,,,,,,,,,
2022-06-22 00:00:00+00:00,,1.000538945198059,USDC-USD,,,,,,,,,1.000108003616333,,,,,,,,,,,,,,
2022-06-23 00:00:00+00:00,,0.9998639822006226,USDC-USD,,,,,,,,,1.000538945198059,,,,,,,,,,,,,,
2022-06-24 00:00:00+00:00,,1.0001039505004883,USDC-USD,,,,,,,,,0.9998639822006226,,,,,,,,,,,,,,
2022-06-25 00:00:00+00:00,,0.9998130202293396,USDC-USD,,,,,,,,,1.0001039505004883,,,,,,,,,,,,,,
2022-06-26 00:00:00+00:00,,1.0001660585403442,USDC-USD,,,,,,,,,0.9998130202293396,,,,,,,,,,,,,,
2022-06-27 00:00:00+00:00,,1.0001399517059326,USDC-USD,,,,,,,,,1.0001660585403442,,,,,,,,,,,,,,
2022-06-28 00:00:00+00:00,,1.0003650188446045,USDC-USD,,,,,,,,,1.0001399517059326,,,,,,,,,,,,,,
2022-06-29 00:00:00+00:00,,0.9999139904975891,USDC-USD,,,,,,,,,1.0003650188446045,,,,,,,,,,,,,,
2022-06-30 00:00:00+00:00,,1.000177025794983,USDC-USD,,,,,,,,,0.9999139904975891,,,,,,,,,,,,,,
2022-07-01 00:00:00+00:00,,0.9999709725379944,USDC-USD,,,,,,,,,1.000177025794983,,,,,,,,,,,,,,
2022-07-02 00:00:00+00:00,,1.000372052192688,USDC-USD,,,,,,,,,0.9999709725379944,,,,,,,,,,,,,,
2022-07-03 00:00:00+00:00,,1.0003060102462769,USDC-USD,,,,,,,,,1.000372052192688,,,,,,,,,,,,,,
2022-07-04 00:00:00+00:00,,1.00005304813385,USDC-USD,,,,,,,,,1.0003060102462769,,,,,,,,,,,,,,
2022-07-05 00:00:00+00:00,,0.999879002571106,USDC-USD,,,,,,,,,1.00005304813385,,,,,,,,,,,,,,
2022-07-06 00:00:00+00:00,,1.0000920295715332,USDC-USD,,,,,,,,,0.999879002571106,,,,,,,,,,,,,,
2022-07-07 00:00:00+00:00,,0.9997779726982117,USDC-USD,,,,,,,,,1.0000920295715332,,,,,,,,,,,,,,
2022-07-08 00:00:00+00:00,,1.0000460147857666,USDC-USD,,,,,,,,,0.9997779726982117,,,,,,,,,,,,,,
2022-07-09 00:00:00+00:00,,1.0000289678573608,USDC-USD,,,,,,,,,1.0000460147857666,,,,,,,,,,,,,,
2022-07-10 00:00:00+00:00,,1.000169038772583,USDC-USD,,,,,,,,,1.0000289678573608,,,,,,,,,,,,,,
2022-07-11 00:00:00+00:00,,0.9998530149459839,USDC-USD,,,,,,,,,1.000169038772583,,,,,,,,,,,,,,
2022-07-12 00:00:00+00:00,,1.000046968460083,USDC-USD,,,,,,,,,0.9998530149459839,,,,,,,,,,,,,,
2022-07-13 00:00:00+00:00,,0.9999970197677612,USDC-USD,,,,,,,,,1.000046968460083,,,,,,,,,,,,,,
2022-07-14 00:00:00+00:00,,0.9999629855155945,USDC-USD,,,,,,,,,0.9999970197677612,,,,,,,,,,,,,,
2022-07-15 00:00:00+00:00,,1.0001510381698608,USDC-USD,,,,,,,,,0.9999629855155945,,,,,,,,,,,,,,
2022-07-16 00:00:00+00:00,,1.0002490282058716,USDC-USD,,,,,,,,,1.0001510381698608,,,,,,,,,,,,,,
2022-07-17 00:00:00+00:00,,1.0000779628753662,USDC-USD,,,,,,,,,1.0002490282058716,,,,,,,,,,,,,,
2022-07-18 00:00:00+00:00,,0.9998930096626282,USDC-USD,,,,,,,,,1.0000779628753662,,,,,,,,,,,,,,
2022-07-19 00:00:00+00:00,,0.9999129772186279,USDC-USD,,,,,,,,,0.9998930096626282,,,,,,,,,,,,,,
2022-07-20 00:00:00+00:00,,1.000082015991211,USDC-USD,,,,,,,,,0.9999129772186279,,,,,,,,,,,,,,
2022-07-21 00:00:00+00:00,,1.0000170469284058,USDC-USD,,,,,,,,,1.000082015991211,,,,,,,,,,,,,,
2022-07-22 00:00:00+00:00,,1.0000139474868774,USDC-USD,,,,,,,,,1.0000170469284058,,,,,,,,,,,,,,
2022-07-23 00:00:00+00:00,,1.0000840425491333,USDC-USD,,,,,,,,,1.0000139474868774,,,,,,,,,,,,,,
2022-07-24 00:00:00+00:00,,0.9997419714927673,USDC-USD,,,,,,,,,1.0000840425491333,,,,,,,,,,,,,,
2022-07-25 00:00:00+00:00,,1.000141978263855,USDC-USD,,,,,,,,,0.9997419714927673,,,,,,,,,,,,,,
2022-07-26 00:00:00+00:00,,1.0001150369644165,USDC-USD,,,,,,,,,1.000141978263855,,,,,,,,,,,,,,
2022-07-27 00:00:00+00:00,,1.000022053718567,USDC-USD,,,,,,,,,1.0001150369644165,,,,,,,,,,,,,,
2022-07-28 00:00:00+00:00,,0.9996780157089233,USDC-USD,,,,,,,,,1.000022053718567,,,,,,,,,,,,,,
2022-07-29 00:00:00+00:00,,0.9998660087585449,USDC-USD,,,,,,,,,0.9996780157089233,,,,,,,,,,,,,,
2022-07-30 00:00:00+00:00,,0.999796986579895,USDC-USD,,,,,,,,,0.9998660087585449,,,,,,,,,,,,,,
2022-07-31 00:00:00+00:00,,0.9998369812965393,USDC-USD,,,,,,,,,0.999796986579895,,,,,,,,,,,,,,
2022-08-01 00:00:00+00:00,,0.9999340176582336,USDC-USD,,,,,,,,,0.9998369812965393,,,,,,,,,,,,,,
2022-08-02 00:00:00+00:00,,1.0000319480895996,USDC-USD,,,,,,,,,0.9999340176582336,,,,,,,,,,,,,,
2022-08-03 00:00:00+00:00,,1.0000360012054443,USDC-USD,,,,,,,,,1.0000319480895996,,,,,,,,,,,,,,
2022-08-04 00:00:00+00:00,,1.0000879764556885,USDC-USD,,,,,,,,,1.0000360012054443,,,,,,,,,,,,,,
2022-08-05 00:00:00+00:00,,0.999705970287323,USDC-USD,,,,,,,,,1.0000879764556885,,,,,,,,,,,,,,
2022-08-06 00:00:00+00:00,,0.9999189972877502,USDC-USD,,,,,,,,,0.999705970287323,,,,,,,,,,,,,,
2022-08-07 00:00:00+00:00,,1.0000660419464111,USDC-USD,,,,,,,,,0.9999189972877502,,,,,,,,,,,,,,
2022-08-08 00:00:00+00:00,,0.9997979998588562,USDC-USD,,,,,,,,,1.0000660419464111,,,,,,,,,,,,,,
2022-08-09 00:00:00+00:00,,1.0001349449157715,USDC-USD,,,,,,,,,0.9997979998588562,,,,,,,,,,,,,,
2022-08-10 00:00:00+00:00,,0.9999139904975891,USDC-USD,,,,,,,,,1.0001349449157715,,,,,,,,,,,,,,
2022-08-11 00:00:00+00:00,,1.0000669956207275,USDC-USD,,,,,,,,,0.9999139904975891,,,,,,,,,,,,,,
2022-08-12 00:00:00+00:00,,0.9999520182609558,USDC-USD,,,,,,,,,1.0000669956207275,,,,,,,,,,,,,,
2022-08-13 00:00:00+00:00,,0.9998480081558228,USDC-USD,,,,,,,,,0.9999520182609558,,,,,,,,,,,,,,
2022-08-14 00:00:00+00:00,,0.9999489784240723,USDC-USD,,,,,,,,,0.9998480081558228,,,,,,,,,,,,,,
2022-08-15 00:00:00+00:00,,1.00006103515625,USDC-USD,,,,,,,,,0.9999489784240723,,,,,,,,,,,,,,
2022-08-16 00:00:00+00:00,,0.9999549984931946,USDC-USD,,,,,,,,,1.00006103515625,,,,,,,,,,,,,,
2022-08-17 00:00:00+00:00,,0.9999070167541504,USDC-USD,,,,,,,,,0.9999549984931946,,,,,,,,,,,,,,
2022-08-18 00:00:00+00:00,,1.0000280141830444,USDC-USD,,,,,,,,,0.9999070167541504,,,,,,,,,,,,,,
2022-08-19 00:00:00+00:00,,1.0002110004425049,USDC-USD,,,,,,,,,1.0000280141830444,,,,,,,,,,,,,,
2022-08-20 00:00:00+00:00,,1.0001410245895386,USDC-USD,,,,,,,,,1.0002110004425049,,,,,,,,,,,,,,
2022-08-21 00:00:00+00:00,,1.0001380443572998,USDC-USD,,,,,,,,,1.0001410245895386,,,,,,,,,,,,,,
2022-08-22 00:00:00+00:00,,0.9999819993972778,USDC-USD,,,,,,,,,1.0001380443572998,,,,,,,,,,,,,,
2022-08-23 00:00:00+00:00,,0.9998610019683838,USDC-USD,,,,,,,,,0.9999819993972778,,,,,,,,,,,,,,
2022-08-24 00:00:00+00:00,,0.9999600052833557,USDC-USD,,,,,,,,,0.9998610019683838,,,,,,,,,,,,,,
2022-08-25 00:00:00+00:00,,0.9999740123748779,USDC-USD,,,,,,,,,0.9999600052833557,,,,,,,,,,,,,,
2022-08-26 00:00:00+00:00,,1.0000089406967163,USDC-USD,,,,,,,,,0.9999740123748779,,,,,,,,,,,,,,
2022-08-27 00:00:00+00:00,,1.0000309944152832,USDC-USD,,,,,,,,,1.0000089406967163,,,,,,,,,,,,,,
2022-08-28 00:00:00+00:00,,0.9999669790267944,USDC-USD,,,,,,,,,1.0000309944152832,,,,,,,,,,,,,,
2022-08-29 00:00:00+00:00,,1.0000059604644775,USDC-USD,,,,,,,,,0.9999669790267944,,,,,,,,,,,,,,
2022-08-30 00:00:00+00:00,,1.0000280141830444,USDC-USD,,,,,,,,,1.0000059604644775,,,,,,,,,,,,,,
2022-08-31 00:00:00+00:00,,0.9999759793281555,USDC-USD,,,,,,,,,1.0000280141830444,,,,,,,,,,,,,,
2022-09-01 00:00:00+00:00,,1.0001009702682495,USDC-USD,,,,,,,,,0.9999759793281555,,,,,,,,,,,,,,
2022-09-02 00:00:00+00:00,,1.0001260042190552,USDC-USD,,,,,,,,,1.0001009702682495,,,,,,,,,,,,,,
2022-09-03 00:00:00+00:00,,1.0001070499420166,USDC-USD,,,,,,,,,1.0001260042190552,,,,,,,,,,,,,,
2022-09-04 00:00:00+00:00,,0.9998819828033447,USDC-USD,,,,,,,,,1.0001070499420166,,,,,,,,,,,,,,
2022-09-05 00:00:00+00:00,,0.9998779892921448,USDC-USD,,,,,,,,,0.9998819828033447,,,,,,,,,,,,,,
2022-09-06 00:00:00+00:00,,0.9999930262565613,USDC-USD,,,,,,,,,0.9998779892921448,,,,,,,,,,,,,,
2022-09-07 00:00:00+00:00,,0.9999139904975891,USDC-USD,,,,,,,,,0.9999930262565613,,,,,,,,,,,,,,
2022-09-08 00:00:00+00:00,,0.9999449849128723,USDC-USD,,,,,,,,,0.9999139904975891,,,,,,,,,,,,,,
2022-09-09 00:00:00+00:00,,0.9998630285263062,USDC-USD,,,,,,,,,0.9999449849128723,,,,,,,,,,,,,,
2022-09-10 00:00:00+00:00,,0.9999510049819946,USDC-USD,,,,,,,,,0.9998630285263062,,,,,,,,,,,,,,
2022-09-11 00:00:00+00:00,,1.0000109672546387,USDC-USD,,,,,,,,,0.9999510049819946,,,,,,,,,,,,,,
2022-09-12 00:00:00+00:00,,1.0001139640808105,USDC-USD,,,,,,,,,1.0000109672546387,,,,,,,,,,,,,,
2022-09-13 00:00:00+00:00,,1.000040054321289,USDC-USD,,,,,,,,,1.0001139640808105,,,,,,,,,,,,,,
2022-09-14 00:00:00+00:00,,1.0001620054244995,USDC-USD,,,,,,,,,1.000040054321289,,,,,,,,,,,,,,
2022-09-15 00:00:00+00:00,,1.0001180171966553,USDC-USD,,,,,,,,,1.0001620054244995,,,,,,,,,,,,,,
2022-09-16 00:00:00+00:00,,1.0000319480895996,USDC-USD,,,,,,,,,1.0001180171966553,,,,,,,,,,,,,,
2022-09-17 00:00:00+00:00,,1.0000770092010498,USDC-USD,,,,,,,,,1.0000319480895996,,,,,,,,,,,,,,
2022-09-18 00:00:00+00:00,,0.9998729825019836,USDC-USD,,,,,,,,,1.0000770092010498,,,,,,,,,,,,,,
2022-09-19 00:00:00+00:00,,0.9999480247497559,USDC-USD,,,,,,,,,0.9998729825019836,,,,,,,,,,,,,,
2022-09-20 00:00:00+00:00,,1.0001130104064941,USDC-USD,,,,,,,,,0.9999480247497559,,,,,,,,,,,,,,
2022-09-21 00:00:00+00:00,,0.9999200105667114,USDC-USD,,,,,,,,,1.0001130104064941,,,,,,,,,,,,,,
2022-09-22 00:00:00+00:00,,0.9999930262565613,USDC-USD,,,,,,,,,0.9999200105667114,,,,,,,,,,,,,,
2022-09-23 00:00:00+00:00,,0.9999729990959167,USDC-USD,,,,,,,,,0.9999930262565613,,,,,,,,,,,,,,
2022-09-24 00:00:00+00:00,,0.9999679923057556,USDC-USD,,,,,,,,,0.9999729990959167,,,,,,,,,,,,,,
2022-09-25 00:00:00+00:00,,1.0001649856567383,USDC-USD,,,,,,,,,0.9999679923057556,,,,,,,,,,,,,,
2022-09-26 00:00:00+00:00,,1.0001230239868164,USDC-USD,,,,,,,,,1.0001649856567383,,,,,,,,,,,,,,
2022-09-27 00:00:00+00:00,,1.0000109672546387,USDC-USD,,,,,,,,,1.0001230239868164,,,,,,,,,,,,,,
2022-09-28 00:00:00+00:00,,1.0001239776611328,USDC-USD,,,,,,,,,1.0000109672546387,,,,,,,,,,,,,,
2022-09-29 00:00:00+00:00,,1.0000660419464111,USDC-USD,,,,,,,,,1.0001239776611328,,,,,,,,,,,,,,
2022-09-30 00:00:00+00:00,,0.9999840259552002,USDC-USD,,,,,,,,,1.0000660419464111,,,,,,,,,,,,,,
2022-10-01 00:00:00+00:00,,0.9999909996986389,USDC-USD,,,,,,,,,0.9999840259552002,,,,,,,,,,,,,,
2022-10-02 00:00:00+00:00,,0.9999269843101501,USDC-USD,,,,,,,,,0.9999909996986389,,,,,,,,,,,,,,
2022-10-03 00:00:00+00:00,,0.9999319911003113,USDC-USD,,,,,,,,,0.9999269843101501,,,,,,,,,,,,,,
2022-10-04 00:00:00+00:00,,0.9999380111694336,USDC-USD,,,,,,,,,0.9999319911003113,,,,,,,,,,,,,,
2022-10-05 00:00:00+00:00,,0.9999690055847168,USDC-USD,,,,,,,,,0.9999380111694336,,,,,,,,,,,,,,
2022-10-06 00:00:00+00:00,,1.000022053718567,USDC-USD,,,,,,,,,0.9999690055847168,,,,,,,,,,,,,,
2022-10-07 00:00:00+00:00,,1.0001469850540161,USDC-USD,,,,,,,,,1.000022053718567,,,,,,,,,,,,,,
2022-10-08 00:00:00+00:00,,0.9999930262565613,USDC-USD,,,,,,,,,1.0001469850540161,,,,,,,,,,,,,,
2022-10-09 00:00:00+00:00,,0.9999409914016724,USDC-USD,,,,,,,,,0.9999930262565613,,,,,,,,,,,,,,
2022-10-10 00:00:00+00:00,,1.0000250339508057,USDC-USD,,,,,,,,,0.9999409914016724,,,,,,,,,,,,,,
2022-10-11 00:00:00+00:00,,0.9999619722366333,USDC-USD,,,,,,,,,1.0000250339508057,,,,,,,,,,,,,,
2022-10-12 00:00:00+00:00,,1.0000159740447998,USDC-USD,,,,,,,,,0.9999619722366333,,,,,,,,,,,,,,
2022-10-13 00:00:00+00:00,,0.9999949932098389,USDC-USD,,,,,,,,,1.0000159740447998,,,,,,,,,,,,,,
2022-10-14 00:00:00+00:00,,0.9999300241470337,USDC-USD,,,,,,,,,0.9999949932098389,,,,,,,,,,,,,,
2022-10-15 00:00:00+00:00,,0.9999529719352722,USDC-USD,,,,,,,,,0.9999300241470337,,,,,,,,,,,,,,
2022-10-16 00:00:00+00:00,,0.9999849796295166,USDC-USD,,,,,,,,,0.9999529719352722,,,,,,,,,,,,,,
2022-10-17 00:00:00+00:00,,0.9999979734420776,USDC-USD,,,,,,,,,0.9999849796295166,,,,,,,,,,,,,,
2022-10-18 00:00:00+00:00,,1.000054955482483,USDC-USD,,,,,,,,,0.9999979734420776,,,,,,,,,,,,,,
2022-10-19 00:00:00+00:00,,1.0,USDC-USD,,,,,,,,,1.000054955482483,,,,,,,,,,,,,,
2022-10-20 00:00:00+00:00,,1.0000139474868774,USDC-USD,,,,,,,,,1.0,,,,,,,,,,,,,,
2022-10-21 00:00:00+00:00,,1.0000289678573608,USDC-USD,,,,,,,,,1.0000139474868774,,,,,,,,,,,,,,
2022-10-22 00:00:00+00:00,,1.0000300407409668,USDC-USD,,,,,,,,,1.0000289678573608,,,,,,,,,,,,,,
2022-10-23 00:00:00+00:00,,0.9999799728393555,USDC-USD,,,,,,,,,1.0000300407409668,,,,,,,,,,,,,,
2022-10-24 00:00:00+00:00,,0.999966025352478,USDC-USD,,,,,,,,,0.9999799728393555,,,,,,,,,,,,,,
2022-10-25 00:00:00+00:00,,1.0000269412994385,USDC-USD,,,,,,,,,0.999966025352478,,,,,,,,,,,,,,
2022-10-26 00:00:00+00:00,,0.9999690055847168,USDC-USD,,,,,,,,,1.0000269412994385,,,,,,,,,,,,,,
2022-10-27 00:00:00+00:00,,0.9999229907989502,USDC-USD,,,,,,,,,0.9999690055847168,,,,,,,,,,,,,,
2022-10-28 00:00:00+00:00,,1.0000790357589722,USDC-USD,,,,,,,,,0.9999229907989502,,,,,,,,,,,,,,
2022-10-29 00:00:00+00:00,,1.0001150369644165,USDC-USD,,,,,,,,,1.0000790357589722,,,,,,,,,,,,,,
2022-10-30 00:00:00+00:00,,0.9999960064888,USDC-USD,,,,,,,,,1.0001150369644165,,,,,,,,,,,,,,
2022-10-31 00:00:00+00:00,,1.0000439882278442,USDC-USD,,,,,,,,,0.9999960064888,,,,,,,,,,,,,,
2022-11-01 00:00:00+00:00,,1.0000970363616943,USDC-USD,,,,,,,,,1.0000439882278442,,,,,,,,,,,,,,
2022-11-02 00:00:00+00:00,,1.0000649690628052,USDC-USD,,,,,,,,,1.0000970363616943,,,,,,,,,,,,,,
2022-11-03 00:00:00+00:00,,1.0000360012054443,USDC-USD,,,,,,,,,1.0000649690628052,,,,,,,,,,,,,,
2022-11-04 00:00:00+00:00,,0.9999039769172668,USDC-USD,,,,,,,,,1.0000360012054443,,,,,,,,,,,,,,
2022-11-05 00:00:00+00:00,,0.9998689889907837,USDC-USD,,,,,,,,,0.9999039769172668,,,,,,,,,,,,,,
2022-11-06 00:00:00+00:00,,1.0003230571746826,USDC-USD,,,,,,,,,0.9998689889907837,,,,,,,,,,,,,,
2022-11-07 00:00:00+00:00,,0.9999819993972778,USDC-USD,,,,,,,,,1.0003230571746826,,,,,,,,,,,,,,
2022-11-08 00:00:00+00:00,,1.0003420114517212,USDC-USD,,,,,,,,,0.9999819993972778,,,,,,,,,,,,,,
2022-11-09 00:00:00+00:00,,1.0006920099258423,USDC-USD,,,,,,,,,1.0003420114517212,,,,,,,,,,,,,,
2022-11-10 00:00:00+00:00,,1.0007339715957642,USDC-USD,,,,,,,,,1.0006920099258423,,,,,,,,,,,,,,
2022-11-11 00:00:00+00:00,,1.000223994255066,USDC-USD,,,,,,,,,1.0007339715957642,,,,,,,,,,,,,,
2022-11-12 00:00:00+00:00,,1.0001360177993774,USDC-USD,,,,,,,,,1.000223994255066,,,,,,,,,,,,,,
2022-11-13 00:00:00+00:00,,1.0005860328674316,USDC-USD,,,,,,,,,1.0001360177993774,,,,,,,,,,,,,,
2022-11-14 00:00:00+00:00,,1.00034499168396,USDC-USD,,,,,,,,,1.0005860328674316,,,,,,,,,,,,,,
2022-11-15 00:00:00+00:00,,1.0001859664916992,USDC-USD,,,,,,,,,1.00034499168396,,,,,,,,,,,,,,
2022-11-16 00:00:00+00:00,,1.0001620054244995,USDC-USD,,,,,,,,,1.0001859664916992,,,,,,,,,,,,,,
2022-11-17 00:00:00+00:00,,1.0002479553222656,USDC-USD,,,,,,,,,1.0001620054244995,,,,,,,,,,,,,,
2022-11-18 00:00:00+00:00,,1.000156044960022,USDC-USD,,,,,,,,,1.0002479553222656,,,,,,,,,,,,,,
2022-11-19 00:00:00+00:00,,1.0002139806747437,USDC-USD,,,,,,,,,1.000156044960022,,,,,,,,,,,,,,
2022-11-20 00:00:00+00:00,,1.0003299713134766,USDC-USD,,,,,,,,,1.0002139806747437,,,,,,,,,,,,,,
2022-11-21 00:00:00+00:00,,1.000419020652771,USDC-USD,,,,,,,,,1.0003299713134766,,,,,,,,,,,,,,
2022-11-22 00:00:00+00:00,,1.0003269910812378,USDC-USD,,,,,,,,,1.000419020652771,,,,,,,,,,,,,,
2022-11-23 00:00:00+00:00,,1.0002150535583496,USDC-USD,,,,,,,,,1.0003269910812378,,,,,,,,,,,,,,
2022-11-24 00:00:00+00:00,,1.0000569820404053,USDC-USD,,,,,,,,,1.0002150535583496,,,,,,,,,,,,,,
2022-11-25 00:00:00+00:00,,1.0001510381698608,USDC-USD,,,,,,,,,1.0000569820404053,,,,,,,,,,,,,,
2022-11-26 00:00:00+00:00,,1.0001410245895386,USDC-USD,,,,,,,,,1.0001510381698608,,,,,,,,,,,,,,
2022-11-27 00:00:00+00:00,,1.0002009868621826,USDC-USD,,,,,,,,,1.0001410245895386,,,,,,,,,,,,,,
2022-11-28 00:00:00+00:00,,1.0000760555267334,USDC-USD,,,,,,,,,1.0002009868621826,,,,,,,,,,,,,,
2022-11-29 00:00:00+00:00,,1.0000079870224,USDC-USD,,,,,,,,,1.0000760555267334,,,,,,,,,,,,,,
2022-11-30 00:00:00+00:00,,1.0000029802322388,USDC-USD,,,,,,,,,1.0000079870224,,,,,,,,,,,,,,
2022-12-01 00:00:00+00:00,,1.0000510215759277,USDC-USD,,,,,,,,,1.0000029802322388,,,,,,,,,,,,,,
2022-12-02 00:00:00+00:00,,0.9999619722366333,USDC-USD,,,,,,,,,1.0000510215759277,,,,,,,,,,,,,,
2022-12-03 00:00:00+00:00,,1.0000159740447998,USDC-USD,,,,,,,,,0.9999619722366333,,,,,,,,,,,,,,
2022-12-04 00:00:00+00:00,,1.000020980834961,USDC-USD,,,,,,,,,1.0000159740447998,,,,,,,,,,,,,,
2022-12-05 00:00:00+00:00,,1.0000900030136108,USDC-USD,,,,,,,,,1.000020980834961,,,,,,,,,,,,,,
2022-12-06 00:00:00+00:00,,1.0000269412994385,USDC-USD,,,,,,,,,1.0000900030136108,,,,,,,,,,,,,,
2022-12-07 00:00:00+00:00,,1.0000289678573608,USDC-USD,,,,,,,,,1.0000269412994385,,,,,,,,,,,,,,
2022-12-08 00:00:00+00:00,,1.0000430345535278,USDC-USD,,,,,,,,,1.0000289678573608,,,,,,,,,,,,,,
2022-12-09 00:00:00+00:00,,1.0000720024108887,USDC-USD,,,,,,,,,1.0000430345535278,,,,,,,,,,,,,,
2022-12-10 00:00:00+00:00,,0.9999960064888,USDC-USD,,,,,,,,,1.0000720024108887,,,,,,,,,,,,,,
2022-12-11 00:00:00+00:00,,1.0000959634780884,USDC-USD,,,,,,,,,0.9999960064888,,,,,,,,,,,,,,
2022-12-12 00:00:00+00:00,,1.000133991241455,USDC-USD,,,,,,,,,1.0000959634780884,,,,,,,,,,,,,,
2022-12-13 00:00:00+00:00,,0.9999799728393555,USDC-USD,,,,,,,,,1.000133991241455,,,,,,,,,,,,,,
2022-12-14 00:00:00+00:00,,1.0000150203704834,USDC-USD,,,,,,,,,0.9999799728393555,,,,,,,,,,,,,,
2022-12-15 00:00:00+00:00,,0.9999009966850281,USDC-USD,,,,,,,,,1.0000150203704834,,,,,,,,,,,,,,
2022-12-16 00:00:00+00:00,,1.0000200271606445,USDC-USD,,,,,,,,,0.9999009966850281,,,,,,,,,,,,,,
2022-12-17 00:00:00+00:00,,0.9997609853744507,USDC-USD,,,,,,,,,1.0000200271606445,,,,,,,,,,,,,,
2022-12-18 00:00:00+00:00,,1.0001909732818604,USDC-USD,,,,,,,,,0.9997609853744507,,,,,,,,,,,,,,
2022-12-19 00:00:00+00:00,,0.9999909996986389,USDC-USD,,,,,,,,,1.0001909732818604,,,,,,,,,,,,,,
2022-12-20 00:00:00+00:00,,1.0000959634780884,USDC-USD,,,,,,,,,0.9999909996986389,,,,,,,,,,,,,,
2022-12-21 00:00:00+00:00,,1.0001100301742554,USDC-USD,,,,,,,,,1.0000959634780884,,,,,,,,,,,,,,
2022-12-22 00:00:00+00:00,,1.000033974647522,USDC-USD,,,,,,,,,1.0001100301742554,,,,,,,,,,,,,,
2022-12-23 00:00:00+00:00,,1.0000460147857666,USDC-USD,,,,,,,,,1.000033974647522,,,,,,,,,,,,,,
2022-12-24 00:00:00+00:00,,1.000082015991211,USDC-USD,,,,,,,,,1.0000460147857666,,,,,,,,,,,,,,
2022-12-25 00:00:00+00:00,,1.0001029968261719,USDC-USD,,,,,,,,,1.000082015991211,,,,,,,,,,,,,,
2022-12-26 00:00:00+00:00,,1.000169038772583,USDC-USD,,,,,,,,,1.0001029968261719,,,,,,,,,,,,,,
2022-12-27 00:00:00+00:00,,1.0001850128173828,USDC-USD,,,,,,,,,1.000169038772583,,,,,,,,,,,,,,
2022-12-28 00:00:00+00:00,,1.0001380443572998,USDC-USD,,,,,,,,,1.0001850128173828,,,,,,,,,,,,,,
2022-12-29 00:00:00+00:00,,1.000120997428894,USDC-USD,,,,,,,,,1.0001380443572998,,,,,,,,,,,,,,
2022-12-30 00:00:00+00:00,,1.0000289678573608,USDC-USD,,,,,,,,,1.000120997428894,,,,,,,,,,,,,,
2022-12-31 00:00:00+00:00,,,USDC-USD,,,,,,,,,1.0000289678573608,,,,,,,,,,,,,,
2022-01-01 00:00:00+00:00,,1.0004600286483765,USDT-USD,,,,,,,,,,1.000499963760376,,,,,,,,,,,,,
2022-01-02 00:00:00+00:00,,1.0001649856567383,USDT-USD,,,,,,,,,,1.0004600286483765,,,,,,,,,,,,,
2022-01-03 00:00:00+00:00,,1.0002080202102661,USDT-USD,,,,,,,,,,1.0001649856567383,,,,,,,,,,,,,
2022-01-04 00:00:00+00:00,,1.0001219511032104,USDT-USD,,,,,,,,,,1.0002080202102661,,,,,,,,,,,,,
2022-01-05 00:00:00+00:00,,1.000195026397705,USDT-USD,,,,,,,,,,1.0001219511032104,,,,,,,,,,,,,
2022-01-06 00:00:00+00:00,,1.0002520084381104,USDT-USD,,,,,,,,,,1.000195026397705,,,,,,,,,,,,,
2022-01-07 00:00:00+00:00,,1.0000970363616943,USDT-USD,,,,,,,,,,1.0002520084381104,,,,,,,,,,,,,
2022-01-08 00:00:00+00:00,,1.0002570152282715,USDT-USD,,,,,,,,,,1.0000970363616943,,,,,,,,,,,,,
2022-01-09 00:00:00+00:00,,1.000180959701538,USDT-USD,,,,,,,,,,1.0002570152282715,,,,,,,,,,,,,
2022-01-10 00:00:00+00:00,,1.0003620386123657,USDT-USD,,,,,,,,,,1.000180959701538,,,,,,,,,,,,,
2022-01-11 00:00:00+00:00,,1.000290036201477,USDT-USD,,,,,,,,,,1.0003620386123657,,,,,,,,,,,,,
2022-01-12 00:00:00+00:00,,1.000404953956604,USDT-USD,,,,,,,,,,1.000290036201477,,,,,,,,,,,,,
2022-01-13 00:00:00+00:00,,1.0002830028533936,USDT-USD,,,,,,,,,,1.000404953956604,,,,,,,,,,,,,
2022-01-14 00:00:00+00:00,,1.000641942024231,USDT-USD,,,,,,,,,,1.0002830028533936,,,,,,,,,,,,,
2022-01-15 00:00:00+00:00,,1.0004169940948486,USDT-USD,,,,,,,,,,1.000641942024231,,,,,,,,,,,,,
2022-01-16 00:00:00+00:00,,1.0003679990768433,USDT-USD,,,,,,,,,,1.0004169940948486,,,,,,,,,,,,,
2022-01-17 00:00:00+00:00,,1.0004199743270874,USDT-USD,,,,,,,,,,1.0003679990768433,,,,,,,,,,,,,
2022-01-18 00:00:00+00:00,,1.0004899501800537,USDT-USD,,,,,,,,,,1.0004199743270874,,,,,,,,,,,,,
2022-01-19 00:00:00+00:00,,1.0002570152282715,USDT-USD,,,,,,,,,,1.0004899501800537,,,,,,,,,,,,,
2022-01-20 00:00:00+00:00,,1.000177025794983,USDT-USD,,,,,,,,,,1.0002570152282715,,,,,,,,,,,,,
2022-01-21 00:00:00+00:00,,1.0001579523086548,USDT-USD,,,,,,,,,,1.000177025794983,,,,,,,,,,,,,
2022-01-22 00:00:00+00:00,,1.0004910230636597,USDT-USD,,,,,,,,,,1.0001579523086548,,,,,,,,,,,,,
2022-01-23 00:00:00+00:00,,1.0004390478134155,USDT-USD,,,,,,,,,,1.0004910230636597,,,,,,,,,,,,,
2022-01-24 00:00:00+00:00,,1.0006040334701538,USDT-USD,,,,,,,,,,1.0004390478134155,,,,,,,,,,,,,
2022-01-25 00:00:00+00:00,,1.0006300210952759,USDT-USD,,,,,,,,,,1.0006040334701538,,,,,,,,,,,,,
2022-01-26 00:00:00+00:00,,1.0003440380096436,USDT-USD,,,,,,,,,,1.0006300210952759,,,,,,,,,,,,,
2022-01-27 00:00:00+00:00,,1.00034499168396,USDT-USD,,,,,,,,,,1.0003440380096436,,,,,,,,,,,,,
2022-01-28 00:00:00+00:00,,1.0003620386123657,USDT-USD,,,,,,,,,,1.00034499168396,,,,,,,,,,,,,
2022-01-29 00:00:00+00:00,,1.0003410577774048,USDT-USD,,,,,,,,,,1.0003620386123657,,,,,,,,,,,,,
2022-01-30 00:00:00+00:00,,1.0004849433898926,USDT-USD,,,,,,,,,,1.0003410577774048,,,,,,,,,,,,,
2022-01-31 00:00:00+00:00,,1.0004260540008545,USDT-USD,,,,,,,,,,1.0004849433898926,,,,,,,,,,,,,
2022-02-01 00:00:00+00:00,,1.000380039215088,USDT-USD,,,,,,,,,,1.0004260540008545,,,,,,,,,,,,,
2022-02-02 00:00:00+00:00,,1.0003859996795654,USDT-USD,,,,,,,,,,1.000380039215088,,,,,,,,,,,,,
2022-02-03 00:00:00+00:00,,1.0005630254745483,USDT-USD,,,,,,,,,,1.0003859996795654,,,,,,,,,,,,,
2022-02-04 00:00:00+00:00,,1.000594973564148,USDT-USD,,,,,,,,,,1.0005630254745483,,,,,,,,,,,,,
2022-02-05 00:00:00+00:00,,1.0006790161132812,USDT-USD,,,,,,,,,,1.000594973564148,,,,,,,,,,,,,
2022-02-06 00:00:00+00:00,,1.0005550384521484,USDT-USD,,,,,,,,,,1.0006790161132812,,,,,,,,,,,,,
2022-02-07 00:00:00+00:00,,1.0006190538406372,USDT-USD,,,,,,,,,,1.0005550384521484,,,,,,,,,,,,,
2022-02-08 00:00:00+00:00,,1.0007439851760864,USDT-USD,,,,,,,,,,1.0006190538406372,,,,,,,,,,,,,
2022-02-09 00:00:00+00:00,,1.0007259845733643,USDT-USD,,,,,,,,,,1.0007439851760864,,,,,,,,,,,,,
2022-02-10 00:00:00+00:00,,1.000722050666809,USDT-USD,,,,,,,,,,1.0007259845733643,,,,,,,,,,,,,
2022-02-11 00:00:00+00:00,,1.000601053237915,USDT-USD,,,,,,,,,,1.000722050666809,,,,,,,,,,,,,
2022-02-12 00:00:00+00:00,,1.0004559755325317,USDT-USD,,,,,,,,,,1.000601053237915,,,,,,,,,,,,,
2022-02-13 00:00:00+00:00,,1.000512957572937,USDT-USD,,,,,,,,,,1.0004559755325317,,,,,,,,,,,,,
2022-02-14 00:00:00+00:00,,1.0005849599838257,USDT-USD,,,,,,,,,,1.000512957572937,,,,,,,,,,,,,
2022-02-15 00:00:00+00:00,,1.000396966934204,USDT-USD,,,,,,,,,,1.0005849599838257,,,,,,,,,,,,,
2022-02-16 00:00:00+00:00,,1.0005149841308594,USDT-USD,,,,,,,,,,1.000396966934204,,,,,,,,,,,,,
2022-02-17 00:00:00+00:00,,1.0005589723587036,USDT-USD,,,,,,,,,,1.0005149841308594,,,,,,,,,,,,,
2022-02-18 00:00:00+00:00,,1.0005760192871094,USDT-USD,,,,,,,,,,1.0005589723587036,,,,,,,,,,,,,
2022-02-19 00:00:00+00:00,,1.0004080533981323,USDT-USD,,,,,,,,,,1.0005760192871094,,,,,,,,,,,,,
2022-02-20 00:00:00+00:00,,1.0005019903182983,USDT-USD,,,,,,,,,,1.0004080533981323,,,,,,,,,,,,,
2022-02-21 00:00:00+00:00,,1.000704050064087,USDT-USD,,,,,,,,,,1.0005019903182983,,,,,,,,,,,,,
2022-02-22 00:00:00+00:00,,1.0004980564117432,USDT-USD,,,,,,,,,,1.000704050064087,,,,,,,,,,,,,
2022-02-23 00:00:00+00:00,,1.0006359815597534,USDT-USD,,,,,,,,,,1.0004980564117432,,,,,,,,,,,,,
2022-02-24 00:00:00+00:00,,1.000473976135254,USDT-USD,,,,,,,,,,1.0006359815597534,,,,,,,,,,,,,
2022-02-25 00:00:00+00:00,,1.000396966934204,USDT-USD,,,,,,,,,,1.000473976135254,,,,,,,,,,,,,
2022-02-26 00:00:00+00:00,,1.0004910230636597,USDT-USD,,,,,,,,,,1.000396966934204,,,,,,,,,,,,,
2022-02-27 00:00:00+00:00,,1.0003509521484375,USDT-USD,,,,,,,,,,1.0004910230636597,,,,,,,,,,,,,
2022-02-28 00:00:00+00:00,,1.0004520416259766,USDT-USD,,,,,,,,,,1.0003509521484375,,,,,,,,,,,,,
2022-03-01 00:00:00+00:00,,1.0004669427871704,USDT-USD,,,,,,,,,,1.0004520416259766,,,,,,,,,,,,,
2022-03-02 00:00:00+00:00,,1.0000170469284058,USDT-USD,,,,,,,,,,1.0004669427871704,,,,,,,,,,,,,
2022-03-03 00:00:00+00:00,,1.0001970529556274,USDT-USD,,,,,,,,,,1.0000170469284058,,,,,,,,,,,,,
2022-03-04 00:00:00+00:00,,1.0002750158309937,USDT-USD,,,,,,,,,,1.0001970529556274,,,,,,,,,,,,,
2022-03-05 00:00:00+00:00,,1.0002440214157104,USDT-USD,,,,,,,,,,1.0002750158309937,,,,,,,,,,,,,
2022-03-06 00:00:00+00:00,,1.0001230239868164,USDT-USD,,,,,,,,,,1.0002440214157104,,,,,,,,,,,,,
2022-03-07 00:00:00+00:00,,1.0002820491790771,USDT-USD,,,,,,,,,,1.0001230239868164,,,,,,,,,,,,,
2022-03-08 00:00:00+00:00,,1.0002939701080322,USDT-USD,,,,,,,,,,1.0002820491790771,,,,,,,,,,,,,
2022-03-09 00:00:00+00:00,,1.0005650520324707,USDT-USD,,,,,,,,,,1.0002939701080322,,,,,,,,,,,,,
2022-03-10 00:00:00+00:00,,1.0002000331878662,USDT-USD,,,,,,,,,,1.0005650520324707,,,,,,,,,,,,,
2022-03-11 00:00:00+00:00,,1.000080943107605,USDT-USD,,,,,,,,,,1.0002000331878662,,,,,,,,,,,,,
2022-03-12 00:00:00+00:00,,1.0001989603042603,USDT-USD,,,,,,,,,,1.000080943107605,,,,,,,,,,,,,
2022-03-13 00:00:00+00:00,,1.0002189874649048,USDT-USD,,,,,,,,,,1.0001989603042603,,,,,,,,,,,,,
2022-03-14 00:00:00+00:00,,1.0003340244293213,USDT-USD,,,,,,,,,,1.0002189874649048,,,,,,,,,,,,,
2022-03-15 00:00:00+00:00,,1.0004349946975708,USDT-USD,,,,,,,,,,1.0003340244293213,,,,,,,,,,,,,
2022-03-16 00:00:00+00:00,,1.000499963760376,USDT-USD,,,,,,,,,,1.0004349946975708,,,,,,,,,,,,,
2022-03-17 00:00:00+00:00,,1.0004830360412598,USDT-USD,,,,,,,,,,1.000499963760376,,,,,,,,,,,,,
2022-03-18 00:00:00+00:00,,1.0005099773406982,USDT-USD,,,,,,,,,,1.0004830360412598,,,,,,,,,,,,,
2022-03-19 00:00:00+00:00,,1.000427007675171,USDT-USD,,,,,,,,,,1.0005099773406982,,,,,,,,,,,,,
2022-03-20 00:00:00+00:00,,1.0003470182418823,USDT-USD,,,,,,,,,,1.000427007675171,,,,,,,,,,,,,
2022-03-21 00:00:00+00:00,,1.00033700466156,USDT-USD,,,,,,,,,,1.0003470182418823,,,,,,,,,,,,,
2022-03-22 00:00:00+00:00,,1.0004090070724487,USDT-USD,,,,,,,,,,1.00033700466156,,,,,,,,,,,,,
2022-03-23 00:00:00+00:00,,1.000599980354309,USDT-USD,,,,,,,,,,1.0004090070724487,,,,,,,,,,,,,
2022-03-24 00:00:00+00:00,,1.00040602684021,USDT-USD,,,,,,,,,,1.000599980354309,,,,,,,,,,,,,
2022-03-25 00:00:00+00:00,,1.0003609657287598,USDT-USD,,,,,,,,,,1.00040602684021,,,,,,,,,,,,,
2022-03-26 00:00:00+00:00,,1.0003759860992432,USDT-USD,,,,,,,,,,1.0003609657287598,,,,,,,,,,,,,
2022-03-27 00:00:00+00:00,,1.0004119873046875,USDT-USD,,,,,,,,,,1.0003759860992432,,,,,,,,,,,,,
2022-03-28 00:00:00+00:00,,1.0004500150680542,USDT-USD,,,,,,,,,,1.0004119873046875,,,,,,,,,,,,,
2022-03-29 00:00:00+00:00,,1.0002779960632324,USDT-USD,,,,,,,,,,1.0004500150680542,,,,,,,,,,,,,
2022-03-30 00:00:00+00:00,,1.0003039836883545,USDT-USD,,,,,,,,,,1.0002779960632324,,,,,,,,,,,,,
2022-03-31 00:00:00+00:00,,1.000357985496521,USDT-USD,,,,,,,,,,1.0003039836883545,,,,,,,,,,,,,
2022-04-01 00:00:00+00:00,,1.0003440380096436,USDT-USD,,,,,,,,,,1.000357985496521,,,,,,,,,,,,,
2022-04-02 00:00:00+00:00,,1.0002729892730713,USDT-USD,,,,,,,,,,1.0003440380096436,,,,,,,,,,,,,
2022-04-03 00:00:00+00:00,,1.0002280473709106,USDT-USD,,,,,,,,,,1.0002729892730713,,,,,,,,,,,,,
2022-04-04 00:00:00+00:00,,1.0001939535140991,USDT-USD,,,,,,,,,,1.0002280473709106,,,,,,,,,,,,,
2022-04-05 00:00:00+00:00,,1.000154972076416,USDT-USD,,,,,,,,,,1.0001939535140991,,,,,,,,,,,,,
2022-04-06 00:00:00+00:00,,1.0002620220184326,USDT-USD,,,,,,,,,,1.000154972076416,,,,,,,,,,,,,
2022-04-07 00:00:00+00:00,,1.0002880096435547,USDT-USD,,,,,,,,,,1.0002620220184326,,,,,,,,,,,,,
2022-04-08 00:00:00+00:00,,1.000372052192688,USDT-USD,,,,,,,,,,1.0002880096435547,,,,,,,,,,,,,
2022-04-09 00:00:00+00:00,,1.0002919435501099,USDT-USD,,,,,,,,,,1.000372052192688,,,,,,,,,,,,,
2022-04-10 00:00:00+00:00,,1.0003479719161987,USDT-USD,,,,,,,,,,1.0002919435501099,,,,,,,,,,,,,
2022-04-11 00:00:00+00:00,,1.0004349946975708,USDT-USD,,,,,,,,,,1.0003479719161987,,,,,,,,,,,,,
2022-04-12 00:00:00+00:00,,1.0002750158309937,USDT-USD,,,,,,,,,,1.0004349946975708,,,,,,,,,,,,,
2022-04-13 00:00:00+00:00,,1.0001269578933716,USDT-USD,,,,,,,,,,1.0002750158309937,,,,,,,,,,,,,
2022-04-14 00:00:00+00:00,,1.0002390146255493,USDT-USD,,,,,,,,,,1.0001269578933716,,,,,,,,,,,,,
2022-04-15 00:00:00+00:00,,1.0002959966659546,USDT-USD,,,,,,,,,,1.0002390146255493,,,,,,,,,,,,,
2022-04-16 00:00:00+00:00,,1.0003139972686768,USDT-USD,,,,,,,,,,1.0002959966659546,,,,,,,,,,,,,
2022-04-17 00:00:00+00:00,,1.0002180337905884,USDT-USD,,,,,,,,,,1.0003139972686768,,,,,,,,,,,,,
2022-04-18 00:00:00+00:00,,1.0003429651260376,USDT-USD,,,,,,,,,,1.0002180337905884,,,,,,,,,,,,,
2022-04-19 00:00:00+00:00,,1.000201940536499,USDT-USD,,,,,,,,,,1.0003429651260376,,,,,,,,,,,,,
2022-04-20 00:00:00+00:00,,1.0001569986343384,USDT-USD,,,,,,,,,,1.000201940536499,,,,,,,,,,,,,
2022-04-21 00:00:00+00:00,,1.0002340078353882,USDT-USD,,,,,,,,,,1.0001569986343384,,,,,,,,,,,,,
2022-04-22 00:00:00+00:00,,1.0002280473709106,USDT-USD,,,,,,,,,,1.0002340078353882,,,,,,,,,,,,,
2022-04-23 00:00:00+00:00,,1.0003440380096436,USDT-USD,,,,,,,,,,1.0002280473709106,,,,,,,,,,,,,
2022-04-24 00:00:00+00:00,,1.0001449584960938,USDT-USD,,,,,,,,,,1.0003440380096436,,,,,,,,,,,,,
2022-04-25 00:00:00+00:00,,1.000072956085205,USDT-USD,,,,,,,,,,1.0001449584960938,,,,,,,,,,,,,
2022-04-26 00:00:00+00:00,,1.0001529455184937,USDT-USD,,,,,,,,,,1.000072956085205,,,,,,,,,,,,,
2022-04-27 00:00:00+00:00,,1.0001909732818604,USDT-USD,,,,,,,,,,1.0001529455184937,,,,,,,,,,,,,
2022-04-28 00:00:00+00:00,,1.0000200271606445,USDT-USD,,,,,,,,,,1.0001909732818604,,,,,,,,,,,,,
2022-04-29 00:00:00+00:00,,1.000154972076416,USDT-USD,,,,,,,,,,1.0000200271606445,,,,,,,,,,,,,
2022-04-30 00:00:00+00:00,,1.0001130104064941,USDT-USD,,,,,,,,,,1.000154972076416,,,,,,,,,,,,,
2022-05-01 00:00:00+00:00,,0.9999549984931946,USDT-USD,,,,,,,,,,1.0001130104064941,,,,,,,,,,,,,
2022-05-02 00:00:00+00:00,,1.0000449419021606,USDT-USD,,,,,,,,,,0.9999549984931946,,,,,,,,,,,,,
2022-05-03 00:00:00+00:00,,1.0000380277633667,USDT-USD,,,,,,,,,,1.0000449419021606,,,,,,,,,,,,,
2022-05-04 00:00:00+00:00,,0.9999880194664001,USDT-USD,,,,,,,,,,1.0000380277633667,,,,,,,,,,,,,
2022-05-05 00:00:00+00:00,,0.9999819993972778,USDT-USD,,,,,,,,,,0.9999880194664001,,,,,,,,,,,,,
2022-05-06 00:00:00+00:00,,0.9999210238456726,USDT-USD,,,,,,,,,,0.9999819993972778,,,,,,,,,,,,,
2022-05-07 00:00:00+00:00,,0.9998540282249451,USDT-USD,,,,,,,,,,0.9999210238456726,,,,,,,,,,,,,
2022-05-08 00:00:00+00:00,,0.999908983707428,USDT-USD,,,,,,,,,,0.9998540282249451,,,,,,,,,,,,,
2022-05-09 00:00:00+00:00,,0.9997910261154175,USDT-USD,,,,,,,,,,0.999908983707428,,,,,,,,,,,,,
2022-05-10 00:00:00+00:00,,0.9958720207214355,USDT-USD,,,,,,,,,,0.9997910261154175,,,,,,,,,,,,,
2022-05-11 00:00:00+00:00,,0.99760901927948,USDT-USD,,,,,,,,,,0.9958720207214355,,,,,,,,,,,,,
2022-05-12 00:00:00+00:00,,0.9982389807701111,USDT-USD,,,,,,,,,,0.99760901927948,,,,,,,,,,,,,
2022-05-13 00:00:00+00:00,,0.9987800121307373,USDT-USD,,,,,,,,,,0.9982389807701111,,,,,,,,,,,,,
2022-05-14 00:00:00+00:00,,0.9990689754486084,USDT-USD,,,,,,,,,,0.9987800121307373,,,,,,,,,,,,,
2022-05-15 00:00:00+00:00,,0.9987789988517761,USDT-USD,,,,,,,,,,0.9990689754486084,,,,,,,,,,,,,
2022-05-16 00:00:00+00:00,,0.9989089965820312,USDT-USD,,,,,,,,,,0.9987789988517761,,,,,,,,,,,,,
2022-05-17 00:00:00+00:00,,0.9988020062446594,USDT-USD,,,,,,,,,,0.9989089965820312,,,,,,,,,,,,,
2022-05-18 00:00:00+00:00,,0.9989709854125977,USDT-USD,,,,,,,,,,0.9988020062446594,,,,,,,,,,,,,
2022-05-19 00:00:00+00:00,,0.9988179802894592,USDT-USD,,,,,,,,,,0.9989709854125977,,,,,,,,,,,,,
2022-05-20 00:00:00+00:00,,0.9987930059432983,USDT-USD,,,,,,,,,,0.9988179802894592,,,,,,,,,,,,,
2022-05-21 00:00:00+00:00,,0.9990659952163696,USDT-USD,,,,,,,,,,0.9987930059432983,,,,,,,,,,,,,
2022-05-22 00:00:00+00:00,,0.9990879893302917,USDT-USD,,,,,,,,,,0.9990659952163696,,,,,,,,,,,,,
2022-05-23 00:00:00+00:00,,0.9991070032119751,USDT-USD,,,,,,,,,,0.9990879893302917,,,,,,,,,,,,,
2022-05-24 00:00:00+00:00,,0.9989759922027588,USDT-USD,,,,,,,,,,0.9991070032119751,,,,,,,,,,,,,
2022-05-25 00:00:00+00:00,,0.9989070296287537,USDT-USD,,,,,,,,,,0.9989759922027588,,,,,,,,,,,,,
2022-05-26 00:00:00+00:00,,0.9988629817962646,USDT-USD,,,,,,,,,,0.9989070296287537,,,,,,,,,,,,,
2022-05-27 00:00:00+00:00,,0.9990019798278809,USDT-USD,,,,,,,,,,0.9988629817962646,,,,,,,,,,,,,
2022-05-28 00:00:00+00:00,,0.9991779923439026,USDT-USD,,,,,,,,,,0.9990019798278809,,,,,,,,,,,,,
2022-05-29 00:00:00+00:00,,0.9993759989738464,USDT-USD,,,,,,,,,,0.9991779923439026,,,,,,,,,,,,,
2022-05-30 00:00:00+00:00,,0.9993879795074463,USDT-USD,,,,,,,,,,0.9993759989738464,,,,,,,,,,,,,
2022-05-31 00:00:00+00:00,,0.9992600083351135,USDT-USD,,,,,,,,,,0.9993879795074463,,,,,,,,,,,,,
2022-06-01 00:00:00+00:00,,0.9993169903755188,USDT-USD,,,,,,,,,,0.9992600083351135,,,,,,,,,,,,,
2022-06-02 00:00:00+00:00,,0.9991700053215027,USDT-USD,,,,,,,,,,0.9993169903755188,,,,,,,,,,,,,
2022-06-03 00:00:00+00:00,,0.9993129968643188,USDT-USD,,,,,,,,,,0.9991700053215027,,,,,,,,,,,,,
2022-06-04 00:00:00+00:00,,0.9992960095405579,USDT-USD,,,,,,,,,,0.9993129968643188,,,,,,,,,,,,,
2022-06-05 00:00:00+00:00,,0.9993109703063965,USDT-USD,,,,,,,,,,0.9992960095405579,,,,,,,,,,,,,
2022-06-06 00:00:00+00:00,,0.9994140267372131,USDT-USD,,,,,,,,,,0.9993109703063965,,,,,,,,,,,,,
2022-06-07 00:00:00+00:00,,0.9992619752883911,USDT-USD,,,,,,,,,,0.9994140267372131,,,,,,,,,,,,,
2022-06-08 00:00:00+00:00,,0.99931401014328,USDT-USD,,,,,,,,,,0.9992619752883911,,,,,,,,,,,,,
2022-06-09 00:00:00+00:00,,0.999180018901825,USDT-USD,,,,,,,,,,0.99931401014328,,,,,,,,,,,,,
2022-06-10 00:00:00+00:00,,0.9990249872207642,USDT-USD,,,,,,,,,,0.999180018901825,,,,,,,,,,,,,
2022-06-11 00:00:00+00:00,,0.9990800023078918,USDT-USD,,,,,,,,,,0.9990249872207642,,,,,,,,,,,,,
2022-06-12 00:00:00+00:00,,0.9985939860343933,USDT-USD,,,,,,,,,,0.9990800023078918,,,,,,,,,,,,,
2022-06-13 00:00:00+00:00,,0.9989539980888367,USDT-USD,,,,,,,,,,0.9985939860343933,,,,,,,,,,,,,
2022-06-14 00:00:00+00:00,,0.9989420175552368,USDT-USD,,,,,,,,,,0.9989539980888367,,,,,,,,,,,,,
2022-06-15 00:00:00+00:00,,0.9989299774169922,USDT-USD,,,,,,,,,,0.9989420175552368,,,,,,,,,,,,,
2022-06-16 00:00:00+00:00,,0.9990360140800476,USDT-USD,,,,,,,,,,0.9989299774169922,,,,,,,,,,,,,
2022-06-17 00:00:00+00:00,,0.9986670017242432,USDT-USD,,,,,,,,,,0.9990360140800476,,,,,,,,,,,,,
2022-06-18 00:00:00+00:00,,0.9989690184593201,USDT-USD,,,,,,,,,,0.9986670017242432,,,,,,,,,,,,,
2022-06-19 00:00:00+00:00,,0.9989569783210754,USDT-USD,,,,,,,,,,0.9989690184593201,,,,,,,,,,,,,
2022-06-20 00:00:00+00:00,,0.9990940093994141,USDT-USD,,,,,,,,,,0.9989569783210754,,,,,,,,,,,,,
2022-06-21 00:00:00+00:00,,0.9990950226783752,USDT-USD,,,,,,,,,,0.9990940093994141,,,,,,,,,,,,,
2022-06-22 00:00:00+00:00,,0.9992799758911133,USDT-USD,,,,,,,,,,0.9990950226783752,,,,,,,,,,,,,
2022-06-23 00:00:00+00:00,,0.9993249773979187,USDT-USD,,,,,,,,,,0.9992799758911133,,,,,,,,,,,,,
2022-06-24 00:00:00+00:00,,0.9995480179786682,USDT-USD,,,,,,,,,,0.9993249773979187,,,,,,,,,,,,,
2022-06-25 00:00:00+00:00,,0.9993979930877686,USDT-USD,,,,,,,,,,0.9995480179786682,,,,,,,,,,,,,
2022-06-26 00:00:00+00:00,,0.9990919828414917,USDT-USD,,,,,,,,,,0.9993979930877686,,,,,,,,,,,,,
2022-06-27 00:00:00+00:00,,0.9988319873809814,USDT-USD,,,,,,,,,,0.9990919828414917,,,,,,,,,,,,,
2022-06-28 00:00:00+00:00,,0.9988840222358704,USDT-USD,,,,,,,,,,0.9988319873809814,,,,,,,,,,,,,
2022-06-29 00:00:00+00:00,,0.9988189935684204,USDT-USD,,,,,,,,,,0.9988840222358704,,,,,,,,,,,,,
2022-06-30 00:00:00+00:00,,0.9988669753074646,USDT-USD,,,,,,,,,,0.9988189935684204,,,,,,,,,,,,,
2022-07-01 00:00:00+00:00,,0.998960018157959,USDT-USD,,,,,,,,,,0.9988669753074646,,,,,,,,,,,,,
2022-07-02 00:00:00+00:00,,0.9990779757499695,USDT-USD,,,,,,,,,,0.998960018157959,,,,,,,,,,,,,
2022-07-03 00:00:00+00:00,,0.9991090297698975,USDT-USD,,,,,,,,,,0.9990779757499695,,,,,,,,,,,,,
2022-07-04 00:00:00+00:00,,0.9990919828414917,USDT-USD,,,,,,,,,,0.9991090297698975,,,,,,,,,,,,,
2022-07-05 00:00:00+00:00,,0.999098002910614,USDT-USD,,,,,,,,,,0.9990919828414917,,,,,,,,,,,,,
2022-07-06 00:00:00+00:00,,0.9994459748268127,USDT-USD,,,,,,,,,,0.999098002910614,,,,,,,,,,,,,
2022-07-07 00:00:00+00:00,,0.9994180202484131,USDT-USD,,,,,,,,,,0.9994459748268127,,,,,,,,,,,,,
2022-07-08 00:00:00+00:00,,0.999538004398346,USDT-USD,,,,,,,,,,0.9994180202484131,,,,,,,,,,,,,
2022-07-09 00:00:00+00:00,,0.9994649887084961,USDT-USD,,,,,,,,,,0.999538004398346,,,,,,,,,,,,,
2022-07-10 00:00:00+00:00,,0.9992250204086304,USDT-USD,,,,,,,,,,0.9994649887084961,,,,,,,,,,,,,
2022-07-11 00:00:00+00:00,,0.9993429780006409,USDT-USD,,,,,,,,,,0.9992250204086304,,,,,,,,,,,,,
2022-07-12 00:00:00+00:00,,0.9993839859962463,USDT-USD,,,,,,,,,,0.9993429780006409,,,,,,,,,,,,,
2022-07-13 00:00:00+00:00,,0.9994069933891296,USDT-USD,,,,,,,,,,0.9993839859962463,,,,,,,,,,,,,
2022-07-14 00:00:00+00:00,,0.999705970287323,USDT-USD,,,,,,,,,,0.9994069933891296,,,,,,,,,,,,,
2022-07-15 00:00:00+00:00,,0.9997739791870117,USDT-USD,,,,,,,,,,0.999705970287323,,,,,,,,,,,,,
2022-07-16 00:00:00+00:00,,0.9997339844703674,USDT-USD,,,,,,,,,,0.9997739791870117,,,,,,,,,,,,,
2022-07-17 00:00:00+00:00,,0.9997770190238953,USDT-USD,,,,,,,,,,0.9997339844703674,,,,,,,,,,,,,
2022-07-18 00:00:00+00:00,,1.0000920295715332,USDT-USD,,,,,,,,,,0.9997770190238953,,,,,,,,,,,,,
2022-07-19 00:00:00+00:00,,1.000067949295044,USDT-USD,,,,,,,,,,1.0000920295715332,,,,,,,,,,,,,
2022-07-20 00:00:00+00:00,,1.0000799894332886,USDT-USD,,,,,,,,,,1.000067949295044,,,,,,,,,,,,,
2022-07-21 00:00:00+00:00,,1.0000519752502441,USDT-USD,,,,,,,,,,1.0000799894332886,,,,,,,,,,,,,
2022-07-22 00:00:00+00:00,,1.0000360012054443,USDT-USD,,,,,,,,,,1.0000519752502441,,,,,,,,,,,,,
2022-07-23 00:00:00+00:00,,1.000035047531128,USDT-USD,,,,,,,,,,1.0000360012054443,,,,,,,,,,,,,
2022-07-24 00:00:00+00:00,,1.0000619888305664,USDT-USD,,,,,,,,,,1.000035047531128,,,,,,,,,,,,,
2022-07-25 00:00:00+00:00,,1.000046968460083,USDT-USD,,,,,,,,,,1.0000619888305664,,,,,,,,,,,,,
2022-07-26 00:00:00+00:00,,1.0002739429473877,USDT-USD,,,,,,,,,,1.000046968460083,,,,,,,,,,,,,
2022-07-27 00:00:00+00:00,,1.0002000331878662,USDT-USD,,,,,,,,,,1.0002739429473877,,,,,,,,,,,,,
2022-07-28 00:00:00+00:00,,1.000311017036438,USDT-USD,,,,,,,,,,1.0002000331878662,,,,,,,,,,,,,
2022-07-29 00:00:00+00:00,,1.000288963317871,USDT-USD,,,,,,,,,,1.000311017036438,,,,,,,,,,,,,
2022-07-30 00:00:00+00:00,,1.0003279447555542,USDT-USD,,,,,,,,,,1.000288963317871,,,,,,,,,,,,,
2022-07-31 00:00:00+00:00,,1.0002039670944214,USDT-USD,,,,,,,,,,1.0003279447555542,,,,,,,,,,,,,
2022-08-01 00:00:00+00:00,,1.0001590251922607,USDT-USD,,,,,,,,,,1.0002039670944214,,,,,,,,,,,,,
2022-08-02 00:00:00+00:00,,1.0002039670944214,USDT-USD,,,,,,,,,,1.0001590251922607,,,,,,,,,,,,,
2022-08-03 00:00:00+00:00,,1.0001330375671387,USDT-USD,,,,,,,,,,1.0002039670944214,,,,,,,,,,,,,
2022-08-04 00:00:00+00:00,,1.0000419616699219,USDT-USD,,,,,,,,,,1.0001330375671387,,,,,,,,,,,,,
2022-08-05 00:00:00+00:00,,1.0001250505447388,USDT-USD,,,,,,,,,,1.0000419616699219,,,,,,,,,,,,,
2022-08-06 00:00:00+00:00,,1.0001440048217773,USDT-USD,,,,,,,,,,1.0001250505447388,,,,,,,,,,,,,
2022-08-07 00:00:00+00:00,,1.000177025794983,USDT-USD,,,,,,,,,,1.0001440048217773,,,,,,,,,,,,,
2022-08-08 00:00:00+00:00,,1.0002089738845825,USDT-USD,,,,,,,,,,1.000177025794983,,,,,,,,,,,,,
2022-08-09 00:00:00+00:00,,1.0002529621124268,USDT-USD,,,,,,,,,,1.0002089738845825,,,,,,,,,,,,,
2022-08-10 00:00:00+00:00,,1.00040602684021,USDT-USD,,,,,,,,,,1.0002529621124268,,,,,,,,,,,,,
2022-08-11 00:00:00+00:00,,1.0003360509872437,USDT-USD,,,,,,,,,,1.00040602684021,,,,,,,,,,,,,
2022-08-12 00:00:00+00:00,,1.0003759860992432,USDT-USD,,,,,,,,,,1.0003360509872437,,,,,,,,,,,,,
2022-08-13 00:00:00+00:00,,1.000270962715149,USDT-USD,,,,,,,,,,1.0003759860992432,,,,,,,,,,,,,
2022-08-14 00:00:00+00:00,,1.0001740455627441,USDT-USD,,,,,,,,,,1.000270962715149,,,,,,,,,,,,,
2022-08-15 00:00:00+00:00,,1.0001150369644165,USDT-USD,,,,,,,,,,1.0001740455627441,,,,,,,,,,,,,
2022-08-16 00:00:00+00:00,,1.000072956085205,USDT-USD,,,,,,,,,,1.0001150369644165,,,,,,,,,,,,,
2022-08-17 00:00:00+00:00,,0.9999989867210388,USDT-USD,,,,,,,,,,1.000072956085205,,,,,,,,,,,,,
2022-08-18 00:00:00+00:00,,1.000059962272644,USDT-USD,,,,,,,,,,0.9999989867210388,,,,,,,,,,,,,
2022-08-19 00:00:00+00:00,,0.9999740123748779,USDT-USD,,,,,,,,,,1.000059962272644,,,,,,,,,,,,,
2022-08-20 00:00:00+00:00,,0.9999939799308777,USDT-USD,,,,,,,,,,0.9999740123748779,,,,,,,,,,,,,
2022-08-21 00:00:00+00:00,,0.9999840259552002,USDT-USD,,,,,,,,,,0.9999939799308777,,,,,,,,,,,,,
2022-08-22 00:00:00+00:00,,0.9999920129776001,USDT-USD,,,,,,,,,,0.9999840259552002,,,,,,,,,,,,,
2022-08-23 00:00:00+00:00,,1.000038981437683,USDT-USD,,,,,,,,,,0.9999920129776001,,,,,,,,,,,,,
2022-08-24 00:00:00+00:00,,1.0000799894332886,USDT-USD,,,,,,,,,,1.000038981437683,,,,,,,,,,,,,
2022-08-25 00:00:00+00:00,,1.0000430345535278,USDT-USD,,,,,,,,,,1.0000799894332886,,,,,,,,,,,,,
2022-08-26 00:00:00+00:00,,1.0000189542770386,USDT-USD,,,,,,,,,,1.0000430345535278,,,,,,,,,,,,,
2022-08-27 00:00:00+00:00,,1.0000280141830444,USDT-USD,,,,,,,,,,1.0000189542770386,,,,,,,,,,,,,
2022-08-28 00:00:00+00:00,,1.0000319480895996,USDT-USD,,,,,,,,,,1.0000280141830444,,,,,,,,,,,,,
2022-08-29 00:00:00+00:00,,1.000080943107605,USDT-USD,,,,,,,,,,1.0000319480895996,,,,,,,,,,,,,
2022-08-30 00:00:00+00:00,,1.0000159740447998,USDT-USD,,,,,,,,,,1.000080943107605,,,,,,,,,,,,,
2022-08-31 00:00:00+00:00,,1.0000100135803223,USDT-USD,,,,,,,,,,1.0000159740447998,,,,,,,,,,,,,
2022-09-01 00:00:00+00:00,,1.0000890493392944,USDT-USD,,,,,,,,,,1.0000100135803223,,,,,,,,,,,,,
2022-09-02 00:00:00+00:00,,1.000074028968811,USDT-USD,,,,,,,,,,1.0000890493392944,,,,,,,,,,,,,
2022-09-03 00:00:00+00:00,,1.00006103515625,USDT-USD,,,,,,,,,,1.000074028968811,,,,,,,,,,,,,
2022-09-04 00:00:00+00:00,,1.0000380277633667,USDT-USD,,,,,,,,,,1.00006103515625,,,,,,,,,,,,,
2022-09-05 00:00:00+00:00,,1.0000489950180054,USDT-USD,,,,,,,,,,1.0000380277633667,,,,,,,,,,,,,
2022-09-06 00:00:00+00:00,,1.0001089572906494,USDT-USD,,,,,,,,,,1.0000489950180054,,,,,,,,,,,,,
2022-09-07 00:00:00+00:00,,1.0001020431518555,USDT-USD,,,,,,,,,,1.0001089572906494,,,,,,,,,,,,,
2022-09-08 00:00:00+00:00,,1.0002349615097046,USDT-USD,,,,,,,,,,1.0001020431518555,,,,,,,,,,,,,
2022-09-09 00:00:00+00:00,,1.0002809762954712,USDT-USD,,,,,,,,,,1.0002349615097046,,,,,,,,,,,,,
2022-09-10 00:00:00+00:00,,1.00027596950531,USDT-USD,,,,,,,,,,1.0002809762954712,,,,,,,,,,,,,
2022-09-11 00:00:00+00:00,,1.0002039670944214,USDT-USD,,,,,,,,,,1.00027596950531,,,,,,,,,,,,,
2022-09-12 00:00:00+00:00,,1.0000250339508057,USDT-USD,,,,,,,,,,1.0002039670944214,,,,,,,,,,,,,
2022-09-13 00:00:00+00:00,,1.000141978263855,USDT-USD,,,,,,,,,,1.0000250339508057,,,,,,,,,,,,,
2022-09-14 00:00:00+00:00,,1.0000029802322388,USDT-USD,,,,,,,,,,1.000141978263855,,,,,,,,,,,,,
2022-09-15 00:00:00+00:00,,0.9999809861183167,USDT-USD,,,,,,,,,,1.0000029802322388,,,,,,,,,,,,,
2022-09-16 00:00:00+00:00,,1.0000979900360107,USDT-USD,,,,,,,,,,0.9999809861183167,,,,,,,,,,,,,
2022-09-17 00:00:00+00:00,,1.0000230073928833,USDT-USD,,,,,,,,,,1.0000979900360107,,,,,,,,,,,,,
2022-09-18 00:00:00+00:00,,1.0001059770584106,USDT-USD,,,,,,,,,,1.0000230073928833,,,,,,,,,,,,,
2022-09-19 00:00:00+00:00,,1.000059962272644,USDT-USD,,,,,,,,,,1.0001059770584106,,,,,,,,,,,,,
2022-09-20 00:00:00+00:00,,1.0000859498977661,USDT-USD,,,,,,,,,,1.000059962272644,,,,,,,,,,,,,
2022-09-21 00:00:00+00:00,,0.9999840259552002,USDT-USD,,,,,,,,,,1.0000859498977661,,,,,,,,,,,,,
2022-09-22 00:00:00+00:00,,0.9999809861183167,USDT-USD,,,,,,,,,,0.9999840259552002,,,,,,,,,,,,,
2022-09-23 00:00:00+00:00,,1.0000499486923218,USDT-USD,,,,,,,,,,0.9999809861183167,,,,,,,,,,,,,
2022-09-24 00:00:00+00:00,,1.000054955482483,USDT-USD,,,,,,,,,,1.0000499486923218,,,,,,,,,,,,,
2022-09-25 00:00:00+00:00,,0.9999899864196777,USDT-USD,,,,,,,,,,1.000054955482483,,,,,,,,,,,,,
2022-09-26 00:00:00+00:00,,0.9999799728393555,USDT-USD,,,,,,,,,,0.9999899864196777,,,,,,,,,,,,,
2022-09-27 00:00:00+00:00,,0.9999759793281555,USDT-USD,,,,,,,,,,0.9999799728393555,,,,,,,,,,,,,
2022-09-28 00:00:00+00:00,,1.0000790357589722,USDT-USD,,,,,,,,,,0.9999759793281555,,,,,,,,,,,,,
2022-09-29 00:00:00+00:00,,1.0000489950180054,USDT-USD,,,,,,,,,,1.0000790357589722,,,,,,,,,,,,,
2022-09-30 00:00:00+00:00,,1.0000430345535278,USDT-USD,,,,,,,,,,1.0000489950180054,,,,,,,,,,,,,
2022-10-01 00:00:00+00:00,,1.000059962272644,USDT-USD,,,,,,,,,,1.0000430345535278,,,,,,,,,,,,,
2022-10-02 00:00:00+00:00,,1.0000890493392944,USDT-USD,,,,,,,,,,1.000059962272644,,,,,,,,,,,,,
2022-10-03 00:00:00+00:00,,1.000251054763794,USDT-USD,,,,,,,,,,1.0000890493392944,,,,,,,,,,,,,
2022-10-04 00:00:00+00:00,,1.0001089572906494,USDT-USD,,,,,,,,,,1.000251054763794,,,,,,,,,,,,,
2022-10-05 00:00:00+00:00,,1.000143051147461,USDT-USD,,,,,,,,,,1.0001089572906494,,,,,,,,,,,,,
2022-10-06 00:00:00+00:00,,1.0001219511032104,USDT-USD,,,,,,,,,,1.000143051147461,,,,,,,,,,,,,
2022-10-07 00:00:00+00:00,,1.0000829696655273,USDT-USD,,,,,,,,,,1.0001219511032104,,,,,,,,,,,,,
2022-10-08 00:00:00+00:00,,1.0001579523086548,USDT-USD,,,,,,,,,,1.0000829696655273,,,,,,,,,,,,,
2022-10-09 00:00:00+00:00,,1.0000180006027222,USDT-USD,,,,,,,,,,1.0001579523086548,,,,,,,,,,,,,
2022-10-10 00:00:00+00:00,,0.9999009966850281,USDT-USD,,,,,,,,,,1.0000180006027222,,,,,,,,,,,,,
2022-10-11 00:00:00+00:00,,0.9999920129776001,USDT-USD,,,,,,,,,,0.9999009966850281,,,,,,,,,,,,,
2022-10-12 00:00:00+00:00,,1.0000790357589722,USDT-USD,,,,,,,,,,0.9999920129776001,,,,,,,,,,,,,
2022-10-13 00:00:00+00:00,,1.000074028968811,USDT-USD,,,,,,,,,,1.0000790357589722,,,,,,,,,,,,,
2022-10-14 00:00:00+00:00,,1.000087022781372,USDT-USD,,,,,,,,,,1.000074028968811,,,,,,,,,,,,,
2022-10-15 00:00:00+00:00,,1.0000569820404053,USDT-USD,,,,,,,,,,1.000087022781372,,,,,,,,,,,,,
2022-10-16 00:00:00+00:00,,1.00006902217865,USDT-USD,,,,,,,,,,1.0000569820404053,,,,,,,,,,,,,
2022-10-17 00:00:00+00:00,,1.0001059770584106,USDT-USD,,,,,,,,,,1.00006902217865,,,,,,,,,,,,,
2022-10-18 00:00:00+00:00,,1.000059962272644,USDT-USD,,,,,,,,,,1.0001059770584106,,,,,,,,,,,,,
2022-10-19 00:00:00+00:00,,0.9999939799308777,USDT-USD,,,,,,,,,,1.000059962272644,,,,,,,,,,,,,
2022-10-20 00:00:00+00:00,,1.0001230239868164,USDT-USD,,,,,,,,,,0.9999939799308777,,,,,,,,,,,,,
2022-10-21 00:00:00+00:00,,1.0000849962234497,USDT-USD,,,,,,,,,,1.0001230239868164,,,,,,,,,,,,,
2022-10-22 00:00:00+00:00,,1.0000770092010498,USDT-USD,,,,,,,,,,1.0000849962234497,,,,,,,,,,,,,
2022-10-23 00:00:00+00:00,,1.0000569820404053,USDT-USD,,,,,,,,,,1.0000770092010498,,,,,,,,,,,,,
2022-10-24 00:00:00+00:00,,1.0002080202102661,USDT-USD,,,,,,,,,,1.0000569820404053,,,,,,,,,,,,,
2022-10-25 00:00:00+00:00,,1.0001989603042603,USDT-USD,,,,,,,,,,1.0002080202102661,,,,,,,,,,,,,
2022-10-26 00:00:00+00:00,,1.0000920295715332,USDT-USD,,,,,,,,,,1.0001989603042603,,,,,,,,,,,,,
2022-10-27 00:00:00+00:00,,1.0001460313796997,USDT-USD,,,,,,,,,,1.0000920295715332,,,,,,,,,,,,,
2022-10-28 00:00:00+00:00,,1.0002260208129883,USDT-USD,,,,,,,,,,1.0001460313796997,,,,,,,,,,,,,
2022-10-29 00:00:00+00:00,,1.0001790523529053,USDT-USD,,,,,,,,,,1.0002260208129883,,,,,,,,,,,,,
2022-10-30 00:00:00+00:00,,0.9999470114707947,USDT-USD,,,,,,,,,,1.0001790523529053,,,,,,,,,,,,,
2022-10-31 00:00:00+00:00,,0.9999240040779114,USDT-USD,,,,,,,,,,0.9999470114707947,,,,,,,,,,,,,
2022-11-01 00:00:00+00:00,,0.9999960064888,USDT-USD,,,,,,,,,,0.9999240040779114,,,,,,,,,,,,,
2022-11-02 00:00:00+00:00,,1.0000070333480835,USDT-USD,,,,,,,,,,0.9999960064888,,,,,,,,,,,,,
2022-11-03 00:00:00+00:00,,1.0000760555267334,USDT-USD,,,,,,,,,,1.0000070333480835,,,,,,,,,,,,,
2022-11-04 00:00:00+00:00,,1.0001189708709717,USDT-USD,,,,,,,,,,1.0000760555267334,,,,,,,,,,,,,
2022-11-05 00:00:00+00:00,,1.0000900030136108,USDT-USD,,,,,,,,,,1.0001189708709717,,,,,,,,,,,,,
2022-11-06 00:00:00+00:00,,1.0000940561294556,USDT-USD,,,,,,,,,,1.0000900030136108,,,,,,,,,,,,,
2022-11-07 00:00:00+00:00,,1.0000319480895996,USDT-USD,,,,,,,,,,1.0000940561294556,,,,,,,,,,,,,
2022-11-08 00:00:00+00:00,,0.9986000061035156,USDT-USD,,,,,,,,,,1.0000319480895996,,,,,,,,,,,,,
2022-11-09 00:00:00+00:00,,0.9978349804878235,USDT-USD,,,,,,,,,,0.9986000061035156,,,,,,,,,,,,,
2022-11-10 00:00:00+00:00,,0.9982179999351501,USDT-USD,,,,,,,,,,0.9978349804878235,,,,,,,,,,,,,
2022-11-11 00:00:00+00:00,,0.9986159801483154,USDT-USD,,,,,,,,,,0.9982179999351501,,,,,,,,,,,,,
2022-11-12 00:00:00+00:00,,0.9987549781799316,USDT-USD,,,,,,,,,,0.9986159801483154,,,,,,,,,,,,,
2022-11-13 00:00:00+00:00,,0.9990130066871643,USDT-USD,,,,,,,,,,0.9987549781799316,,,,,,,,,,,,,
2022-11-14 00:00:00+00:00,,0.9991300106048584,USDT-USD,,,,,,,,,,0.9990130066871643,,,,,,,,,,,,,
2022-11-15 00:00:00+00:00,,0.9992290139198303,USDT-USD,,,,,,,,,,0.9991300106048584,,,,,,,,,,,,,
2022-11-16 00:00:00+00:00,,0.9994019865989685,USDT-USD,,,,,,,,,,0.9992290139198303,,,,,,,,,,,,,
2022-11-17 00:00:00+00:00,,0.9991629719734192,USDT-USD,,,,,,,,,,0.9994019865989685,,,,,,,,,,,,,
2022-11-18 00:00:00+00:00,,0.999101996421814,USDT-USD,,,,,,,,,,0.9991629719734192,,,,,,,,,,,,,
2022-11-19 00:00:00+00:00,,0.9989820122718811,USDT-USD,,,,,,,,,,0.999101996421814,,,,,,,,,,,,,
2022-11-20 00:00:00+00:00,,0.9990890026092529,USDT-USD,,,,,,,,,,0.9989820122718811,,,,,,,,,,,,,
2022-11-21 00:00:00+00:00,,0.9991570115089417,USDT-USD,,,,,,,,,,0.9990890026092529,,,,,,,,,,,,,
2022-11-22 00:00:00+00:00,,0.9991940259933472,USDT-USD,,,,,,,,,,0.9991570115089417,,,,,,,,,,,,,
2022-11-23 00:00:00+00:00,,0.9994210004806519,USDT-USD,,,,,,,,,,0.9991940259933472,,,,,,,,,,,,,
2022-11-24 00:00:00+00:00,,0.9995779991149902,USDT-USD,,,,,,,,,,0.9994210004806519,,,,,,,,,,,,,
2022-11-25 00:00:00+00:00,,0.9995740056037903,USDT-USD,,,,,,,,,,0.9995779991149902,,,,,,,,,,,,,
2022-11-26 00:00:00+00:00,,0.9996039867401123,USDT-USD,,,,,,,,,,0.9995740056037903,,,,,,,,,,,,,
2022-11-27 00:00:00+00:00,,0.9996619820594788,USDT-USD,,,,,,,,,,0.9996039867401123,,,,,,,,,,,,,
2022-11-28 00:00:00+00:00,,0.9997439980506897,USDT-USD,,,,,,,,,,0.9996619820594788,,,,,,,,,,,,,
2022-11-29 00:00:00+00:00,,1.0000150203704834,USDT-USD,,,,,,,,,,0.9997439980506897,,,,,,,,,,,,,
2022-11-30 00:00:00+00:00,,1.0000439882278442,USDT-USD,,,,,,,,,,1.0000150203704834,,,,,,,,,,,,,
2022-12-01 00:00:00+00:00,,1.0000649690628052,USDT-USD,,,,,,,,,,1.0000439882278442,,,,,,,,,,,,,
2022-12-02 00:00:00+00:00,,1.00006103515625,USDT-USD,,,,,,,,,,1.0000649690628052,,,,,,,,,,,,,
2022-12-03 00:00:00+00:00,,1.0001200437545776,USDT-USD,,,,,,,,,,1.00006103515625,,,,,,,,,,,,,
2022-12-04 00:00:00+00:00,,1.0000540018081665,USDT-USD,,,,,,,,,,1.0001200437545776,,,,,,,,,,,,,
2022-12-05 00:00:00+00:00,,1.0000770092010498,USDT-USD,,,,,,,,,,1.0000540018081665,,,,,,,,,,,,,
2022-12-06 00:00:00+00:00,,1.0000020265579224,USDT-USD,,,,,,,,,,1.0000770092010498,,,,,,,,,,,,,
2022-12-07 00:00:00+00:00,,1.0001269578933716,USDT-USD,,,,,,,,,,1.0000020265579224,,,,,,,,,,,,,
2022-12-08 00:00:00+00:00,,1.0000569820404053,USDT-USD,,,,,,,,,,1.0001269578933716,,,,,,,,,,,,,
2022-12-09 00:00:00+00:00,,1.0000460147857666,USDT-USD,,,,,,,,,,1.0000569820404053,,,,,,,,,,,,,
2022-12-10 00:00:00+00:00,,1.0000779628753662,USDT-USD,,,,,,,,,,1.0000460147857666,,,,,,,,,,,,,
2022-12-11 00:00:00+00:00,,1.0001070499420166,USDT-USD,,,,,,,,,,1.0000779628753662,,,,,,,,,,,,,
2022-12-12 00:00:00+00:00,,1.0000170469284058,USDT-USD,,,,,,,,,,1.0001070499420166,,,,,,,,,,,,,
2022-12-13 00:00:00+00:00,,1.0001050233840942,USDT-USD,,,,,,,,,,1.0000170469284058,,,,,,,,,,,,,
2022-12-14 00:00:00+00:00,,1.0000779628753662,USDT-USD,,,,,,,,,,1.0001050233840942,,,,,,,,,,,,,
2022-12-15 00:00:00+00:00,,1.0001569986343384,USDT-USD,,,,,,,,,,1.0000779628753662,,,,,,,,,,,,,
2022-12-16 00:00:00+00:00,,1.000161051750183,USDT-USD,,,,,,,,,,1.0001569986343384,,,,,,,,,,,,,
2022-12-17 00:00:00+00:00,,1.000154972076416,USDT-USD,,,,,,,,,,1.000161051750183,,,,,,,,,,,,,
2022-12-18 00:00:00+00:00,,1.0000799894332886,USDT-USD,,,,,,,,,,1.000154972076416,,,,,,,,,,,,,
2022-12-19 00:00:00+00:00,,1.0001109838485718,USDT-USD,,,,,,,,,,1.0000799894332886,,,,,,,,,,,,,
2022-12-20 00:00:00+00:00,,1.0000770092010498,USDT-USD,,,,,,,,,,1.0001109838485718,,,,,,,,,,,,,
2022-12-21 00:00:00+00:00,,1.0000109672546387,USDT-USD,,,,,,,,,,1.0000770092010498,,,,,,,,,,,,,
2022-12-22 00:00:00+00:00,,0.9999809861183167,USDT-USD,,,,,,,,,,1.0000109672546387,,,,,,,,,,,,,
2022-12-23 00:00:00+00:00,,0.9999920129776001,USDT-USD,,,,,,,,,,0.9999809861183167,,,,,,,,,,,,,
2022-12-24 00:00:00+00:00,,0.9999430179595947,USDT-USD,,,,,,,,,,0.9999920129776001,,,,,,,,,,,,,
2022-12-25 00:00:00+00:00,,0.9999949932098389,USDT-USD,,,,,,,,,,0.9999430179595947,,,,,,,,,,,,,
2022-12-26 00:00:00+00:00,,0.9998499751091003,USDT-USD,,,,,,,,,,0.9999949932098389,,,,,,,,,,,,,
2022-12-27 00:00:00+00:00,,0.9996860027313232,USDT-USD,,,,,,,,,,0.9998499751091003,,,,,,,,,,,,,
2022-12-28 00:00:00+00:00,,0.9997349977493286,USDT-USD,,,,,,,,,,0.9996860027313232,,,,,,,,,,,,,
2022-12-29 00:00:00+00:00,,0.99965900182724,USDT-USD,,,,,,,,,,0.9997349977493286,,,,,,,,,,,,,
2022-12-30 00:00:00+00:00,,0.9996740221977234,USDT-USD,,,,,,,,,,0.99965900182724,,,,,,,,,,,,,
2022-12-31 00:00:00+00:00,,,USDT-USD,,,,,,,,,,0.9996740221977234,,,,,,,,,,,,,
2022-01-01 00:00:00+00:00,,47344.5078125,WBTC-USD,,,,,,,,,,,47578.89453125,,,,,,,,,,,,
2022-01-02 00:00:00+00:00,,46453.05078125,WBTC-USD,,,,,,,,,,,47344.5078125,,,,,,,,,,,,
2022-01-03 00:00:00+00:00,,46118.42578125,WBTC-USD,,,,,,,,,,,46453.05078125,,,,,,,,,,,,
2022-01-04 00:00:00+00:00,,43593.87890625,WBTC-USD,,,,,,,,,,,46118.42578125,,,,,,,,,,,,
2022-01-05 00:00:00+00:00,,43149.34765625,WBTC-USD,,,,,,,,,,,43593.87890625,,,,,,,,,,,,
2022-01-06 00:00:00+00:00,,41612.62109375,WBTC-USD,,,,,,,,,,,43149.34765625,,,,,,,,,,,,
2022-01-07 00:00:00+00:00,,41777.4140625,WBTC-USD,,,,,,,,,,,41612.62109375,,,,,,,,,,,,
2022-01-08 00:00:00+00:00,,42006.21875,WBTC-USD,,,,,,,,,,,41777.4140625,,,,,,,,,,,,
2022-01-09 00:00:00+00:00,,41694.1875,WBTC-USD,,,,,,,,,,,42006.21875,,,,,,,,,,,,
2022-01-10 00:00:00+00:00,,42746.75390625,WBTC-USD,,,,,,,,,,,41694.1875,,,,,,,,,,,,
2022-01-11 00:00:00+00:00,,43894.32421875,WBTC-USD,,,,,,,,,,,42746.75390625,,,,,,,,,,,,
2022-01-12 00:00:00+00:00,,42638.125,WBTC-USD,,,,,,,,,,,43894.32421875,,,,,,,,,,,,
2022-01-13 00:00:00+00:00,,43113.0390625,WBTC-USD,,,,,,,,,,,42638.125,,,,,,,,,,,,
2022-01-14 00:00:00+00:00,,43219.3203125,WBTC-USD,,,,,,,,,,,43113.0390625,,,,,,,,,,,,
2022-01-15 00:00:00+00:00,,43166.1953125,WBTC-USD,,,,,,,,,,,43219.3203125,,,,,,,,,,,,
2022-01-16 00:00:00+00:00,,42171.62890625,WBTC-USD,,,,,,,,,,,43166.1953125,,,,,,,,,,,,
2022-01-17 00:00:00+00:00,,42323.5625,WBTC-USD,,,,,,,,,,,42171.62890625,,,,,,,,,,,,
2022-01-18 00:00:00+00:00,,41716.42578125,WBTC-USD,,,,,,,,,,,42323.5625,,,,,,,,,,,,
2022-01-19 00:00:00+00:00,,40832.671875,WBTC-USD,,,,,,,,,,,41716.42578125,,,,,,,,,,,,
2022-01-20 00:00:00+00:00,,36460.8046875,WBTC-USD,,,,,,,,,,,40832.671875,,,,,,,,,,,,
2022-01-21 00:00:00+00:00,,35018.86328125,WBTC-USD,,,,,,,,,,,36460.8046875,,,,,,,,,,,,
2022-01-22 00:00:00+00:00,,36278.64453125,WBTC-USD,,,,,,,,,,,35018.86328125,,,,,,,,,,,,
2022-01-23 00:00:00+00:00,,36672.015625,WBTC-USD,,,,,,,,,,,36278.64453125,,,,,,,,,,,,
2022-01-24 00:00:00+00:00,,36965.53515625,WBTC-USD,,,,,,,,,,,36672.015625,,,,,,,,,,,,
2022-01-25 00:00:00+00:00,,36820.75,WBTC-USD,,,,,,,,,,,36965.53515625,,,,,,,,,,,,
2022-01-26 00:00:00+00:00,,36999.63671875,WBTC-USD,,,,,,,,,,,36820.75,,,,,,,,,,,,
2022-01-27 00:00:00+00:00,,37831.421875,WBTC-USD,,,,,,,,,,,36999.63671875,,,,,,,,,,,,
2022-01-28 00:00:00+00:00,,38143.3515625,WBTC-USD,,,,,,,,,,,37831.421875,,,,,,,,,,,,
2022-01-29 00:00:00+00:00,,37961.93359375,WBTC-USD,,,,,,,,,,,38143.3515625,,,,,,,,,,,,
2022-01-30 00:00:00+00:00,,38464.19140625,WBTC-USD,,,,,,,,,,,37961.93359375,,,,,,,,,,,,
2022-01-31 00:00:00+00:00,,38764.1796875,WBTC-USD,,,,,,,,,,,38464.19140625,,,,,,,,,,,,
2022-02-01 00:00:00+00:00,,36993.66796875,WBTC-USD,,,,,,,,,,,38764.1796875,,,,,,,,,,,,
2022-02-02 00:00:00+00:00,,37016.140625,WBTC-USD,,,,,,,,,,,36993.66796875,,,,,,,,,,,,
2022-02-03 00:00:00+00:00,,41192.4453125,WBTC-USD,,,,,,,,,,,37016.140625,,,,,,,,,,,,
2022-02-04 00:00:00+00:00,,41467.53515625,WBTC-USD,,,,,,,,,,,41192.4453125,,,,,,,,,,,,
2022-02-05 00:00:00+00:00,,42249.07421875,WBTC-USD,,,,,,,,,,,41467.53515625,,,,,,,,,,,,
2022-02-06 00:00:00+00:00,,43848.54296875,WBTC-USD,,,,,,,,,,,42249.07421875,,,,,,,,,,,,
2022-02-07 00:00:00+00:00,,44084.83203125,WBTC-USD,,,,,,,,,,,43848.54296875,,,,,,,,,,,,
2022-02-08 00:00:00+00:00,,44407.0390625,WBTC-USD,,,,,,,,,,,44084.83203125,,,,,,,,,,,,
2022-02-09 00:00:00+00:00,,43520.98828125,WBTC-USD,,,,,,,,,,,44407.0390625,,,,,,,,,,,,
2022-02-10 00:00:00+00:00,,42370.7265625,WBTC-USD,,,,,,,,,,,43520.98828125,,,,,,,,,,,,
2022-02-11 00:00:00+00:00,,42142.625,WBTC-USD,,,,,,,,,,,42370.7265625,,,,,,,,,,,,
2022-02-12 00:00:00+00:00,,42211.69140625,WBTC-USD,,,,,,,,,,,42142.625,,,,,,,,,,,,
2022-02-13 00:00:00+00:00,,42564.40234375,WBTC-USD,,,,,,,,,,,42211.69140625,,,,,,,,,,,,
2022-02-14 00:00:00+00:00,,44474.16796875,WBTC-USD,,,,,,,,,,,42564.40234375,,,,,,,,,,,,
2022-02-15 00:00:00+00:00,,43958.50390625,WBTC-USD,,,,,,,,,,,44474.16796875,,,,,,,,,,,,
2022-02-16 00:00:00+00:00,,40577.9921875,WBTC-USD,,,,,,,,,,,43958.50390625,,,,,,,,,,,,
2022-02-17 00:00:00+00:00,,40044.78515625,WBTC-USD,,,,,,,,,,,40577.9921875,,,,,,,,,,,,
2022-02-18 00:00:00+00:00,,40102.14453125,WBTC-USD,,,,,,,,,,,40044.78515625,,,,,,,,,,,,
2022-02-19 00:00:00+00:00,,38448.36328125,WBTC-USD,,,,,,,,,,,40102.14453125,,,,,,,,,,,,
2022-02-20 00:00:00+00:00,,37093.19140625,WBTC-USD,,,,,,,,,,,38448.36328125,,,,,,,,,,,,
2022-02-21 00:00:00+00:00,,38230.69140625,WBTC-USD,,,,,,,,,,,37093.19140625,,,,,,,,,,,,
2022-02-22 00:00:00+00:00,,37260.75390625,WBTC-USD,,,,,,,,,,,38230.69140625,,,,,,,,,,,,
2022-02-23 00:00:00+00:00,,38276.01953125,WBTC-USD,,,,,,,,,,,37260.75390625,,,,,,,,,,,,
2022-02-24 00:00:00+00:00,,39243.109375,WBTC-USD,,,,,,,,,,,38276.01953125,,,,,,,,,,,,
2022-02-25 00:00:00+00:00,,39067.99609375,WBTC-USD,,,,,,,,,,,39243.109375,,,,,,,,,,,,
2022-02-26 00:00:00+00:00,,37685.9609375,WBTC-USD,,,,,,,,,,,39067.99609375,,,,,,,,,,,,
2022-02-27 00:00:00+00:00,,43153.66015625,WBTC-USD,,,,,,,,,,,37685.9609375,,,,,,,,,,,,
2022-02-28 00:00:00+00:00,,44214.28125,WBTC-USD,,,,,,,,,,,43153.66015625,,,,,,,,,,,,
2022-03-01 00:00:00+00:00,,43949.0859375,WBTC-USD,,,,,,,,,,,44214.28125,,,,,,,,,,,,
2022-03-02 00:00:00+00:00,,42490.98828125,WBTC-USD,,,,,,,,,,,43949.0859375,,,,,,,,,,,,
2022-03-03 00:00:00+00:00,,39197.296875,WBTC-USD,,,,,,,,,,,42490.98828125,,,,,,,,,,,,
2022-03-04 00:00:00+00:00,,39386.609375,WBTC-USD,,,,,,,,,,,39197.296875,,,,,,,,,,,,
2022-03-05 00:00:00+00:00,,38386.765625,WBTC-USD,,,,,,,,,,,39386.609375,,,,,,,,,,,,
2022-03-06 00:00:00+00:00,,38061.21484375,WBTC-USD,,,,,,,,,,,38386.765625,,,,,,,,,,,,
2022-03-07 00:00:00+00:00,,38720.22265625,WBTC-USD,,,,,,,,,,,38061.21484375,,,,,,,,,,,,
2022-03-08 00:00:00+00:00,,41976.69140625,WBTC-USD,,,,,,,,,,,38720.22265625,,,,,,,,,,,,
2022-03-09 00:00:00+00:00,,39340.5,WBTC-USD,,,,,,,,,,,41976.69140625,,,,,,,,,,,,
2022-03-10 00:00:00+00:00,,38801.07421875,WBTC-USD,,,,,,,,,,,39340.5,,,,,,,,,,,,
2022-03-11 00:00:00+00:00,,38908.78125,WBTC-USD,,,,,,,,,,,38801.07421875,,,,,,,,,,,,
2022-03-12 00:00:00+00:00,,37860.7109375,WBTC-USD,,,,,,,,,,,38908.78125,,,,,,,,,,,,
2022-03-13 00:00:00+00:00,,39567.95703125,WBTC-USD,,,,,,,,,,,37860.7109375,,,,,,,,,,,,
2022-03-14 00:00:00+00:00,,39384.00390625,WBTC-USD,,,,,,,,,,,39567.95703125,,,,,,,,,,,,
2022-03-15 00:00:00+00:00,,41097.11328125,WBTC-USD,,,,,,,,,,,39384.00390625,,,,,,,,,,,,
2022-03-16 00:00:00+00:00,,40912.75,WBTC-USD,,,,,,,,,,,41097.11328125,,,,,,,,,,,,
2022-03-17 00:00:00+00:00,,41780.75390625,WBTC-USD,,,,,,,,,,,40912.75,,,,,,,,,,,,
2022-03-18 00:00:00+00:00,,42126.375,WBTC-USD,,,,,,,,,,,41780.75390625,,,,,,,,,,,,
2022-03-19 00:00:00+00:00,,41208.58203125,WBTC-USD,,,,,,,,,,,42126.375,,,,,,,,,,,,
2022-03-20 00:00:00+00:00,,41040.609375,WBTC-USD,,,,,,,,,,,41208.58203125,,,,,,,,,,,,
2022-03-21 00:00:00+00:00,,42381.5859375,WBTC-USD,,,,,,,,,,,41040.609375,,,,,,,,,,,,
2022-03-22 00:00:00+00:00,,42775.640625,WBTC-USD,,,,,,,,,,,42381.5859375,,,,,,,,,,,,
2022-03-23 00:00:00+00:00,,43973.78125,WBTC-USD,,,,,,,,,,,42775.640625,,,,,,,,,,,,
2022-03-24 00:00:00+00:00,,44332.67578125,WBTC-USD,,,,,,,,,,,43973.78125,,,,,,,,,,,,
2022-03-25 00:00:00+00:00,,44509.61328125,WBTC-USD,,,,,,,,,,,44332.67578125,,,,,,,,,,,,
2022-03-26 00:00:00+00:00,,46756.9453125,WBTC-USD,,,,,,,,,,,44509.61328125,,,,,,,,,,,,
2022-03-27 00:00:00+00:00,,47127.95703125,WBTC-USD,,,,,,,,,,,46756.9453125,,,,,,,,,,,,
2022-03-28 00:00:00+00:00,,47491.4140625,WBTC-USD,,,,,,,,,,,47127.95703125,,,,,,,,,,,,
2022-03-29 00:00:00+00:00,,47076.7890625,WBTC-USD,,,,,,,,,,,47491.4140625,,,,,,,,,,,,
2022-03-30 00:00:00+00:00,,45554.7265625,WBTC-USD,,,,,,,,,,,47076.7890625,,,,,,,,,,,,
2022-03-31 00:00:00+00:00,,46250.3515625,WBTC-USD,,,,,,,,,,,45554.7265625,,,,,,,,,,,,
2022-04-01 00:00:00+00:00,,45913.3046875,WBTC-USD,,,,,,,,,,,46250.3515625,,,,,,,,,,,,
2022-04-02 00:00:00+00:00,,46522.6015625,WBTC-USD,,,,,,,,,,,45913.3046875,,,,,,,,,,,,
2022-04-03 00:00:00+00:00,,46547.21484375,WBTC-USD,,,,,,,,,,,46522.6015625,,,,,,,,,,,,
2022-04-04 00:00:00+00:00,,45553.94140625,WBTC-USD,,,,,,,,,,,46547.21484375,,,,,,,,,,,,
2022-04-05 00:00:00+00:00,,43256.30078125,WBTC-USD,,,,,,,,,,,45553.94140625,,,,,,,,,,,,
2022-04-06 00:00:00+00:00,,43555.6796875,WBTC-USD,,,,,,,,,,,43256.30078125,,,,,,,,,,,,
2022-04-07 00:00:00+00:00,,42300.80859375,WBTC-USD,,,,,,,,,,,43555.6796875,,,,,,,,,,,,
2022-04-08 00:00:00+00:00,,42739.5546875,WBTC-USD,,,,,,,,,,,42300.80859375,,,,,,,,,,,,
2022-04-09 00:00:00+00:00,,42250.06640625,WBTC-USD,,,,,,,,,,,42739.5546875,,,,,,,,,,,,
2022-04-10 00:00:00+00:00,,39582.36328125,WBTC-USD,,,,,,,,,,,42250.06640625,,,,,,,,,,,,
2022-04-11 00:00:00+00:00,,40099.515625,WBTC-USD,,,,,,,,,,,39582.36328125,,,,,,,,,,,,
2022-04-12 00:00:00+00:00,,41201.24609375,WBTC-USD,,,,,,,,,,,40099.515625,,,,,,,,,,,,
2022-04-13 00:00:00+00:00,,39976.37109375,WBTC-USD,,,,,,,,,,,41201.24609375,,,,,,,,,,,,
2022-04-14 00:00:00+00:00,,40494.23828125,WBTC-USD,,,,,,,,,,,39976.37109375,,,,,,,,,,,,
2022-04-15 00:00:00+00:00,,40490.66796875,WBTC-USD,,,,,,,,,,,40494.23828125,,,,,,,,,,,,
2022-04-16 00:00:00+00:00,,39690.265625,WBTC-USD,,,,,,,,,,,40490.66796875,,,,,,,,,,,,
2022-04-17 00:00:00+00:00,,40845.96875,WBTC-USD,,,,,,,,,,,39690.265625,,,,,,,,,,,,
2022-04-18 00:00:00+00:00,,41471.8046875,WBTC-USD,,,,,,,,,,,40845.96875,,,,,,,,,,,,
2022-04-19 00:00:00+00:00,,41408.25,WBTC-USD,,,,,,,,,,,41471.8046875,,,,,,,,,,,,
2022-04-20 00:00:00+00:00,,40471.81640625,WBTC-USD,,,,,,,,,,,41408.25,,,,,,,,,,,,
2022-04-21 00:00:00+00:00,,39696.04296875,WBTC-USD,,,,,,,,,,,40471.81640625,,,,,,,,,,,,
2022-04-22 00:00:00+00:00,,39475.828125,WBTC-USD,,,,,,,,,,,39696.04296875,,,,,,,,,,,,
2022-04-23 00:00:00+00:00,,39473.125,WBTC-USD,,,,,,,,,,,39475.828125,,,,,,,,,,,,
2022-04-24 00:00:00+00:00,,40405.26953125,WBTC-USD,,,,,,,,,,,39473.125,,,,,,,,,,,,
2022-04-25 00:00:00+00:00,,38076.359375,WBTC-USD,,,,,,,,,,,40405.26953125,,,,,,,,,,,,
2022-04-26 00:00:00+00:00,,39180.25390625,WBTC-USD,,,,,,,,,,,38076.359375,,,,,,,,,,,,
2022-04-27 00:00:00+00:00,,39805.80859375,WBTC-USD,,,,,,,,,,,39180.25390625,,,,,,,,,,,,
2022-04-28 00:00:00+00:00,,38568.3359375,WBTC-USD,,,,,,,,,,,39805.80859375,,,,,,,,,,,,
2022-04-29 00:00:00+00:00,,37657.30078125,WBTC-USD,,,,,,,,,,,38568.3359375,,,,,,,,,,,,
2022-04-30 00:00:00+00:00,,38467.0,WBTC-USD,,,,,,,,,,,37657.30078125,,,,,,,,,,,,
2022-05-01 00:00:00+00:00,,38607.609375,WBTC-USD,,,,,,,,,,,38467.0,,,,,,,,,,,,
2022-05-02 00:00:00+00:00,,37769.41796875,WBTC-USD,,,,,,,,,,,38607.609375,,,,,,,,,,,,
2022-05-03 00:00:00+00:00,,39757.71484375,WBTC-USD,,,,,,,,,,,37769.41796875,,,,,,,,,,,,
2022-05-04 00:00:00+00:00,,36523.578125,WBTC-USD,,,,,,,,,,,39757.71484375,,,,,,,,,,,,
2022-05-05 00:00:00+00:00,,36053.52734375,WBTC-USD,,,,,,,,,,,36523.578125,,,,,,,,,,,,
2022-05-06 00:00:00+00:00,,35479.14453125,WBTC-USD,,,,,,,,,,,36053.52734375,,,,,,,,,,,,
2022-05-07 00:00:00+00:00,,34066.4453125,WBTC-USD,,,,,,,,,,,35479.14453125,,,,,,,,,,,,
2022-05-08 00:00:00+00:00,,30400.67578125,WBTC-USD,,,,,,,,,,,34066.4453125,,,,,,,,,,,,
2022-05-09 00:00:00+00:00,,31029.583984375,WBTC-USD,,,,,,,,,,,30400.67578125,,,,,,,,,,,,
2022-05-10 00:00:00+00:00,,28874.72265625,WBTC-USD,,,,,,,,,,,31029.583984375,,,,,,,,,,,,
2022-05-11 00:00:00+00:00,,29059.271484375,WBTC-USD,,,,,,,,,,,28874.72265625,,,,,,,,,,,,
2022-05-12 00:00:00+00:00,,29260.9140625,WBTC-USD,,,,,,,,,,,29059.271484375,,,,,,,,,,,,
2022-05-13 00:00:00+00:00,,30101.37109375,WBTC-USD,,,,,,,,,,,29260.9140625,,,,,,,,,,,,
2022-05-14 00:00:00+00:00,,31259.185546875,WBTC-USD,,,,,,,,,,,30101.37109375,,,,,,,,,,,,
2022-05-15 00:00:00+00:00,,29846.640625,WBTC-USD,,,,,,,,,,,31259.185546875,,,,,,,,,,,,
2022-05-16 00:00:00+00:00,,30468.70703125,WBTC-USD,,,,,,,,,,,29846.640625,,,,,,,,,,,,
2022-05-17 00:00:00+00:00,,28665.6796875,WBTC-USD,,,,,,,,,,,30468.70703125,,,,,,,,,,,,
2022-05-18 00:00:00+00:00,,30293.142578125,WBTC-USD,,,,,,,,,,,28665.6796875,,,,,,,,,,,,
2022-05-19 00:00:00+00:00,,29207.837890625,WBTC-USD,,,,,,,,,,,30293.142578125,,,,,,,,,,,,
2022-05-20 00:00:00+00:00,,29419.693359375,WBTC-USD,,,,,,,,,,,29207.837890625,,,,,,,,,,,,
2022-05-21 00:00:00+00:00,,30364.203125,WBTC-USD,,,,,,,,,,,29419.693359375,,,,,,,,,,,,
2022-05-22 00:00:00+00:00,,29098.1796875,WBTC-USD,,,,,,,,,,,30364.203125,,,,,,,,,,,,
2022-05-23 00:00:00+00:00,,29638.796875,WBTC-USD,,,,,,,,,,,29098.1796875,,,,,,,,,,,,
2022-05-24 00:00:00+00:00,,29534.50390625,WBTC-USD,,,,,,,,,,,29638.796875,,,,,,,,,,,,
2022-05-25 00:00:00+00:00,,29290.1171875,WBTC-USD,,,,,,,,,,,29534.50390625,,,,,,,,,,,,
2022-05-26 00:00:00+00:00,,28592.9140625,WBTC-USD,,,,,,,,,,,29290.1171875,,,,,,,,,,,,
2022-05-27 00:00:00+00:00,,29061.58984375,WBTC-USD,,,,,,,,,,,28592.9140625,,,,,,,,,,,,
2022-05-28 00:00:00+00:00,,29423.107421875,WBTC-USD,,,,,,,,,,,29061.58984375,,,,,,,,,,,,
2022-05-29 00:00:00+00:00,,31736.70703125,WBTC-USD,,,,,,,,,,,29423.107421875,,,,,,,,,,,,
2022-05-30 00:00:00+00:00,,31772.119140625,WBTC-USD,,,,,,,,,,,31736.70703125,,,,,,,,,,,,
2022-05-31 00:00:00+00:00,,29811.25390625,WBTC-USD,,,,,,,,,,,31772.119140625,,,,,,,,,,,,
2022-06-01 00:00:00+00:00,,30490.3125,WBTC-USD,,,,,,,,,,,29811.25390625,,,,,,,,,,,,
2022-06-02 00:00:00+00:00,,29676.15625,WBTC-USD,,,,,,,,,,,30490.3125,,,,,,,,,,,,
2022-06-03 00:00:00+00:00,,29826.8125,WBTC-USD,,,,,,,,,,,29676.15625,,,,,,,,,,,,
2022-06-04 00:00:00+00:00,,29919.76171875,WBTC-USD,,,,,,,,,,,29826.8125,,,,,,,,,,,,
2022-06-05 00:00:00+00:00,,31358.474609375,WBTC-USD,,,,,,,,,,,29919.76171875,,,,,,,,,,,,
2022-06-06 00:00:00+00:00,,31146.935546875,WBTC-USD,,,,,,,,,,,31358.474609375,,,,,,,,,,,,
2022-06-07 00:00:00+00:00,,30229.6953125,WBTC-USD,,,,,,,,,,,31146.935546875,,,,,,,,,,,,
2022-06-08 00:00:00+00:00,,30098.0703125,WBTC-USD,,,,,,,,,,,30229.6953125,,,,,,,,,,,,
2022-06-09 00:00:00+00:00,,29057.4296875,WBTC-USD,,,,,,,,,,,30098.0703125,,,,,,,,,,,,
2022-06-10 00:00:00+00:00,,28337.03125,WBTC-USD,,,,,,,,,,,29057.4296875,,,,,,,,,,,,
2022-06-11 00:00:00+00:00,,26754.935546875,WBTC-USD,,,,,,,,,,,28337.03125,,,,,,,,,,,,
2022-06-12 00:00:00+00:00,,22468.6796875,WBTC-USD,,,,,,,,,,,26754.935546875,,,,,,,,,,,,
2022-06-13 00:00:00+00:00,,22178.9140625,WBTC-USD,,,,,,,,,,,22468.6796875,,,,,,,,,,,,
2022-06-14 00:00:00+00:00,,22553.74609375,WBTC-USD,,,,,,,,,,,22178.9140625,,,,,,,,,,,,
2022-06-15 00:00:00+00:00,,20337.865234375,WBTC-USD,,,,,,,,,,,22553.74609375,,,,,,,,,,,,
2022-06-16 00:00:00+00:00,,20487.076171875,WBTC-USD,,,,,,,,,,,20337.865234375,,,,,,,,,,,,
2022-06-17 00:00:00+00:00,,19029.435546875,WBTC-USD,,,,,,,,,,,20487.076171875,,,,,,,,,,,,
2022-06-18 00:00:00+00:00,,20514.390625,WBTC-USD,,,,,,,,,,,19029.435546875,,,,,,,,,,,,
2022-06-19 00:00:00+00:00,,20614.501953125,WBTC-USD,,,,,,,,,,,20514.390625,,,,,,,,,,,,
2022-06-20 00:00:00+00:00,,20678.984375,WBTC-USD,,,,,,,,,,,20614.501953125,,,,,,,,,,,,
2022-06-21 00:00:00+00:00,,19946.88671875,WBTC-USD,,,,,,,,,,,20678.984375,,,,,,,,,,,,
2022-06-22 00:00:00+00:00,,21057.953125,WBTC-USD,,,,,,,,,,,19946.88671875,,,,,,,,,,,,
2022-06-23 00:00:00+00:00,,21244.32421875,WBTC-USD,,,,,,,,,,,21057.953125,,,,,,,,,,,,
2022-06-24 00:00:00+00:00,,21448.609375,WBTC-USD,,,,,,,,,,,21244.32421875,,,,,,,,,,,,
2022-06-25 00:00:00+00:00,,21009.576171875,WBTC-USD,,,,,,,,,,,21448.609375,,,,,,,,,,,,
2022-06-26 00:00:00+00:00,,20735.658203125,WBTC-USD,,,,,,,,,,,21009.576171875,,,,,,,,,,,,
2022-06-27 00:00:00+00:00,,20248.275390625,WBTC-USD,,,,,,,,,,,20735.658203125,,,,,,,,,,,,
2022-06-28 00:00:00+00:00,,20074.912109375,WBTC-USD,,,,,,,,,,,20248.275390625,,,,,,,,,,,,
2022-06-29 00:00:00+00:00,,19708.6875,WBTC-USD,,,,,,,,,,,20074.912109375,,,,,,,,,,,,
2022-06-30 00:00:00+00:00,,19288.5,WBTC-USD,,,,,,,,,,,19708.6875,,,,,,,,,,,,
2022-07-01 00:00:00+00:00,,19264.453125,WBTC-USD,,,,,,,,,,,19288.5,,,,,,,,,,,,
2022-07-02 00:00:00+00:00,,19286.96875,WBTC-USD,,,,,,,,,,,19264.453125,,,,,,,,,,,,
2022-07-03 00:00:00+00:00,,20226.552734375,WBTC-USD,,,,,,,,,,,19286.96875,,,,,,,,,,,,
2022-07-04 00:00:00+00:00,,20179.474609375,WBTC-USD,,,,,,,,,,,20226.552734375,,,,,,,,,,,,
2022-07-05 00:00:00+00:00,,20540.6328125,WBTC-USD,,,,,,,,,,,20179.474609375,,,,,,,,,,,,
2022-07-06 00:00:00+00:00,,21631.171875,WBTC-USD,,,,,,,,,,,20540.6328125,,,,,,,,,,,,
2022-07-07 00:00:00+00:00,,21746.095703125,WBTC-USD,,,,,,,,,,,21631.171875,,,,,,,,,,,,
2022-07-08 00:00:00+00:00,,21588.720703125,WBTC-USD,,,,,,,,,,,21746.095703125,,,,,,,,,,,,
2022-07-09 00:00:00+00:00,,20817.80078125,WBTC-USD,,,,,,,,,,,21588.720703125,,,,,,,,,,,,
2022-07-10 00:00:00+00:00,,19968.92578125,WBTC-USD,,,,,,,,,,,20817.80078125,,,,,,,,,,,,
2022-07-11 00:00:00+00:00,,19311.767578125,WBTC-USD,,,,,,,,,,,19968.92578125,,,,,,,,,,,,
2022-07-12 00:00:00+00:00,,20176.328125,WBTC-USD,,,,,,,,,,,19311.767578125,,,,,,,,,,,,
2022-07-13 00:00:00+00:00,,20571.861328125,WBTC-USD,,,,,,,,,,,20176.328125,,,,,,,,,,,,
2022-07-14 00:00:00+00:00,,20828.962890625,WBTC-USD,,,,,,,,,,,20571.861328125,,,,,,,,,,,,
2022-07-15 00:00:00+00:00,,21207.93359375,WBTC-USD,,,,,,,,,,,20828.962890625,,,,,,,,,,,,
2022-07-16 00:00:00+00:00,,20792.919921875,WBTC-USD,,,,,,,,,,,21207.93359375,,,,,,,,,,,,
2022-07-17 00:00:00+00:00,,22422.099609375,WBTC-USD,,,,,,,,,,,20792.919921875,,,,,,,,,,,,
2022-07-18 00:00:00+00:00,,23356.994140625,WBTC-USD,,,,,,,,,,,22422.099609375,,,,,,,,,,,,
2022-07-19 00:00:00+00:00,,23242.677734375,WBTC-USD,,,,,,,,,,,23356.994140625,,,,,,,,,,,,
2022-07-20 00:00:00+00:00,,23140.775390625,WBTC-USD,,,,,,,,,,,23242.677734375,,,,,,,,,,,,
2022-07-21 00:00:00+00:00,,22700.388671875,WBTC-USD,,,,,,,,,,,23140.775390625,,,,,,,,,,,,
2022-07-22 00:00:00+00:00,,22482.392578125,WBTC-USD,,,,,,,,,,,22700.388671875,,,,,,,,,,,,
2022-07-23 00:00:00+00:00,,22637.060546875,WBTC-USD,,,,,,,,,,,22482.392578125,,,,,,,,,,,,
2022-07-24 00:00:00+00:00,,21366.76171875,WBTC-USD,,,,,,,,,,,22637.060546875,,,,,,,,,,,,
2022-07-25 00:00:00+00:00,,21228.166015625,WBTC-USD,,,,,,,,,,,21366.76171875,,,,,,,,,,,,
2022-07-26 00:00:00+00:00,,22940.6484375,WBTC-USD,,,,,,,,,,,21228.166015625,,,,,,,,,,,,
2022-07-27 00:00:00+00:00,,23830.904296875,WBTC-USD,,,,,,,,,,,22940.6484375,,,,,,,,,,,,
2022-07-28 00:00:00+00:00,,23816.1171875,WBTC-USD,,,,,,,,,,,23830.904296875,,,,,,,,,,,,
2022-07-29 00:00:00+00:00,,23649.84375,WBTC-USD,,,,,,,,,,,23816.1171875,,,,,,,,,,,,
2022-07-30 00:00:00+00:00,,23346.865234375,WBTC-USD,,,,,,,,,,,23649.84375,,,,,,,,,,,,
2022-07-31 00:00:00+00:00,,23267.330078125,WBTC-USD,,,,,,,,,,,23346.865234375,,,,,,,,,,,,
2022-08-01 00:00:00+00:00,,22970.859375,WBTC-USD,,,,,,,,,,,23267.330078125,,,,,,,,,,,,
2022-08-02 00:00:00+00:00,,22853.888671875,WBTC-USD,,,,,,,,,,,22970.859375,,,,,,,,,,,,
2022-08-03 00:00:00+00:00,,22642.341796875,WBTC-USD,,,,,,,,,,,22853.888671875,,,,,,,,,,,,
2022-08-04 00:00:00+00:00,,23283.4609375,WBTC-USD,,,,,,,,,,,22642.341796875,,,,,,,,,,,,
2022-08-05 00:00:00+00:00,,22978.099609375,WBTC-USD,,,,,,,,,,,23283.4609375,,,,,,,,,,,,
2022-08-06 00:00:00+00:00,,23151.83984375,WBTC-USD,,,,,,,,,,,22978.099609375,,,,,,,,,,,,
2022-08-07 00:00:00+00:00,,23813.599609375,WBTC-USD,,,,,,,,,,,23151.83984375,,,,,,,,,,,,
2022-08-08 00:00:00+00:00,,23182.451171875,WBTC-USD,,,,,,,,,,,23813.599609375,,,,,,,,,,,,
2022-08-09 00:00:00+00:00,,23936.01953125,WBTC-USD,,,,,,,,,,,23182.451171875,,,,,,,,,,,,
2022-08-10 00:00:00+00:00,,23975.939453125,WBTC-USD,,,,,,,,,,,23936.01953125,,,,,,,,,,,,
2022-08-11 00:00:00+00:00,,24393.15234375,WBTC-USD,,,,,,,,,,,23975.939453125,,,,,,,,,,,,
2022-08-12 00:00:00+00:00,,24427.74609375,WBTC-USD,,,,,,,,,,,24393.15234375,,,,,,,,,,,,
2022-08-13 00:00:00+00:00,,24288.5859375,WBTC-USD,,,,,,,,,,,24427.74609375,,,,,,,,,,,,
2022-08-14 00:00:00+00:00,,24084.97265625,WBTC-USD,,,,,,,,,,,24288.5859375,,,,,,,,,,,,
2022-08-15 00:00:00+00:00,,23865.630859375,WBTC-USD,,,,,,,,,,,24084.97265625,,,,,,,,,,,,
2022-08-16 00:00:00+00:00,,23333.16796875,WBTC-USD,,,,,,,,,,,23865.630859375,,,,,,,,,,,,
2022-08-17 00:00:00+00:00,,23183.201171875,WBTC-USD,,,,,,,,,,,23333.16796875,,,,,,,,,,,,
2022-08-18 00:00:00+00:00,,20862.3046875,WBTC-USD,,,,,,,,,,,23183.201171875,,,,,,,,,,,,
2022-08-19 00:00:00+00:00,,21158.873046875,WBTC-USD,,,,,,,,,,,20862.3046875,,,,,,,,,,,,
2022-08-20 00:00:00+00:00,,21552.857421875,WBTC-USD,,,,,,,,,,,21158.873046875,,,,,,,,,,,,
2022-08-21 00:00:00+00:00,,21388.12890625,WBTC-USD,,,,,,,,,,,21552.857421875,,,,,,,,,,,,
2022-08-22 00:00:00+00:00,,21547.212890625,WBTC-USD,,,,,,,,,,,21388.12890625,,,,,,,,,,,,
2022-08-23 00:00:00+00:00,,21415.431640625,WBTC-USD,,,,,,,,,,,21547.212890625,,,,,,,,,,,,
2022-08-24 00:00:00+00:00,,21594.44140625,WBTC-USD,,,,,,,,,,,21415.431640625,,,,,,,,,,,,
2022-08-25 00:00:00+00:00,,20215.69140625,WBTC-USD,,,,,,,,,,,21594.44140625,,,,,,,,,,,,
2022-08-26 00:00:00+00:00,,20045.62109375,WBTC-USD,,,,,,,,,,,20215.69140625,,,,,,,,,,,,
2022-08-27 00:00:00+00:00,,19564.1171875,WBTC-USD,,,,,,,,,,,20045.62109375,,,,,,,,,,,,
2022-08-28 00:00:00+00:00,,20291.185546875,WBTC-USD,,,,,,,,,,,19564.1171875,,,,,,,,,,,,
2022-08-29 00:00:00+00:00,,19790.078125,WBTC-USD,,,,,,,,,,,20291.185546875,,,,,,,,,,,,
2022-08-30 00:00:00+00:00,,20023.1015625,WBTC-USD,,,,,,,,,,,19790.078125,,,,,,,,,,,,
2022-08-31 00:00:00+00:00,,20103.484375,WBTC-USD,,,,,,,,,,,20023.1015625,,,,,,,,,,,,
2022-09-01 00:00:00+00:00,,19961.44921875,WBTC-USD,,,,,,,,,,,20103.484375,,,,,,,,,,,,
2022-09-02 00:00:00+00:00,,19814.650390625,WBTC-USD,,,,,,,,,,,19961.44921875,,,,,,,,,,,,
2022-09-03 00:00:00+00:00,,19961.087890625,WBTC-USD,,,,,,,,,,,19814.650390625,,,,,,,,,,,,
2022-09-04 00:00:00+00:00,,19817.484375,WBTC-USD,,,,,,,,,,,19961.087890625,,,,,,,,,,,,
2022-09-05 00:00:00+00:00,,18854.548828125,WBTC-USD,,,,,,,,,,,19817.484375,,,,,,,,,,,,
2022-09-06 00:00:00+00:00,,19277.099609375,WBTC-USD,,,,,,,,,,,18854.548828125,,,,,,,,,,,,
2022-09-07 00:00:00+00:00,,19320.974609375,WBTC-USD,,,,,,,,,,,19277.099609375,,,,,,,,,,,,
2022-09-08 00:00:00+00:00,,21367.509765625,WBTC-USD,,,,,,,,,,,19320.974609375,,,,,,,,,,,,
2022-09-09 00:00:00+00:00,,21683.439453125,WBTC-USD,,,,,,,,,,,21367.509765625,,,,,,,,,,,,
2022-09-10 00:00:00+00:00,,21733.271484375,WBTC-USD,,,,,,,,,,,21683.439453125,,,,,,,,,,,,
2022-09-11 00:00:00+00:00,,22329.3203125,WBTC-USD,,,,,,,,,,,21733.271484375,,,,,,,,,,,,
2022-09-12 00:00:00+00:00,,20241.92578125,WBTC-USD,,,,,,,,,,,22329.3203125,,,,,,,,,,,,
2022-09-13 00:00:00+00:00,,20252.703125,WBTC-USD,,,,,,,,,,,20241.92578125,,,,,,,,,,,,
2022-09-14 00:00:00+00:00,,19700.357421875,WBTC-USD,,,,,,,,,,,20252.703125,,,,,,,,,,,,
2022-09-15 00:00:00+00:00,,19747.736328125,WBTC-USD,,,,,,,,,,,19700.357421875,,,,,,,,,,,,
2022-09-16 00:00:00+00:00,,20115.001953125,WBTC-USD,,,,,,,,,,,19747.736328125,,,,,,,,,,,,
2022-09-17 00:00:00+00:00,,19396.013671875,WBTC-USD,,,,,,,,,,,20115.001953125,,,,,,,,,,,,
2022-09-18 00:00:00+00:00,,19547.6796875,WBTC-USD,,,,,,,,,,,19396.013671875,,,,,,,,,,,,
2022-09-19 00:00:00+00:00,,18886.580078125,WBTC-USD,,,,,,,,,,,19547.6796875,,,,,,,,,,,,
2022-09-20 00:00:00+00:00,,18520.990234375,WBTC-USD,,,,,,,,,,,18886.580078125,,,,,,,,,,,,
2022-09-21 00:00:00+00:00,,19393.51953125,WBTC-USD,,,,,,,,,,,18520.990234375,,,,,,,,,,,,
2022-09-22 00:00:00+00:00,,19253.166015625,WBTC-USD,,,,,,,,,,,19393.51953125,,,,,,,,,,,,
2022-09-23 00:00:00+00:00,,18913.7890625,WBTC-USD,,,,,,,,,,,19253.166015625,,,,,,,,,,,,
2022-09-24 00:00:00+00:00,,18794.29296875,WBTC-USD,,,,,,,,,,,18913.7890625,,,,,,,,,,,,
2022-09-25 00:00:00+00:00,,19215.1484375,WBTC-USD,,,,,,,,,,,18794.29296875,,,,,,,,,,,,
2022-09-26 00:00:00+00:00,,19108.830078125,WBTC-USD,,,,,,,,,,,19215.1484375,,,,,,,,,,,,
2022-09-27 00:00:00+00:00,,19436.46875,WBTC-USD,,,,,,,,,,,19108.830078125,,,,,,,,,,,,
2022-09-28 00:00:00+00:00,,19548.41015625,WBTC-USD,,,,,,,,,,,19436.46875,,,,,,,,,,,,
2022-09-29 00:00:00+00:00,,19427.693359375,WBTC-USD,,,,,,,,,,,19548.41015625,,,,,,,,,,,,
2022-09-30 00:00:00+00:00,,19310.501953125,WBTC-USD,,,,,,,,,,,19427.693359375,,,,,,,,,,,,
2022-10-01 00:00:00+00:00,,19037.02734375,WBTC-USD,,,,,,,,,,,19310.501953125,,,,,,,,,,,,
2022-10-02 00:00:00+00:00,,19614.763671875,WBTC-USD,,,,,,,,,,,19037.02734375,,,,,,,,,,,,
2022-10-03 00:00:00+00:00,,20310.615234375,WBTC-USD,,,,,,,,,,,19614.763671875,,,,,,,,,,,,
2022-10-04 00:00:00+00:00,,20153.693359375,WBTC-USD,,,,,,,,,,,20310.615234375,,,,,,,,,,,,
2022-10-05 00:00:00+00:00,,19935.87109375,WBTC-USD,,,,,,,,,,,20153.693359375,,,,,,,,,,,,
2022-10-06 00:00:00+00:00,,19553.982421875,WBTC-USD,,,,,,,,,,,19935.87109375,,,,,,,,,,,,
2022-10-07 00:00:00+00:00,,19401.375,WBTC-USD,,,,,,,,,,,19553.982421875,,,,,,,,,,,,
2022-10-08 00:00:00+00:00,,19445.458984375,WBTC-USD,,,,,,,,,,,19401.375,,,,,,,,,,,,
2022-10-09 00:00:00+00:00,,19122.388671875,WBTC-USD,,,,,,,,,,,19445.458984375,,,,,,,,,,,,
2022-10-10 00:00:00+00:00,,19031.0703125,WBTC-USD,,,,,,,,,,,19122.388671875,,,,,,,,,,,,
2022-10-11 00:00:00+00:00,,19154.7265625,WBTC-USD,,,,,,,,,,,19031.0703125,,,,,,,,,,,,
2022-10-12 00:00:00+00:00,,19367.666015625,WBTC-USD,,,,,,,,,,,19154.7265625,,,,,,,,,,,,
2022-10-13 00:00:00+00:00,,19185.9296875,WBTC-USD,,,,,,,,,,,19367.666015625,,,,,,,,,,,,
2022-10-14 00:00:00+00:00,,19070.8828125,WBTC-USD,,,,,,,,,,,19185.9296875,,,,,,,,,,,,
2022-10-15 00:00:00+00:00,,19277.474609375,WBTC-USD,,,,,,,,,,,19070.8828125,,,,,,,,,,,,
2022-10-16 00:00:00+00:00,,19545.578125,WBTC-USD,,,,,,,,,,,19277.474609375,,,,,,,,,,,,
2022-10-17 00:00:00+00:00,,19326.029296875,WBTC-USD,,,,,,,,,,,19545.578125,,,,,,,,,,,,
2022-10-18 00:00:00+00:00,,19118.283203125,WBTC-USD,,,,,,,,,,,19326.029296875,,,,,,,,,,,,
2022-10-19 00:00:00+00:00,,19030.43359375,WBTC-USD,,,,,,,,,,,19118.283203125,,,,,,,,,,,,
2022-10-20 00:00:00+00:00,,19182.328125,WBTC-USD,,,,,,,,,,,19030.43359375,,,,,,,,,,,,
2022-10-21 00:00:00+00:00,,19193.802734375,WBTC-USD,,,,,,,,,,,19182.328125,,,,,,,,,,,,
2022-10-22 00:00:00+00:00,,19577.39453125,WBTC-USD,,,,,,,,,,,19193.802734375,,,,,,,,,,,,
2022-10-23 00:00:00+00:00,,19324.52734375,WBTC-USD,,,,,,,,,,,19577.39453125,,,,,,,,,,,,
2022-10-24 00:00:00+00:00,,20105.2734375,WBTC-USD,,,,,,,,,,,19324.52734375,,,,,,,,,,,,
2022-10-25 00:00:00+00:00,,20757.93359375,WBTC-USD,,,,,,,,,,,20105.2734375,,,,,,,,,,,,
2022-10-26 00:00:00+00:00,,20281.12890625,WBTC-USD,,,,,,,,,,,20757.93359375,,,,,,,,,,,,
2022-10-27 00:00:00+00:00,,20602.65625,WBTC-USD,,,,,,,,,,,20281.12890625,,,,,,,,,,,,
2022-10-28 00:00:00+00:00,,20818.646484375,WBTC-USD,,,,,,,,,,,20602.65625,,,,,,,,,,,,
2022-10-29 00:00:00+00:00,,20627.908203125,WBTC-USD,,,,,,,,,,,20818.646484375,,,,,,,,,,,,
2022-10-30 00:00:00+00:00,,20496.966796875,WBTC-USD,,,,,,,,,,,20627.908203125,,,,,,,,,,,,
2022-10-31 00:00:00+00:00,,20483.25,WBTC-USD,,,,,,,,,,,20496.966796875,,,,,,,,,,,,
2022-11-01 00:00:00+00:00,,20169.27734375,WBTC-USD,,,,,,,,,,,20483.25,,,,,,,,,,,,
2022-11-02 00:00:00+00:00,,20217.439453125,WBTC-USD,,,,,,,,,,,20169.27734375,,,,,,,,,,,,
2022-11-03 00:00:00+00:00,,21153.080078125,WBTC-USD,,,,,,,,,,,20217.439453125,,,,,,,,,,,,
2022-11-04 00:00:00+00:00,,21290.4140625,WBTC-USD,,,,,,,,,,,21153.080078125,,,,,,,,,,,,
2022-11-05 00:00:00+00:00,,20911.6171875,WBTC-USD,,,,,,,,,,,21290.4140625,,,,,,,,,,,,
2022-11-06 00:00:00+00:00,,20573.423828125,WBTC-USD,,,,,,,,,,,20911.6171875,,,,,,,,,,,,
2022-11-07 00:00:00+00:00,,18522.05859375,WBTC-USD,,,,,,,,,,,20573.423828125,,,,,,,,,,,,
2022-11-08 00:00:00+00:00,,15825.541015625,WBTC-USD,,,,,,,,,,,18522.05859375,,,,,,,,,,,,
2022-11-09 00:00:00+00:00,,17562.27734375,WBTC-USD,,,,,,,,,,,15825.541015625,,,,,,,,,,,,
2022-11-10 00:00:00+00:00,,17022.169921875,WBTC-USD,,,,,,,,,,,17562.27734375,,,,,,,,,,,,
2022-11-11 00:00:00+00:00,,16765.701171875,WBTC-USD,,,,,,,,,,,17022.169921875,,,,,,,,,,,,
2022-11-12 00:00:00+00:00,,16336.4931640625,WBTC-USD,,,,,,,,,,,16765.701171875,,,,,,,,,,,,
2022-11-13 00:00:00+00:00,,16587.521484375,WBTC-USD,,,,,,,,,,,16336.4931640625,,,,,,,,,,,,
2022-11-14 00:00:00+00:00,,16845.7578125,WBTC-USD,,,,,,,,,,,16587.521484375,,,,,,,,,,,,
2022-11-15 00:00:00+00:00,,16622.076171875,WBTC-USD,,,,,,,,,,,16845.7578125,,,,,,,,,,,,
2022-11-16 00:00:00+00:00,,16616.638671875,WBTC-USD,,,,,,,,,,,16622.076171875,,,,,,,,,,,,
2022-11-17 00:00:00+00:00,,16639.974609375,WBTC-USD,,,,,,,,,,,16616.638671875,,,,,,,,,,,,
2022-11-18 00:00:00+00:00,,16665.978515625,WBTC-USD,,,,,,,,,,,16639.974609375,,,,,,,,,,,,
2022-11-19 00:00:00+00:00,,16188.7041015625,WBTC-USD,,,,,,,,,,,16665.978515625,,,,,,,,,,,,
2022-11-20 00:00:00+00:00,,15717.1708984375,WBTC-USD,,,,,,,,,,,16188.7041015625,,,,,,,,,,,,
2022-11-21 00:00:00+00:00,,16137.171875,WBTC-USD,,,,,,,,,,,15717.1708984375,,,,,,,,,,,,
2022-11-22 00:00:00+00:00,,16552.4296875,WBTC-USD,,,,,,,,,,,16137.171875,,,,,,,,,,,,
2022-11-23 00:00:00+00:00,,16498.65625,WBTC-USD,,,,,,,,,,,16552.4296875,,,,,,,,,,,,
2022-11-24 00:00:00+00:00,,16289.80078125,WBTC-USD,,,,,,,,,,,16498.65625,,,,,,,,,,,,
2022-11-25 00:00:00+00:00,,16348.9892578125,WBTC-USD,,,,,,,,,,,16289.80078125,,,,,,,,,,,,
2022-11-26 00:00:00+00:00,,16326.8837890625,WBTC-USD,,,,,,,,,,,16348.9892578125,,,,,,,,,,,,
2022-11-27 00:00:00+00:00,,16164.119140625,WBTC-USD,,,,,,,,,,,16326.8837890625,,,,,,,,,,,,
2022-11-28 00:00:00+00:00,,16399.310546875,WBTC-USD,,,,,,,,,,,16164.119140625,,,,,,,,,,,,
2022-11-29 00:00:00+00:00,,17131.083984375,WBTC-USD,,,,,,,,,,,16399.310546875,,,,,,,,,,,,
2022-11-30 00:00:00+00:00,,16937.02734375,WBTC-USD,,,,,,,,,,,17131.083984375,,,,,,,,,,,,
2022-12-01 00:00:00+00:00,,17054.44921875,WBTC-USD,,,,,,,,,,,16937.02734375,,,,,,,,,,,,
2022-12-02 00:00:00+00:00,,16832.888671875,WBTC-USD,,,,,,,,,,,17054.44921875,,,,,,,,,,,,
2022-12-03 00:00:00+00:00,,17099.966796875,WBTC-USD,,,,,,,,,,,16832.888671875,,,,,,,,,,,,
2022-12-04 00:00:00+00:00,,16931.138671875,WBTC-USD,,,,,,,,,,,17099.966796875,,,,,,,,,,,,
2022-12-05 00:00:00+00:00,,17049.55859375,WBTC-USD,,,,,,,,,,,16931.138671875,,,,,,,,,,,,
2022-12-06 00:00:00+00:00,,16806.115234375,WBTC-USD,,,,,,,,,,,17049.55859375,,,,,,,,,,,,
2022-12-07 00:00:00+00:00,,17202.580078125,WBTC-USD,,,,,,,,,,,16806.115234375,,,,,,,,,,,,
2022-12-08 00:00:00+00:00,,17095.169921875,WBTC-USD,,,,,,,,,,,17202.580078125,,,,,,,,,,,,
2022-12-09 00:00:00+00:00,,17100.744140625,WBTC-USD,,,,,,,,,,,17095.169921875,,,,,,,,,,,,
2022-12-10 00:00:00+00:00,,17063.798828125,WBTC-USD,,,,,,,,,,,17100.744140625,,,,,,,,,,,,
2022-12-11 00:00:00+00:00,,17174.740234375,WBTC-USD,,,,,,,,,,,17063.798828125,,,,,,,,,,,,
2022-12-12 00:00:00+00:00,,17749.0546875,WBTC-USD,,,,,,,,,,,17174.740234375,,,,,,,,,,,,
2022-12-13 00:00:00+00:00,,17778.40625,WBTC-USD,,,,,,,,,,,17749.0546875,,,,,,,,,,,,
2022-12-14 00:00:00+00:00,,17332.51953125,WBTC-USD,,,,,,,,,,,17778.40625,,,,,,,,,,,,
2022-12-15 00:00:00+00:00,,16576.271484375,WBTC-USD,,,,,,,,,,,17332.51953125,,,,,,,,,,,,
2022-12-16 00:00:00+00:00,,16755.515625,WBTC-USD,,,,,,,,,,,16576.271484375,,,,,,,,,,,,
2022-12-17 00:00:00+00:00,,16715.345703125,WBTC-USD,,,,,,,,,,,16755.515625,,,,,,,,,,,,
2022-12-18 00:00:00+00:00,,16424.99609375,WBTC-USD,,,,,,,,,,,16715.345703125,,,,,,,,,,,,
2022-12-19 00:00:00+00:00,,16858.767578125,WBTC-USD,,,,,,,,,,,16424.99609375,,,,,,,,,,,,
2022-12-20 00:00:00+00:00,,16786.517578125,WBTC-USD,,,,,,,,,,,16858.767578125,,,,,,,,,,,,
2022-12-21 00:00:00+00:00,,16808.1328125,WBTC-USD,,,,,,,,,,,16786.517578125,,,,,,,,,,,,
2022-12-22 00:00:00+00:00,,16773.72265625,WBTC-USD,,,,,,,,,,,16808.1328125,,,,,,,,,,,,
2022-12-23 00:00:00+00:00,,16815.369140625,WBTC-USD,,,,,,,,,,,16773.72265625,,,,,,,,,,,,
2022-12-24 00:00:00+00:00,,16806.873046875,WBTC-USD,,,,,,,,,,,16815.369140625,,,,,,,,,,,,
2022-12-25 00:00:00+00:00,,16893.095703125,WBTC-USD,,,,,,,,,,,16806.873046875,,,,,,,,,,,,
2022-12-26 00:00:00+00:00,,16658.078125,WBTC-USD,,,,,,,,,,,16893.095703125,,,,,,,,,,,,
2022-12-27 00:00:00+00:00,,16492.26171875,WBTC-USD,,,,,,,,,,,16658.078125,,,,,,,,,,,,
2022-12-28 00:00:00+00:00,,16587.517578125,WBTC-USD,,,,,,,,,,,16492.26171875,,,,,,,,,,,,
2022-12-29 00:00:00+00:00,,16555.056640625,WBTC-USD,,,,,,,,,,,16587.517578125,,,,,,,,,,,,
2022-12-30 00:00:00+00:00,,16499.876953125,WBTC-USD,,,,,,,,,,,16555.056640625,,,,,,,,,,,,
2022-12-31 00:00:00+00:00,,,WBTC-USD,,,,,,,,,,,16499.876953125,,,,,,,,,,,,
2022-01-01 00:00:00+00:00,,3830.100830078125,WETH-USD,,,,,,,,,,,,3760.832275390625,,,,,,,,,,,
2022-01-02 00:00:00+00:00,,3761.702880859375,WETH-USD,,,,,,,,,,,,3830.100830078125,,,,,,,,,,,
2022-01-03 00:00:00+00:00,,3788.23193359375,WETH-USD,,,,,,,,,,,,3761.702880859375,,,,,,,,,,,
2022-01-04 00:00:00+00:00,,3549.1953125,WETH-USD,,,,,,,,,,,,3788.23193359375,,,,,,,,,,,
2022-01-05 00:00:00+00:00,,3413.921142578125,WETH-USD,,,,,,,,,,,,3549.1953125,,,,,,,,,,,
2022-01-06 00:00:00+00:00,,3187.401611328125,WETH-USD,,,,,,,,,,,,3413.921142578125,,,,,,,,,,,
2022-01-07 00:00:00+00:00,,3094.105712890625,WETH-USD,,,,,,,,,,,,3187.401611328125,,,,,,,,,,,
2022-01-08 00:00:00+00:00,,3147.296630859375,WETH-USD,,,,,,,,,,,,3094.105712890625,,,,,,,,,,,
2022-01-09 00:00:00+00:00,,3077.68408203125,WETH-USD,,,,,,,,,,,,3147.296630859375,,,,,,,,,,,
2022-01-10 00:00:00+00:00,,3239.486328125,WETH-USD,,,,,,,,,,,,3077.68408203125,,,,,,,,,,,
2022-01-11 00:00:00+00:00,,3378.895751953125,WETH-USD,,,,,,,,,,,,3239.486328125,,,,,,,,,,,
2022-01-12 00:00:00+00:00,,3254.43994140625,WETH-USD,,,,,,,,,,,,3378.895751953125,,,,,,,,,,,
2022-01-13 00:00:00+00:00,,3307.069091796875,WETH-USD,,,,,,,,,,,,3254.43994140625,,,,,,,,,,,
2022-01-14 00:00:00+00:00,,3336.420654296875,WETH-USD,,,,,,,,,,,,3307.069091796875,,,,,,,,,,,
2022-01-15 00:00:00+00:00,,3350.68896484375,WETH-USD,,,,,,,,,,,,3336.420654296875,,,,,,,,,,,
2022-01-16 00:00:00+00:00,,3206.2294921875,WETH-USD,,,,,,,,,,,,3350.68896484375,,,,,,,,,,,
2022-01-17 00:00:00+00:00,,3166.459228515625,WETH-USD,,,,,,,,,,,,3206.2294921875,,,,,,,,,,,
2022-01-18 00:00:00+00:00,,3096.395263671875,WETH-USD,,,,,,,,,,,,3166.459228515625,,,,,,,,,,,
2022-01-19 00:00:00+00:00,,2997.78271484375,WETH-USD,,,,,,,,,,,,3096.395263671875,,,,,,,,,,,
2022-01-20 00:00:00+00:00,,2551.172607421875,WETH-USD,,,,,,,,,,,,2997.78271484375,,,,,,,,,,,
2022-01-21 00:00:00+00:00,,2398.423583984375,WETH-USD,,,,,,,,,,,,2551.172607421875,,,,,,,,,,,
2022-01-22 00:00:00+00:00,,2535.742919921875,WETH-USD,,,,,,,,,,,,2398.423583984375,,,,,,,,,,,
2022-01-23 00:00:00+00:00,,2441.13720703125,WETH-USD,,,,,,,,,,,,2535.742919921875,,,,,,,,,,,
2022-01-24 00:00:00+00:00,,2461.103759765625,WETH-USD,,,,,,,,,,,,2441.13720703125,,,,,,,,,,,
2022-01-25 00:00:00+00:00,,2470.994384765625,WETH-USD,,,,,,,,,,,,2461.103759765625,,,,,,,,,,,
2022-01-26 00:00:00+00:00,,2423.4638671875,WETH-USD,,,,,,,,,,,,2470.994384765625,,,,,,,,,,,
2022-01-27 00:00:00+00:00,,2545.39990234375,WETH-USD,,,,,,,,,,,,2423.4638671875,,,,,,,,,,,
2022-01-28 00:00:00+00:00,,2589.929931640625,WETH-USD,,,,,,,,,,,,2545.39990234375,,,,,,,,,,,
2022-01-29 00:00:00+00:00,,2609.124755859375,WETH-USD,,,,,,,,,,,,2589.929931640625,,,,,,,,,,,
2022-01-30 00:00:00+00:00,,2685.575439453125,WETH-USD,,,,,,,,,,,,2609.124755859375,,,,,,,,,,,
2022-01-31 00:00:00+00:00,,2790.760009765625,WETH-USD,,,,,,,,,,,,2685.575439453125,,,,,,,,,,,
2022-02-01 00:00:00+00:00,,2676.274169921875,WETH-USD,,,,,,,,,,,,2790.760009765625,,,,,,,,,,,
2022-02-02 00:00:00+00:00,,2664.271728515625,WETH-USD,,,,,,,,,,,,2676.274169921875,,,,,,,,,,,
2022-02-03 00:00:00+00:00,,2979.2109375,WETH-USD,,,,,,,,,,,,2664.271728515625,,,,,,,,,,,
2022-02-04 00:00:00+00:00,,3017.212646484375,WETH-USD,,,,,,,,,,,,2979.2109375,,,,,,,,,,,
2022-02-05 00:00:00+00:00,,3060.20947265625,WETH-USD,,,,,,,,,,,,3017.212646484375,,,,,,,,,,,
2022-02-06 00:00:00+00:00,,3146.68994140625,WETH-USD,,,,,,,,,,,,3060.20947265625,,,,,,,,,,,
2022-02-07 00:00:00+00:00,,3121.679931640625,WETH-USD,,,,,,,,,,,,3146.68994140625,,,,,,,,,,,
2022-02-08 00:00:00+00:00,,3241.2236328125,WETH-USD,,,,,,,,,,,,3121.679931640625,,,,,,,,,,,
2022-02-09 00:00:00+00:00,,3069.460205078125,WETH-USD,,,,,,,,,,,,3241.2236328125,,,,,,,,,,,
2022-02-10 00:00:00+00:00,,2925.6142578125,WETH-USD,,,,,,,,,,,,3069.460205078125,,,,,,,,,,,
2022-02-11 00:00:00+00:00,,2911.2822265625,WETH-USD,,,,,,,,,,,,2925.6142578125,,,,,,,,,,,
2022-02-12 00:00:00+00:00,,2882.0224609375,WETH-USD,,,,,,,,,,,,2911.2822265625,,,,,,,,,,,
2022-02-13 00:00:00+00:00,,2933.3818359375,WETH-USD,,,,,,,,,,,,2882.0224609375,,,,,,,,,,,
2022-02-14 00:00:00+00:00,,3181.103271484375,WETH-USD,,,,,,,,,,,,2933.3818359375,,,,,,,,,,,
2022-02-15 00:00:00+00:00,,3131.60205078125,WETH-USD,,,,,,,,,,,,3181.103271484375,,,,,,,,,,,
2022-02-16 00:00:00+00:00,,2885.0126953125,WETH-USD,,,,,,,,,,,,3131.60205078125,,,,,,,,,,,
2022-02-17 00:00:00+00:00,,2781.387451171875,WETH-USD,,,,,,,,,,,,2885.0126953125,,,,,,,,,,,
2022-02-18 00:00:00+00:00,,2757.120849609375,WETH-USD,,,,,,,,,,,,2781.387451171875,,,,,,,,,,,
2022-02-19 00:00:00+00:00,,2632.90478515625,WETH-USD,,,,,,,,,,,,2757.120849609375,,,,,,,,,,,
2022-02-20 00:00:00+00:00,,2568.18603515625,WETH-USD,,,,,,,,,,,,2632.90478515625,,,,,,,,,,,
2022-02-21 00:00:00+00:00,,2644.6787109375,WETH-USD,,,,,,,,,,,,2568.18603515625,,,,,,,,,,,
2022-02-22 00:00:00+00:00,,2590.6845703125,WETH-USD,,,,,,,,,,,,2644.6787109375,,,,,,,,,,,
2022-02-23 00:00:00+00:00,,2594.6650390625,WETH-USD,,,,,,,,,,,,2590.6845703125,,,,,,,,,,,
2022-02-24 00:00:00+00:00,,2760.24609375,WETH-USD,,,,,,,,,,,,2594.6650390625,,,,,,,,,,,
2022-02-25 00:00:00+00:00,,2775.287841796875,WETH-USD,,,,,,,,,,,,2760.24609375,,,,,,,,,,,
2022-02-26 00:00:00+00:00,,2619.23828125,WETH-USD,,,,,,,,,,,,2775.287841796875,,,,,,,,,,,
2022-02-27 00:00:00+00:00,,2911.664794921875,WETH-USD,,,,,,,,,,,,2619.23828125,,,,,,,,,,,
2022-02-28 00:00:00+00:00,,2970.176513671875,WETH-USD,,,,,,,,,,,,2911.664794921875,,,,,,,,,,,
2022-03-01 00:00:00+00:00,,2954.137939453125,WETH-USD,,,,,,,,,,,,2970.176513671875,,,,,,,,,,,
2022-03-02 00:00:00+00:00,,2838.939208984375,WETH-USD,,,,,,,,,,,,2954.137939453125,,,,,,,,,,,
2022-03-03 00:00:00+00:00,,2616.2138671875,WETH-USD,,,,,,,,,,,,2838.939208984375,,,,,,,,,,,
2022-03-04 00:00:00+00:00,,2662.314208984375,WETH-USD,,,,,,,,,,,,2616.2138671875,,,,,,,,,,,
2022-03-05 00:00:00+00:00,,2554.709716796875,WETH-USD,,,,,,,,,,,,2662.314208984375,,,,,,,,,,,
2022-03-06 00:00:00+00:00,,2491.637939453125,WETH-USD,,,,,,,,,,,,2554.709716796875,,,,,,,,,,,
2022-03-07 00:00:00+00:00,,2577.541259765625,WETH-USD,,,,,,,,,,,,2491.637939453125,,,,,,,,,,,
2022-03-08 00:00:00+00:00,,2726.535400390625,WETH-USD,,,,,,,,,,,,2577.541259765625,,,,,,,,,,,
2022-03-09 00:00:00+00:00,,2610.396728515625,WETH-USD,,,,,,,,,,,,2726.535400390625,,,,,,,,,,,
2022-03-10 00:00:00+00:00,,2563.113037109375,WETH-USD,,,,,,,,,,,,2610.396728515625,,,,,,,,,,,
2022-03-11 00:00:00+00:00,,2580.26904296875,WETH-USD,,,,,,,,,,,,2563.113037109375,,,,,,,,,,,
2022-03-12 00:00:00+00:00,,2514.4697265625,WETH-USD,,,,,,,,,,,,2580.26904296875,,,,,,,,,,,
2022-03-13 00:00:00+00:00,,2587.41162109375,WETH-USD,,,,,,,,,,,,2514.4697265625,,,,,,,,,,,
2022-03-14 00:00:00+00:00,,2621.077392578125,WETH-USD,,,,,,,,,,,,2587.41162109375,,,,,,,,,,,
2022-03-15 00:00:00+00:00,,2769.910400390625,WETH-USD,,,,,,,,,,,,2621.077392578125,,,,,,,,,,,
2022-03-16 00:00:00+00:00,,2815.4931640625,WETH-USD,,,,,,,,,,,,2769.910400390625,,,,,,,,,,,
2022-03-17 00:00:00+00:00,,2945.184814453125,WETH-USD,,,,,,,,,,,,2815.4931640625,,,,,,,,,,,
2022-03-18 00:00:00+00:00,,2945.10009765625,WETH-USD,,,,,,,,,,,,2945.184814453125,,,,,,,,,,,
2022-03-19 00:00:00+00:00,,2859.9169921875,WETH-USD,,,,,,,,,,,,2945.10009765625,,,,,,,,,,,
2022-03-20 00:00:00+00:00,,2897.00927734375,WETH-USD,,,,,,,,,,,,2859.9169921875,,,,,,,,,,,
2022-03-21 00:00:00+00:00,,2967.995361328125,WETH-USD,,,,,,,,,,,,2897.00927734375,,,,,,,,,,,
2022-03-22 00:00:00+00:00,,3026.065673828125,WETH-USD,,,,,,,,,,,,2967.995361328125,,,,,,,,,,,
2022-03-23 00:00:00+00:00,,3109.932373046875,WETH-USD,,,,,,,,,,,,3026.065673828125,,,,,,,,,,,
2022-03-24 00:00:00+00:00,,3101.7197265625,WETH-USD,,,,,,,,,,,,3109.932373046875,,,,,,,,,,,
2022-03-25 00:00:00+00:00,,3139.935546875,WETH-USD,,,,,,,,,,,,3101.7197265625,,,,,,,,,,,
2022-03-26 00:00:00+00:00,,3287.871337890625,WETH-USD,,,,,,,,,,,,3139.935546875,,,,,,,,,,,
2022-03-27 00:00:00+00:00,,3326.632080078125,WETH-USD,,,,,,,,,,,,3287.871337890625,,,,,,,,,,,
2022-03-28 00:00:00+00:00,,3394.893798828125,WETH-USD,,,,,,,,,,,,3326.632080078125,,,,,,,,,,,
2022-03-29 00:00:00+00:00,,3385.262939453125,WETH-USD,,,,,,,,,,,,3394.893798828125,,,,,,,,,,,
2022-03-30 00:00:00+00:00,,3277.447509765625,WETH-USD,,,,,,,,,,,,3385.262939453125,,,,,,,,,,,
2022-03-31 00:00:00+00:00,,3441.910888671875,WETH-USD,,,,,,,,,,,,3277.447509765625,,,,,,,,,,,
2022-04-01 00:00:00+00:00,,3446.97119140625,WETH-USD,,,,,,,,,,,,3441.910888671875,,,,,,,,,,,
2022-04-02 00:00:00+00:00,,3523.1923828125,WETH-USD,,,,,,,,,,,,3446.97119140625,,,,,,,,,,,
2022-04-03 00:00:00+00:00,,3523.3056640625,WETH-USD,,,,,,,,,,,,3523.1923828125,,,,,,,,,,,
2022-04-04 00:00:00+00:00,,3416.906494140625,WETH-USD,,,,,,,,,,,,3523.3056640625,,,,,,,,,,,
2022-04-05 00:00:00+00:00,,3170.596923828125,WETH-USD,,,,,,,,,,,,3416.906494140625,,,,,,,,,,,
2022-04-06 00:00:00+00:00,,3235.276123046875,WETH-USD,,,,,,,,,,,,3170.596923828125,,,,,,,,,,,
2022-04-07 00:00:00+00:00,,3182.164794921875,WETH-USD,,,,,,,,,,,,3235.276123046875,,,,,,,,,,,
2022-04-08 00:00:00+00:00,,3258.192626953125,WETH-USD,,,,,,,,,,,,3182.164794921875,,,,,,,,,,,
2022-04-09 00:00:00+00:00,,3220.73779296875,WETH-USD,,,,,,,,,,,,3258.192626953125,,,,,,,,,,,
2022-04-10 00:00:00+00:00,,2984.584228515625,WETH-USD,,,,,,,,,,,,3220.73779296875,,,,,,,,,,,
2022-04-11 00:00:00+00:00,,3025.931396484375,WETH-USD,,,,,,,,,,,,2984.584228515625,,,,,,,,,,,
2022-04-12 00:00:00+00:00,,3117.885986328125,WETH-USD,,,,,,,,,,,,3025.931396484375,,,,,,,,,,,
2022-04-13 00:00:00+00:00,,3020.7822265625,WETH-USD,,,,,,,,,,,,3117.885986328125,,,,,,,,,,,
2022-04-14 00:00:00+00:00,,3036.142578125,WETH-USD,,,,,,,,,,,,3020.7822265625,,,,,,,,,,,
2022-04-15 00:00:00+00:00,,3064.752685546875,WETH-USD,,,,,,,,,,,,3036.142578125,,,,,,,,,,,
2022-04-16 00:00:00+00:00,,2991.5615234375,WETH-USD,,,,,,,,,,,,3064.752685546875,,,,,,,,,,,
2022-04-17 00:00:00+00:00,,3056.91748046875,WETH-USD,,,,,,,,,,,,2991.5615234375,,,,,,,,,,,
2022-04-18 00:00:00+00:00,,3102.250244140625,WETH-USD,,,,,,,,,,,,3056.91748046875,,,,,,,,,,,
2022-04-19 00:00:00+00:00,,3077.425048828125,WETH-USD,,,,,,,,,,,,3102.250244140625,,,,,,,,,,,
2022-04-20 00:00:00+00:00,,2983.310791015625,WETH-USD,,,,,,,,,,,,3077.425048828125,,,,,,,,,,,
2022-04-21 00:00:00+00:00,,2961.739501953125,WETH-USD,,,,,,,,,,,,2983.310791015625,,,,,,,,,,,
2022-04-22 00:00:00+00:00,,2935.382080078125,WETH-USD,,,,,,,,,,,,2961.739501953125,,,,,,,,,,,
2022-04-23 00:00:00+00:00,,2924.357421875,WETH-USD,,,,,,,,,,,,2935.382080078125,,,,,,,,,,,
2022-04-24 00:00:00+00:00,,3011.31982421875,WETH-USD,,,,,,,,,,,,2924.357421875,,,,,,,,,,,
2022-04-25 00:00:00+00:00,,2801.671142578125,WETH-USD,,,,,,,,,,,,3011.31982421875,,,,,,,,,,,
2022-04-26 00:00:00+00:00,,2888.442626953125,WETH-USD,,,,,,,,,,,,2801.671142578125,,,,,,,,,,,
2022-04-27 00:00:00+00:00,,2932.61328125,WETH-USD,,,,,,,,,,,,2888.442626953125,,,,,,,,,,,
2022-04-28 00:00:00+00:00,,2813.215576171875,WETH-USD,,,,,,,,,,,,2932.61328125,,,,,,,,,,,
2022-04-29 00:00:00+00:00,,2726.669677734375,WETH-USD,,,,,,,,,,,,2813.215576171875,,,,,,,,,,,
2022-04-30 00:00:00+00:00,,2828.323974609375,WETH-USD,,,,,,,,,,,,2726.669677734375,,,,,,,,,,,
2022-05-01 00:00:00+00:00,,2860.470458984375,WETH-USD,,,,,,,,,,,,2828.323974609375,,,,,,,,,,,
2022-05-02 00:00:00+00:00,,2783.428466796875,WETH-USD,,,,,,,,,,,,2860.470458984375,,,,,,,,,,,
2022-05-03 00:00:00+00:00,,2934.93212890625,WETH-USD,,,,,,,,,,,,2783.428466796875,,,,,,,,,,,
2022-05-04 00:00:00+00:00,,2744.021240234375,WETH-USD,,,,,,,,,,,,2934.93212890625,,,,,,,,,,,
2022-05-05 00:00:00+00:00,,2696.4072265625,WETH-USD,,,,,,,,,,,,2744.021240234375,,,,,,,,,,,
2022-05-06 00:00:00+00:00,,2640.28759765625,WETH-USD,,,,,,,,,,,,2696.4072265625,,,,,,,,,,,
2022-05-07 00:00:00+00:00,,2515.394287109375,WETH-USD,,,,,,,,,,,,2640.28759765625,,,,,,,,,,,
2022-05-08 00:00:00+00:00,,2250.1962890625,WETH-USD,,,,,,,,,,,,2515.394287109375,,,,,,,,,,,
2022-05-09 00:00:00+00:00,,2340.943603515625,WETH-USD,,,,,,,,,,,,2250.1962890625,,,,,,,,,,,
2022-05-10 00:00:00+00:00,,2072.56494140625,WETH-USD,,,,,,,,,,,,2340.943603515625,,,,,,,,,,,
2022-05-11 00:00:00+00:00,,1967.1986083984375,WETH-USD,,,,,,,,,,,,2072.56494140625,,,,,,,,,,,
2022-05-12 00:00:00+00:00,,2009.484619140625,WETH-USD,,,,,,,,,,,,1967.1986083984375,,,,,,,,,,,
2022-05-13 00:00:00+00:00,,2059.0224609375,WETH-USD,,,,,,,,,,,,2009.484619140625,,,,,,,,,,,
2022-05-14 00:00:00+00:00,,2143.775146484375,WETH-USD,,,,,,,,,,,,2059.0224609375,,,,,,,,,,,
2022-05-15 00:00:00+00:00,,2025.9244384765625,WETH-USD,,,,,,,,,,,,2143.775146484375,,,,,,,,,,,
2022-05-16 00:00:00+00:00,,2093.66357421875,WETH-USD,,,,,,,,,,,,2025.9244384765625,,,,,,,,,,,
2022-05-17 00:00:00+00:00,,1917.090576171875,WETH-USD,,,,,,,,,,,,2093.66357421875,,,,,,,,,,,
2022-05-18 00:00:00+00:00,,2020.8304443359375,WETH-USD,,,,,,,,,,,,1917.090576171875,,,,,,,,,,,
2022-05-19 00:00:00+00:00,,1963.13037109375,WETH-USD,,,,,,,,,,,,2020.8304443359375,,,,,,,,,,,
2022-05-20 00:00:00+00:00,,1975.249267578125,WETH-USD,,,,,,,,,,,,1963.13037109375,,,,,,,,,,,
2022-05-21 00:00:00+00:00,,2048.179443359375,WETH-USD,,,,,,,,,,,,1975.249267578125,,,,,,,,,,,
2022-05-22 00:00:00+00:00,,1970.627197265625,WETH-USD,,,,,,,,,,,,2048.179443359375,,,,,,,,,,,
2022-05-23 00:00:00+00:00,,1980.0892333984375,WETH-USD,,,,,,,,,,,,1970.627197265625,,,,,,,,,,,
2022-05-24 00:00:00+00:00,,1945.32080078125,WETH-USD,,,,,,,,,,,,1980.0892333984375,,,,,,,,,,,
2022-05-25 00:00:00+00:00,,1802.8492431640625,WETH-USD,,,,,,,,,,,,1945.32080078125,,,,,,,,,,,
2022-05-26 00:00:00+00:00,,1719.8419189453125,WETH-USD,,,,,,,,,,,,1802.8492431640625,,,,,,,,,,,
2022-05-27 00:00:00+00:00,,1755.2806396484375,WETH-USD,,,,,,,,,,,,1719.8419189453125,,,,,,,,,,,
2022-05-28 00:00:00+00:00,,1812.6480712890625,WETH-USD,,,,,,,,,,,,1755.2806396484375,,,,,,,,,,,
2022-05-29 00:00:00+00:00,,1993.3006591796875,WETH-USD,,,,,,,,,,,,1812.6480712890625,,,,,,,,,,,
2022-05-30 00:00:00+00:00,,1945.6590576171875,WETH-USD,,,,,,,,,,,,1993.3006591796875,,,,,,,,,,,
2022-05-31 00:00:00+00:00,,1826.179931640625,WETH-USD,,,,,,,,,,,,1945.6590576171875,,,,,,,,,,,
2022-06-01 00:00:00+00:00,,1837.361083984375,WETH-USD,,,,,,,,,,,,1826.179931640625,,,,,,,,,,,
2022-06-02 00:00:00+00:00,,1774.46044921875,WETH-USD,,,,,,,,,,,,1837.361083984375,,,,,,,,,,,
2022-06-03 00:00:00+00:00,,1798.864501953125,WETH-USD,,,,,,,,,,,,1774.46044921875,,,,,,,,,,,
2022-06-04 00:00:00+00:00,,1806.7637939453125,WETH-USD,,,,,,,,,,,,1798.864501953125,,,,,,,,,,,
2022-06-05 00:00:00+00:00,,1857.45947265625,WETH-USD,,,,,,,,,,,,1806.7637939453125,,,,,,,,,,,
2022-06-06 00:00:00+00:00,,1815.435791015625,WETH-USD,,,,,,,,,,,,1857.45947265625,,,,,,,,,,,
2022-06-07 00:00:00+00:00,,1794.990966796875,WETH-USD,,,,,,,,,,,,1815.435791015625,,,,,,,,,,,
2022-06-08 00:00:00+00:00,,1786.4913330078125,WETH-USD,,,,,,,,,,,,1794.990966796875,,,,,,,,,,,
2022-06-09 00:00:00+00:00,,1659.794189453125,WETH-USD,,,,,,,,,,,,1786.4913330078125,,,,,,,,,,,
2022-06-10 00:00:00+00:00,,1527.2269287109375,WETH-USD,,,,,,,,,,,,1659.794189453125,,,,,,,,,,,
2022-06-11 00:00:00+00:00,,1445.52587890625,WETH-USD,,,,,,,,,,,,1527.2269287109375,,,,,,,,,,,
2022-06-12 00:00:00+00:00,,1201.2027587890625,WETH-USD,,,,,,,,,,,,1445.52587890625,,,,,,,,,,,
2022-06-13 00:00:00+00:00,,1211.3758544921875,WETH-USD,,,,,,,,,,,,1201.2027587890625,,,,,,,,,,,
2022-06-14 00:00:00+00:00,,1228.4361572265625,WETH-USD,,,,,,,,,,,,1211.3758544921875,,,,,,,,,,,
2022-06-15 00:00:00+00:00,,1065.248046875,WETH-USD,,,,,,,,,,,,1228.4361572265625,,,,,,,,,,,
2022-06-16 00:00:00+00:00,,1086.1279296875,WETH-USD,,,,,,,,,,,,1065.248046875,,,,,,,,,,,
2022-06-17 00:00:00+00:00,,993.0971069335938,WETH-USD,,,,,,,,,,,,1086.1279296875,,,,,,,,,,,
2022-06-18 00:00:00+00:00,,1124.744140625,WETH-USD,,,,,,,,,,,,993.0971069335938,,,,,,,,,,,
2022-06-19 00:00:00+00:00,,1131.051513671875,WETH-USD,,,,,,,,,,,,1124.744140625,,,,,,,,,,,
2022-06-20 00:00:00+00:00,,1124.1158447265625,WETH-USD,,,,,,,,,,,,1131.051513671875,,,,,,,,,,,
2022-06-21 00:00:00+00:00,,1052.4918212890625,WETH-USD,,,,,,,,,,,,1124.1158447265625,,,,,,,,,,,
2022-06-22 00:00:00+00:00,,1144.8199462890625,WETH-USD,,,,,,,,,,,,1052.4918212890625,,,,,,,,,,,
2022-06-23 00:00:00+00:00,,1228.865234375,WETH-USD,,,,,,,,,,,,1144.8199462890625,,,,,,,,,,,
2022-06-24 00:00:00+00:00,,1242.1907958984375,WETH-USD,,,,,,,,,,,,1228.865234375,,,,,,,,,,,
2022-06-25 00:00:00+00:00,,1200.65869140625,WETH-USD,,,,,,,,,,,,1242.1907958984375,,,,,,,,,,,
2022-06-26 00:00:00+00:00,,1193.73681640625,WETH-USD,,,,,,,,,,,,1200.65869140625,,,,,,,,,,,
2022-06-27 00:00:00+00:00,,1141.66845703125,WETH-USD,,,,,,,,,,,,1193.73681640625,,,,,,,,,,,
2022-06-28 00:00:00+00:00,,1095.73095703125,WETH-USD,,,,,,,,,,,,1141.66845703125,,,,,,,,,,,
2022-06-29 00:00:00+00:00,,1069.4539794921875,WETH-USD,,,,,,,,,,,,1095.73095703125,,,,,,,,,,,
2022-06-30 00:00:00+00:00,,1060.626953125,WETH-USD,,,,,,,,,,,,1069.4539794921875,,,,,,,,,,,
2022-07-01 00:00:00+00:00,,1067.5928955078125,WETH-USD,,,,,,,,,,,,1060.626953125,,,,,,,,,,,
2022-07-02 00:00:00+00:00,,1073.635986328125,WETH-USD,,,,,,,,,,,,1067.5928955078125,,,,,,,,,,,
2022-07-03 00:00:00+00:00,,1152.094482421875,WETH-USD,,,,,,,,,,,,1073.635986328125,,,,,,,,,,,
2022-07-04 00:00:00+00:00,,1133.37255859375,WETH-USD,,,,,,,,,,,,1152.094482421875,,,,,,,,,,,
2022-07-05 00:00:00+00:00,,1188.773681640625,WETH-USD,,,,,,,,,,,,1133.37255859375,,,,,,,,,,,
2022-07-06 00:00:00+00:00,,1238.66357421875,WETH-USD,,,,,,,,,,,,1188.773681640625,,,,,,,,,,,
2022-07-07 00:00:00+00:00,,1227.739013671875,WETH-USD,,,,,,,,,,,,1238.66357421875,,,,,,,,,,,
2022-07-08 00:00:00+00:00,,1217.278564453125,WETH-USD,,,,,,,,,,,,1227.739013671875,,,,,,,,,,,
2022-07-09 00:00:00+00:00,,1166.4459228515625,WETH-USD,,,,,,,,,,,,1217.278564453125,,,,,,,,,,,
2022-07-10 00:00:00+00:00,,1098.5111083984375,WETH-USD,,,,,,,,,,,,1166.4459228515625,,,,,,,,,,,
2022-07-11 00:00:00+00:00,,1038.586669921875,WETH-USD,,,,,,,,,,,,1098.5111083984375,,,,,,,,,,,
2022-07-12 00:00:00+00:00,,1112.615478515625,WETH-USD,,,,,,,,,,,,1038.586669921875,,,,,,,,,,,
2022-07-13 00:00:00+00:00,,1192.5037841796875,WETH-USD,,,,,,,,,,,,1112.615478515625,,,,,,,,,,,
2022-07-14 00:00:00+00:00,,1233.474365234375,WETH-USD,,,,,,,,,,,,1192.5037841796875,,,,,,,,,,,
2022-07-15 00:00:00+00:00,,1353.4417724609375,WETH-USD,,,,,,,,,,,,1233.474365234375,,,,,,,,,,,
2022-07-16 00:00:00+00:00,,1342.9478759765625,WETH-USD,,,,,,,,,,,,1353.4417724609375,,,,,,,,,,,
2022-07-17 00:00:00+00:00,,1564.83837890625,WETH-USD,,,,,,,,,,,,1342.9478759765625,,,,,,,,,,,
2022-07-18 00:00:00+00:00,,1540.568603515625,WETH-USD,,,,,,,,,,,,1564.83837890625,,,,,,,,,,,
2022-07-19 00:00:00+00:00,,1522.7135009765625,WETH-USD,,,,,,,,,,,,1540.568603515625,,,,,,,,,,,
2022-07-20 00:00:00+00:00,,1576.3814697265625,WETH-USD,,,,,,,,,,,,1522.7135009765625,,,,,,,,,,,
2022-07-21 00:00:00+00:00,,1535.31298828125,WETH-USD,,,,,,,,,,,,1576.3814697265625,,,,,,,,,,,
2022-07-22 00:00:00+00:00,,1550.726318359375,WETH-USD,,,,,,,,,,,,1535.31298828125,,,,,,,,,,,
2022-07-23 00:00:00+00:00,,1603.8040771484375,WETH-USD,,,,,,,,,,,,1550.726318359375,,,,,,,,,,,
2022-07-24 00:00:00+00:00,,1447.20703125,WETH-USD,,,,,,,,,,,,1603.8040771484375,,,,,,,,,,,
2022-07-25 00:00:00+00:00,,1437.7154541015625,WETH-USD,,,,,,,,,,,,1447.20703125,,,,,,,,,,,
2022-07-26 00:00:00+00:00,,1638.5306396484375,WETH-USD,,,,,,,,,,,,1437.7154541015625,,,,,,,,,,,
2022-07-27 00:00:00+00:00,,1725.0126953125,WETH-USD,,,,,,,,,,,,1638.5306396484375,,,,,,,,,,,
2022-07-28 00:00:00+00:00,,1728.6546630859375,WETH-USD,,,,,,,,,,,,1725.0126953125,,,,,,,,,,,
2022-07-29 00:00:00+00:00,,1692.8604736328125,WETH-USD,,,,,,,,,,,,1728.6546630859375,,,,,,,,,,,
2022-07-30 00:00:00+00:00,,1684.6826171875,WETH-USD,,,,,,,,,,,,1692.8604736328125,,,,,,,,,,,
2022-07-31 00:00:00+00:00,,1633.0732421875,WETH-USD,,,,,,,,,,,,1684.6826171875,,,,,,,,,,,
2022-08-01 00:00:00+00:00,,1638.3404541015625,WETH-USD,,,,,,,,,,,,1633.0732421875,,,,,,,,,,,
2022-08-02 00:00:00+00:00,,1617.6336669921875,WETH-USD,,,,,,,,,,,,1638.3404541015625,,,,,,,,,,,
2022-08-03 00:00:00+00:00,,1607.481689453125,WETH-USD,,,,,,,,,,,,1617.6336669921875,,,,,,,,,,,
2022-08-04 00:00:00+00:00,,1730.2120361328125,WETH-USD,,,,,,,,,,,,1607.481689453125,,,,,,,,,,,
2022-08-05 00:00:00+00:00,,1695.353515625,WETH-USD,,,,,,,,,,,,1730.2120361328125,,,,,,,,,,,
2022-08-06 00:00:00+00:00,,1697.2110595703125,WETH-USD,,,,,,,,,,,,1695.353515625,,,,,,,,,,,
2022-08-07 00:00:00+00:00,,1774.4434814453125,WETH-USD,,,,,,,,,,,,1697.2110595703125,,,,,,,,,,,
2022-08-08 00:00:00+00:00,,1703.4788818359375,WETH-USD,,,,,,,,,,,,1774.4434814453125,,,,,,,,,,,
2022-08-09 00:00:00+00:00,,1855.296875,WETH-USD,,,,,,,,,,,,1703.4788818359375,,,,,,,,,,,
2022-08-10 00:00:00+00:00,,1882.659912109375,WETH-USD,,,,,,,,,,,,1855.296875,,,,,,,,,,,
2022-08-11 00:00:00+00:00,,1953.4195556640625,WETH-USD,,,,,,,,,,,,1882.659912109375,,,,,,,,,,,
2022-08-12 00:00:00+00:00,,1983.6396484375,WETH-USD,,,,,,,,,,,,1953.4195556640625,,,,,,,,,,,
2022-08-13 00:00:00+00:00,,1937.027587890625,WETH-USD,,,,,,,,,,,,1983.6396484375,,,,,,,,,,,
2022-08-14 00:00:00+00:00,,1901.2352294921875,WETH-USD,,,,,,,,,,,,1937.027587890625,,,,,,,,,,,
2022-08-15 00:00:00+00:00,,1876.89111328125,WETH-USD,,,,,,,,,,,,1901.2352294921875,,,,,,,,,,,
2022-08-16 00:00:00+00:00,,1836.60546875,WETH-USD,,,,,,,,,,,,1876.89111328125,,,,,,,,,,,
2022-08-17 00:00:00+00:00,,1850.380615234375,WETH-USD,,,,,,,,,,,,1836.60546875,,,,,,,,,,,
2022-08-18 00:00:00+00:00,,1614.658447265625,WETH-USD,,,,,,,,,,,,1850.380615234375,,,,,,,,,,,
2022-08-19 00:00:00+00:00,,1575.4761962890625,WETH-USD,,,,,,,,,,,,1614.658447265625,,,,,,,,,,,
2022-08-20 00:00:00+00:00,,1617.4852294921875,WETH-USD,,,,,,,,,,,,1575.4761962890625,,,,,,,,,,,
2022-08-21 00:00:00+00:00,,1619.6544189453125,WETH-USD,,,,,,,,,,,,1617.4852294921875,,,,,,,,,,,
2022-08-22 00:00:00+00:00,,1661.0262451171875,WETH-USD,,,,,,,,,,,,1619.6544189453125,,,,,,,,,,,
2022-08-23 00:00:00+00:00,,1661.3267822265625,WETH-USD,,,,,,,,,,,,1661.0262451171875,,,,,,,,,,,
2022-08-24 00:00:00+00:00,,1698.405517578125,WETH-USD,,,,,,,,,,,,1661.3267822265625,,,,,,,,,,,
2022-08-25 00:00:00+00:00,,1506.9273681640625,WETH-USD,,,,,,,,,,,,1698.405517578125,,,,,,,,,,,
2022-08-26 00:00:00+00:00,,1487.988037109375,WETH-USD,,,,,,,,,,,,1506.9273681640625,,,,,,,,,,,
2022-08-27 00:00:00+00:00,,1432.1065673828125,WETH-USD,,,,,,,,,,,,1487.988037109375,,,,,,,,,,,
2022-08-28 00:00:00+00:00,,1550.56787109375,WETH-USD,,,,,,,,,,,,1432.1065673828125,,,,,,,,,,,
2022-08-29 00:00:00+00:00,,1526.0706787109375,WETH-USD,,,,,,,,,,,,1550.56787109375,,,,,,,,,,,
2022-08-30 00:00:00+00:00,,1553.36474609375,WETH-USD,,,,,,,,,,,,1526.0706787109375,,,,,,,,,,,
2022-08-31 00:00:00+00:00,,1584.1201171875,WETH-USD,,,,,,,,,,,,1553.36474609375,,,,,,,,,,,
2022-09-01 00:00:00+00:00,,1576.0943603515625,WETH-USD,,,,,,,,,,,,1584.1201171875,,,,,,,,,,,
2022-09-02 00:00:00+00:00,,1555.352294921875,WETH-USD,,,,,,,,,,,,1576.0943603515625,,,,,,,,,,,
2022-09-03 00:00:00+00:00,,1573.9666748046875,WETH-USD,,,,,,,,,,,,1555.352294921875,,,,,,,,,,,
2022-09-04 00:00:00+00:00,,1614.8763427734375,WETH-USD,,,,,,,,,,,,1573.9666748046875,,,,,,,,,,,
2022-09-05 00:00:00+00:00,,1567.6434326171875,WETH-USD,,,,,,,,,,,,1614.8763427734375,,,,,,,,,,,
2022-09-06 00:00:00+00:00,,1629.4549560546875,WETH-USD,,,,,,,,,,,,1567.6434326171875,,,,,,,,,,,
2022-09-07 00:00:00+00:00,,1637.9542236328125,WETH-USD,,,,,,,,,,,,1629.4549560546875,,,,,,,,,,,
2022-09-08 00:00:00+00:00,,1717.0167236328125,WETH-USD,,,,,,,,,,,,1637.9542236328125,,,,,,,,,,,
2022-09-09 00:00:00+00:00,,1774.606689453125,WETH-USD,,,,,,,,,,,,1717.0167236328125,,,,,,,,,,,
2022-09-10 00:00:00+00:00,,1757.4879150390625,WETH-USD,,,,,,,,,,,,1774.606689453125,,,,,,,,,,,
2022-09-11 00:00:00+00:00,,1714.5322265625,WETH-USD,,,,,,,,,,,,1757.4879150390625,,,,,,,,,,,
2022-09-12 00:00:00+00:00,,1576.3968505859375,WETH-USD,,,,,,,,,,,,1714.5322265625,,,,,,,,,,,
2022-09-13 00:00:00+00:00,,1633.06103515625,WETH-USD,,,,,,,,,,,,1576.3968505859375,,,,,,,,,,,
2022-09-14 00:00:00+00:00,,1471.4132080078125,WETH-USD,,,,,,,,,,,,1633.06103515625,,,,,,,,,,,
2022-09-15 00:00:00+00:00,,1432.0701904296875,WETH-USD,,,,,,,,,,,,1471.4132080078125,,,,,,,,,,,
2022-09-16 00:00:00+00:00,,1466.9189453125,WETH-USD,,,,,,,,,,,,1432.0701904296875,,,,,,,,,,,
2022-09-17 00:00:00+00:00,,1335.8502197265625,WETH-USD,,,,,,,,,,,,1466.9189453125,,,,,,,,,,,
2022-09-18 00:00:00+00:00,,1377.673828125,WETH-USD,,,,,,,,,,,,1335.8502197265625,,,,,,,,,,,
2022-09-19 00:00:00+00:00,,1324.8067626953125,WETH-USD,,,,,,,,,,,,1377.673828125,,,,,,,,,,,
2022-09-20 00:00:00+00:00,,1252.8072509765625,WETH-USD,,,,,,,,,,,,1324.8067626953125,,,,,,,,,,,
2022-09-21 00:00:00+00:00,,1328.594482421875,WETH-USD,,,,,,,,,,,,1252.8072509765625,,,,,,,,,,,
2022-09-22 00:00:00+00:00,,1327.055908203125,WETH-USD,,,,,,,,,,,,1328.594482421875,,,,,,,,,,,
2022-09-23 00:00:00+00:00,,1319.15185546875,WETH-USD,,,,,,,,,,,,1327.055908203125,,,,,,,,,,,
2022-09-24 00:00:00+00:00,,1294.23193359375,WETH-USD,,,,,,,,,,,,1319.15185546875,,,,,,,,,,,
2022-09-25 00:00:00+00:00,,1335.36767578125,WETH-USD,,,,,,,,,,,,1294.23193359375,,,,,,,,,,,
2022-09-26 00:00:00+00:00,,1330.0679931640625,WETH-USD,,,,,,,,,,,,1335.36767578125,,,,,,,,,,,
2022-09-27 00:00:00+00:00,,1336.81884765625,WETH-USD,,,,,,,,,,,,1330.0679931640625,,,,,,,,,,,
2022-09-28 00:00:00+00:00,,1336.122314453125,WETH-USD,,,,,,,,,,,,1336.81884765625,,,,,,,,,,,
2022-09-29 00:00:00+00:00,,1328.3853759765625,WETH-USD,,,,,,,,,,,,1336.122314453125,,,,,,,,,,,
2022-09-30 00:00:00+00:00,,1311.150634765625,WETH-USD,,,,,,,,,,,,1328.3853759765625,,,,,,,,,,,
2022-10-01 00:00:00+00:00,,1275.7618408203125,WETH-USD,,,,,,,,,,,,1311.150634765625,,,,,,,,,,,
2022-10-02 00:00:00+00:00,,1324.619140625,WETH-USD,,,,,,,,,,,,1275.7618408203125,,,,,,,,,,,
2022-10-03 00:00:00+00:00,,1361.8104248046875,WETH-USD,,,,,,,,,,,,1324.619140625,,,,,,,,,,,
2022-10-04 00:00:00+00:00,,1352.0645751953125,WETH-USD,,,,,,,,,,,,1361.8104248046875,,,,,,,,,,,
2022-10-05 00:00:00+00:00,,1351.031005859375,WETH-USD,,,,,,,,,,,,1352.0645751953125,,,,,,,,,,,
2022-10-06 00:00:00+00:00,,1331.0635986328125,WETH-USD,,,,,,,,,,,,1351.031005859375,,,,,,,,,,,
2022-10-07 00:00:00+00:00,,1314.891845703125,WETH-USD,,,,,,,,,,,,1331.0635986328125,,,,,,,,,,,
2022-10-08 00:00:00+00:00,,1322.178466796875,WETH-USD,,,,,,,,,,,,1314.891845703125,,,,,,,,,,,
2022-10-09 00:00:00+00:00,,1290.611083984375,WETH-USD,,,,,,,,,,,,1322.178466796875,,,,,,,,,,,
2022-10-10 00:00:00+00:00,,1278.89794921875,WETH-USD,,,,,,,,,,,,1290.611083984375,,,,,,,,,,,
2022-10-11 00:00:00+00:00,,1293.659912109375,WETH-USD,,,,,,,,,,,,1278.89794921875,,,,,,,,,,,
2022-10-12 00:00:00+00:00,,1288.7978515625,WETH-USD,,,,,,,,,,,,1293.659912109375,,,,,,,,,,,
2022-10-13 00:00:00+00:00,,1297.8260498046875,WETH-USD,,,,,,,,,,,,1288.7978515625,,,,,,,,,,,
2022-10-14 00:00:00+00:00,,1274.2672119140625,WETH-USD,,,,,,,,,,,,1297.8260498046875,,,,,,,,,,,
2022-10-15 00:00:00+00:00,,1305.662353515625,WETH-USD,,,,,,,,,,,,1274.2672119140625,,,,,,,,,,,
2022-10-16 00:00:00+00:00,,1331.0029296875,WETH-USD,,,,,,,,,,,,1305.662353515625,,,,,,,,,,,
2022-10-17 00:00:00+00:00,,1310.5220947265625,WETH-USD,,,,,,,,,,,,1331.0029296875,,,,,,,,,,,
2022-10-18 00:00:00+00:00,,1285.7935791015625,WETH-USD,,,,,,,,,,,,1310.5220947265625,,,,,,,,,,,
2022-10-19 00:00:00+00:00,,1282.256103515625,WETH-USD,,,,,,,,,,,,1285.7935791015625,,,,,,,,,,,
2022-10-20 00:00:00+00:00,,1299.686767578125,WETH-USD,,,,,,,,,,,,1282.256103515625,,,,,,,,,,,
2022-10-21 00:00:00+00:00,,1314.278564453125,WETH-USD,,,,,,,,,,,,1299.686767578125,,,,,,,,,,,
2022-10-22 00:00:00+00:00,,1363.5008544921875,WETH-USD,,,,,,,,,,,,1314.278564453125,,,,,,,,,,,
2022-10-23 00:00:00+00:00,,1344.2796630859375,WETH-USD,,,,,,,,,,,,1363.5008544921875,,,,,,,,,,,
2022-10-24 00:00:00+00:00,,1461.729736328125,WETH-USD,,,,,,,,,,,,1344.2796630859375,,,,,,,,,,,
2022-10-25 00:00:00+00:00,,1565.46875,WETH-USD,,,,,,,,,,,,1461.729736328125,,,,,,,,,,,
2022-10-26 00:00:00+00:00,,1513.7530517578125,WETH-USD,,,,,,,,,,,,1565.46875,,,,,,,,,,,
2022-10-27 00:00:00+00:00,,1554.6282958984375,WETH-USD,,,,,,,,,,,,1513.7530517578125,,,,,,,,,,,
2022-10-28 00:00:00+00:00,,1619.227783203125,WETH-USD,,,,,,,,,,,,1554.6282958984375,,,,,,,,,,,
2022-10-29 00:00:00+00:00,,1591.2630615234375,WETH-USD,,,,,,,,,,,,1619.227783203125,,,,,,,,,,,
2022-10-30 00:00:00+00:00,,1573.1475830078125,WETH-USD,,,,,,,,,,,,1591.2630615234375,,,,,,,,,,,
2022-10-31 00:00:00+00:00,,1579.1048583984375,WETH-USD,,,,,,,,,,,,1573.1475830078125,,,,,,,,,,,
2022-11-01 00:00:00+00:00,,1519.253662109375,WETH-USD,,,,,,,,,,,,1579.1048583984375,,,,,,,,,,,
2022-11-02 00:00:00+00:00,,1529.99365234375,WETH-USD,,,,,,,,,,,,1519.253662109375,,,,,,,,,,,
2022-11-03 00:00:00+00:00,,1645.7821044921875,WETH-USD,,,,,,,,,,,,1529.99365234375,,,,,,,,,,,
2022-11-04 00:00:00+00:00,,1627.6990966796875,WETH-USD,,,,,,,,,,,,1645.7821044921875,,,,,,,,,,,
2022-11-05 00:00:00+00:00,,1572.0745849609375,WETH-USD,,,,,,,,,,,,1627.6990966796875,,,,,,,,,,,
2022-11-06 00:00:00+00:00,,1567.212890625,WETH-USD,,,,,,,,,,,,1572.0745849609375,,,,,,,,,,,
2022-11-07 00:00:00+00:00,,1333.020263671875,WETH-USD,,,,,,,,,,,,1567.212890625,,,,,,,,,,,
2022-11-08 00:00:00+00:00,,1101.7755126953125,WETH-USD,,,,,,,,,,,,1333.020263671875,,,,,,,,,,,
2022-11-09 00:00:00+00:00,,1298.642578125,WETH-USD,,,,,,,,,,,,1101.7755126953125,,,,,,,,,,,
2022-11-10 00:00:00+00:00,,1286.0870361328125,WETH-USD,,,,,,,,,,,,1298.642578125,,,,,,,,,,,
2022-11-11 00:00:00+00:00,,1254.2218017578125,WETH-USD,,,,,,,,,,,,1286.0870361328125,,,,,,,,,,,
2022-11-12 00:00:00+00:00,,1220.814453125,WETH-USD,,,,,,,,,,,,1254.2218017578125,,,,,,,,,,,
2022-11-13 00:00:00+00:00,,1240.7698974609375,WETH-USD,,,,,,,,,,,,1220.814453125,,,,,,,,,,,
2022-11-14 00:00:00+00:00,,1251.2857666015625,WETH-USD,,,,,,,,,,,,1240.7698974609375,,,,,,,,,,,
2022-11-15 00:00:00+00:00,,1215.2601318359375,WETH-USD,,,,,,,,,,,,1251.2857666015625,,,,,,,,,,,
2022-11-16 00:00:00+00:00,,1199.5931396484375,WETH-USD,,,,,,,,,,,,1215.2601318359375,,,,,,,,,,,
2022-11-17 00:00:00+00:00,,1212.0975341796875,WETH-USD,,,,,,,,,,,,1199.5931396484375,,,,,,,,,,,
2022-11-18 00:00:00+00:00,,1218.567626953125,WETH-USD,,,,,,,,,,,,1212.0975341796875,,,,,,,,,,,
2022-11-19 00:00:00+00:00,,1142.1488037109375,WETH-USD,,,,,,,,,,,,1218.567626953125,,,,,,,,,,,
2022-11-20 00:00:00+00:00,,1107.49267578125,WETH-USD,,,,,,,,,,,,1142.1488037109375,,,,,,,,,,,
2022-11-21 00:00:00+00:00,,1135.7381591796875,WETH-USD,,,,,,,,,,,,1107.49267578125,,,,,,,,,,,
2022-11-22 00:00:00+00:00,,1184.0264892578125,WETH-USD,,,,,,,,,,,,1135.7381591796875,,,,,,,,,,,
2022-11-23 00:00:00+00:00,,1203.852294921875,WETH-USD,,,,,,,,,,,,1184.0264892578125,,,,,,,,,,,
2022-11-24 00:00:00+00:00,,1198.2593994140625,WETH-USD,,,,,,,,,,,,1203.852294921875,,,,,,,,,,,
2022-11-25 00:00:00+00:00,,1205.4732666015625,WETH-USD,,,,,,,,,,,,1198.2593994140625,,,,,,,,,,,
2022-11-26 00:00:00+00:00,,1193.2230224609375,WETH-USD,,,,,,,,,,,,1205.4732666015625,,,,,,,,,,,
2022-11-27 00:00:00+00:00,,1168.7728271484375,WETH-USD,,,,,,,,,,,,1193.2230224609375,,,,,,,,,,,
2022-11-28 00:00:00+00:00,,1216.3291015625,WETH-USD,,,,,,,,,,,,1168.7728271484375,,,,,,,,,,,
2022-11-29 00:00:00+00:00,,1294.592041015625,WETH-USD,,,,,,,,,,,,1216.3291015625,,,,,,,,,,,
2022-11-30 00:00:00+00:00,,1275.2874755859375,WETH-USD,,,,,,,,,,,,1294.592041015625,,,,,,,,,,,
2022-12-01 00:00:00+00:00,,1295.1766357421875,WETH-USD,,,,,,,,,,,,1275.2874755859375,,,,,,,,,,,
2022-12-02 00:00:00+00:00,,1241.483642578125,WETH-USD,,,,,,,,,,,,1295.1766357421875,,,,,,,,,,,
2022-12-03 00:00:00+00:00,,1281.127685546875,WETH-USD,,,,,,,,,,,,1241.483642578125,,,,,,,,,,,
2022-12-04 00:00:00+00:00,,1259.539794921875,WETH-USD,,,,,,,,,,,,1281.127685546875,,,,,,,,,,,
2022-12-05 00:00:00+00:00,,1271.198974609375,WETH-USD,,,,,,,,,,,,1259.539794921875,,,,,,,,,,,
2022-12-06 00:00:00+00:00,,1232.0384521484375,WETH-USD,,,,,,,,,,,,1271.198974609375,,,,,,,,,,,
2022-12-07 00:00:00+00:00,,1281.032958984375,WETH-USD,,,,,,,,,,,,1232.0384521484375,,,,,,,,,,,
2022-12-08 00:00:00+00:00,,1262.537841796875,WETH-USD,,,,,,,,,,,,1281.032958984375,,,,,,,,,,,
2022-12-09 00:00:00+00:00,,1266.06396484375,WETH-USD,,,,,,,,,,,,1262.537841796875,,,,,,,,,,,
2022-12-10 00:00:00+00:00,,1262.4725341796875,WETH-USD,,,,,,,,,,,,1266.06396484375,,,,,,,,,,,
2022-12-11 00:00:00+00:00,,1275.239501953125,WETH-USD,,,,,,,,,,,,1262.4725341796875,,,,,,,,,,,
2022-12-12 00:00:00+00:00,,1320.6373291015625,WETH-USD,,,,,,,,,,,,1275.239501953125,,,,,,,,,,,
2022-12-13 00:00:00+00:00,,1307.552734375,WETH-USD,,,,,,,,,,,,1320.6373291015625,,,,,,,,,,,
2022-12-14 00:00:00+00:00,,1265.4835205078125,WETH-USD,,,,,,,,,,,,1307.552734375,,,,,,,,,,,
2022-12-15 00:00:00+00:00,,1167.2183837890625,WETH-USD,,,,,,,,,,,,1265.4835205078125,,,,,,,,,,,
2022-12-16 00:00:00+00:00,,1187.1837158203125,WETH-USD,,,,,,,,,,,,1167.2183837890625,,,,,,,,,,,
2022-12-17 00:00:00+00:00,,1182.99169921875,WETH-USD,,,,,,,,,,,,1187.1837158203125,,,,,,,,,,,
2022-12-18 00:00:00+00:00,,1166.66259765625,WETH-USD,,,,,,,,,,,,1182.99169921875,,,,,,,,,,,
2022-12-19 00:00:00+00:00,,1217.027099609375,WETH-USD,,,,,,,,,,,,1166.66259765625,,,,,,,,,,,
2022-12-20 00:00:00+00:00,,1213.20166015625,WETH-USD,,,,,,,,,,,,1217.027099609375,,,,,,,,,,,
2022-12-21 00:00:00+00:00,,1216.885986328125,WETH-USD,,,,,,,,,,,,1213.20166015625,,,,,,,,,,,
2022-12-22 00:00:00+00:00,,1219.866455078125,WETH-USD,,,,,,,,,,,,1216.885986328125,,,,,,,,,,,
2022-12-23 00:00:00+00:00,,1220.352294921875,WETH-USD,,,,,,,,,,,,1219.866455078125,,,,,,,,,,,
2022-12-24 00:00:00+00:00,,1217.6396484375,WETH-USD,,,,,,,,,,,,1220.352294921875,,,,,,,,,,,
2022-12-25 00:00:00+00:00,,1227.4290771484375,WETH-USD,,,,,,,,,,,,1217.6396484375,,,,,,,,,,,
2022-12-26 00:00:00+00:00,,1212.05859375,WETH-USD,,,,,,,,,,,,1227.4290771484375,,,,,,,,,,,
2022-12-27 00:00:00+00:00,,1189.78466796875,WETH-USD,,,,,,,,,,,,1212.05859375,,,,,,,,,,,
2022-12-28 00:00:00+00:00,,1200.5833740234375,WETH-USD,,,,,,,,,,,,1189.78466796875,,,,,,,,,,,
2022-12-29 00:00:00+00:00,,1198.494873046875,WETH-USD,,,,,,,,,,,,1200.5833740234375,,,,,,,,,,,
2022-12-30 00:00:00+00:00,,1195.32177734375,WETH-USD,,,,,,,,,,,,1198.494873046875,,,,,,,,,,,
2022-12-31 00:00:00+00:00,,,WETH-USD,,,,,,,,,,,,1195.32177734375,,,,,,,,,,,
2022-01-03 00:00:00+00:00,,167.52200317382812,AMZN,,,,,,,,,,,,,170.4044952392578,,,,,,,,,,
2022-01-04 00:00:00+00:00,,164.35699462890625,AMZN,,,,,,,,,,,,,167.52200317382812,,,,,,,,,,
2022-01-05 00:00:00+00:00,,163.25399780273438,AMZN,,,,,,,,,,,,,164.35699462890625,,,,,,,,,,
2022-01-06 00:00:00+00:00,,162.5540008544922,AMZN,,,,,,,,,,,,,163.25399780273438,,,,,,,,,,
2022-01-07 00:00:00+00:00,,161.48599243164062,AMZN,,,,,,,,,,,,,162.5540008544922,,,,,,,,,,
2022-01-10 00:00:00+00:00,,165.36199951171875,AMZN,,,,,,,,,,,,,161.48599243164062,,,,,,,,,,
2022-01-11 00:00:00+00:00,,165.20700073242188,AMZN,,,,,,,,,,,,,165.36199951171875,,,,,,,,,,
2022-01-12 00:00:00+00:00,,161.21400451660156,AMZN,,,,,,,,,,,,,165.20700073242188,,,,,,,,,,
2022-01-13 00:00:00+00:00,,162.13800048828125,AMZN,,,,,,,,,,,,,161.21400451660156,,,,,,,,,,
2022-01-14 00:00:00+00:00,,158.91749572753906,AMZN,,,,,,,,,,,,,162.13800048828125,,,,,,,,,,
2022-01-18 00:00:00+00:00,,156.2989959716797,AMZN,,,,,,,,,,,,,158.91749572753906,,,,,,,,,,
2022-01-19 00:00:00+00:00,,151.66749572753906,AMZN,,,,,,,,,,,,,156.2989959716797,,,,,,,,,,
2022-01-20 00:00:00+00:00,,142.64300537109375,AMZN,,,,,,,,,,,,,151.66749572753906,,,,,,,,,,
2022-01-21 00:00:00+00:00,,144.54400634765625,AMZN,,,,,,,,,,,,,142.64300537109375,,,,,,,,,,
2022-01-24 00:00:00+00:00,,139.98599243164062,AMZN,,,,,,,,,,,,,144.54400634765625,,,,,,,,,,
2022-01-25 00:00:00+00:00,,138.87249755859375,AMZN,,,,,,,,,,,,,139.98599243164062,,,,,,,,,,
2022-01-26 00:00:00+00:00,,139.6374969482422,AMZN,,,,,,,,,,,,,138.87249755859375,,,,,,,,,,
2022-01-27 00:00:00+00:00,,143.97799682617188,AMZN,,,,,,,,,,,,,139.6374969482422,,,,,,,,,,
2022-01-28 00:00:00+00:00,,149.57350158691406,AMZN,,,,,,,,,,,,,143.97799682617188,,,,,,,,,,
2022-01-31 00:00:00+00:00,,151.19349670410156,AMZN,,,,,,,,,,,,,149.57350158691406,,,,,,,,,,
2022-02-01 00:00:00+00:00,,150.6125030517578,AMZN,,,,,,,,,,,,,151.19349670410156,,,,,,,,,,
2022-02-02 00:00:00+00:00,,138.8455047607422,AMZN,,,,,,,,,,,,,150.6125030517578,,,,,,,,,,
2022-02-03 00:00:00+00:00,,157.63949584960938,AMZN,,,,,,,,,,,,,138.8455047607422,,,,,,,,,,
2022-02-04 00:00:00+00:00,,157.9355010986328,AMZN,,,,,,,,,,,,,157.63949584960938,,,,,,,,,,
2022-02-07 00:00:00+00:00,,161.4134979248047,AMZN,,,,,,,,,,,,,157.9355010986328,,,,,,,,,,
2022-02-08 00:00:00+00:00,,161.1894989013672,AMZN,,,,,,,,,,,,,161.4134979248047,,,,,,,,,,
2022-02-09 00:00:00+00:00,,159.0034942626953,AMZN,,,,,,,,,,,,,161.1894989013672,,,,,,,,,,
2022-02-10 00:00:00+00:00,,153.2935028076172,AMZN,,,,,,,,,,,,,159.0034942626953,,,,,,,,,,
2022-02-11 00:00:00+00:00,,155.16700744628906,AMZN,,,,,,,,,,,,,153.2935028076172,,,,,,,,,,
2022-02-14 00:00:00+00:00,,156.510498046875,AMZN,,,,,,,,,,,,,155.16700744628906,,,,,,,,,,
2022-02-15 00:00:00+00:00,,158.10049438476562,AMZN,,,,,,,,,,,,,156.510498046875,,,,,,,,,,
2022-02-16 00:00:00+00:00,,154.65249633789062,AMZN,,,,,,,,,,,,,158.10049438476562,,,,,,,,,,
2022-02-17 00:00:00+00:00,,152.60150146484375,AMZN,,,,,,,,,,,,,154.65249633789062,,,,,,,,,,
2022-02-18 00:00:00+00:00,,150.19749450683594,AMZN,,,,,,,,,,,,,152.60150146484375,,,,,,,,,,
2022-02-22 00:00:00+00:00,,144.82699584960938,AMZN,,,,,,,,,,,,,150.19749450683594,,,,,,,,,,
2022-02-23 00:00:00+00:00,,151.35800170898438,AMZN,,,,,,,,,,,,,144.82699584960938,,,,,,,,,,
2022-02-24 00:00:00+00:00,,153.7884979248047,AMZN,,,,,,,,,,,,,151.35800170898438,,,,,,,,,,
2022-02-25 00:00:00+00:00,,153.56300354003906,AMZN,,,,,,,,,,,,,153.7884979248047,,,,,,,,,,
2022-02-28 00:00:00+00:00,,151.14199829101562,AMZN,,,,,,,,,,,,,153.56300354003906,,,,,,,,,,
2022-03-01 00:00:00+00:00,,152.05250549316406,AMZN,,,,,,,,,,,,,151.14199829101562,,,,,,,,,,
2022-03-02 00:00:00+00:00,,147.89849853515625,AMZN,,,,,,,,,,,,,152.05250549316406,,,,,,,,,,
2022-03-03 00:00:00+00:00,,145.64100646972656,AMZN,,,,,,,,,,,,,147.89849853515625,,,,,,,,,,
2022-03-04 00:00:00+00:00,,137.4530029296875,AMZN,,,,,,,,,,,,,145.64100646972656,,,,,,,,,,
2022-03-07 00:00:00+00:00,,136.01449584960938,AMZN,,,,,,,,,,,,,137.4530029296875,,,,,,,,,,
2022-03-08 00:00:00+00:00,,139.2790069580078,AMZN,,,,,,,,,,,,,136.01449584960938,,,,,,,,,,
2022-03-09 00:00:00+00:00,,146.8175048828125,AMZN,,,,,,,,,,,,,139.2790069580078,,,,,,,,,,
2022-03-10 00:00:00+00:00,,145.52450561523438,AMZN,,,,,,,,,,,,,146.8175048828125,,,,,,,,,,
2022-03-11 00:00:00+00:00,,141.85299682617188,AMZN,,,,,,,,,,,,,145.52450561523438,,,,,,,,,,
2022-03-14 00:00:00+00:00,,147.3665008544922,AMZN,,,,,,,,,,,,,141.85299682617188,,,,,,,,,,
2022-03-15 00:00:00+00:00,,153.10400390625,AMZN,,,,,,,,,,,,,147.3665008544922,,,,,,,,,,
2022-03-16 00:00:00+00:00,,157.23899841308594,AMZN,,,,,,,,,,,,,153.10400390625,,,,,,,,,,
2022-03-17 00:00:00+00:00,,161.25050354003906,AMZN,,,,,,,,,,,,,157.23899841308594,,,,,,,,,,
2022-03-18 00:00:00+00:00,,161.4915008544922,AMZN,,,,,,,,,,,,,161.25050354003906,,,,,,,,,,
2022-03-21 00:00:00+00:00,,164.88900756835938,AMZN,,,,,,,,,,,,,161.4915008544922,,,,,,,,,,
2022-03-22 00:00:00+00:00,,163.4080047607422,AMZN,,,,,,,,,,,,,164.88900756835938,,,,,,,,,,
2022-03-23 00:00:00+00:00,,163.64950561523438,AMZN,,,,,,,,,,,,,163.4080047607422,,,,,,,,,,
2022-03-24 00:00:00+00:00,,164.77349853515625,AMZN,,,,,,,,,,,,,163.64950561523438,,,,,,,,,,
2022-03-25 00:00:00+00:00,,168.99049377441406,AMZN,,,,,,,,,,,,,164.77349853515625,,,,,,,,,,
2022-03-28 00:00:00+00:00,,169.31500244140625,AMZN,,,,,,,,,,,,,168.99049377441406,,,,,,,,,,
2022-03-29 00:00:00+00:00,,166.30099487304688,AMZN,,,,,,,,,,,,,169.31500244140625,,,,,,,,,,
2022-03-30 00:00:00+00:00,,162.99749755859375,AMZN,,,,,,,,,,,,,166.30099487304688,,,,,,,,,,
2022-03-31 00:00:00+00:00,,163.55999755859375,AMZN,,,,,,,,,,,,,162.99749755859375,,,,,,,,,,
2022-04-01 00:00:00+00:00,,168.34649658203125,AMZN,,,,,,,,,,,,,163.55999755859375,,,,,,,,,,
2022-04-04 00:00:00+00:00,,164.05499267578125,AMZN,,,,,,,,,,,,,168.34649658203125,,,,,,,,,,
2022-04-05 00:00:00+00:00,,158.75599670410156,AMZN,,,,,,,,,,,,,164.05499267578125,,,,,,,,,,
2022-04-06 00:00:00+00:00,,157.7845001220703,AMZN,,,,,,,,,,,,,158.75599670410156,,,,,,,,,,
2022-04-07 00:00:00+00:00,,154.4604949951172,AMZN,,,,,,,,,,,,,157.7845001220703,,,,,,,,,,
2022-04-08 00:00:00+00:00,,151.1219940185547,AMZN,,,,,,,,,,,,,154.4604949951172,,,,,,,,,,
2022-04-11 00:00:00+00:00,,150.78750610351562,AMZN,,,,,,,,,,,,,151.1219940185547,,,,,,,,,,
2022-04-12 00:00:00+00:00,,155.54100036621094,AMZN,,,,,,,,,,,,,150.78750610351562,,,,,,,,,,
2022-04-13 00:00:00+00:00,,151.7064971923828,AMZN,,,,,,,,,,,,,155.54100036621094,,,,,,,,,,
2022-04-14 00:00:00+00:00,,152.78500366210938,AMZN,,,,,,,,,,,,,151.7064971923828,,,,,,,,,,
2022-04-18 00:00:00+00:00,,158.11549377441406,AMZN,,,,,,,,,,,,,152.78500366210938,,,,,,,,,,
2022-04-19 00:00:00+00:00,,153.9980010986328,AMZN,,,,,,,,,,,,,158.11549377441406,,,,,,,,,,
2022-04-20 00:00:00+00:00,,148.29600524902344,AMZN,,,,,,,,,,,,,153.9980010986328,,,,,,,,,,
2022-04-21 00:00:00+00:00,,144.35000610351562,AMZN,,,,,,,,,,,,,148.29600524902344,,,,,,,,,,
2022-04-22 00:00:00+00:00,,146.07400512695312,AMZN,,,,,,,,,,,,,144.35000610351562,,,,,,,,,,
2022-04-25 00:00:00+00:00,,139.39100646972656,AMZN,,,,,,,,,,,,,146.07400512695312,,,,,,,,,,
2022-04-26 00:00:00+00:00,,138.16700744628906,AMZN,,,,,,,,,,,,,139.39100646972656,,,,,,,,,,
2022-04-27 00:00:00+00:00,,144.59649658203125,AMZN,,,,,,,,,,,,,138.16700744628906,,,,,,,,,,
2022-04-28 00:00:00+00:00,,124.28150177001953,AMZN,,,,,,,,,,,,,144.59649658203125,,,,,,,,,,
2022-04-29 00:00:00+00:00,,124.5,AMZN,,,,,,,,,,,,,124.28150177001953,,,,,,,,,,
2022-05-02 00:00:00+00:00,,124.25350189208984,AMZN,,,,,,,,,,,,,124.5,,,,,,,,,,
2022-05-03 00:00:00+00:00,,125.92849731445312,AMZN,,,,,,,,,,,,,124.25350189208984,,,,,,,,,,
2022-05-04 00:00:00+00:00,,116.40699768066406,AMZN,,,,,,,,,,,,,125.92849731445312,,,,,,,,,,
2022-05-05 00:00:00+00:00,,114.77249908447266,AMZN,,,,,,,,,,,,,116.40699768066406,,,,,,,,,,
2022-05-06 00:00:00+00:00,,108.78900146484375,AMZN,,,,,,,,,,,,,114.77249908447266,,,,,,,,,,
2022-05-09 00:00:00+00:00,,108.85900115966797,AMZN,,,,,,,,,,,,,108.78900146484375,,,,,,,,,,
2022-05-10 00:00:00+00:00,,105.37200164794922,AMZN,,,,,,,,,,,,,108.85900115966797,,,,,,,,,,
2022-05-11 00:00:00+00:00,,106.93049621582031,AMZN,,,,,,,,,,,,,105.37200164794922,,,,,,,,,,
2022-05-12 00:00:00+00:00,,113.05500030517578,AMZN,,,,,,,,,,,,,106.93049621582031,,,,,,,,,,
2022-05-13 00:00:00+00:00,,110.81050109863281,AMZN,,,,,,,,,,,,,113.05500030517578,,,,,,,,,,
2022-05-16 00:00:00+00:00,,115.36849975585938,AMZN,,,,,,,,,,,,,110.81050109863281,,,,,,,,,,
2022-05-17 00:00:00+00:00,,107.11250305175781,AMZN,,,,,,,,,,,,,115.36849975585938,,,,,,,,,,
2022-05-18 00:00:00+00:00,,107.31900024414062,AMZN,,,,,,,,,,,,,107.11250305175781,,,,,,,,,,
2022-05-19 00:00:00+00:00,,107.59100341796875,AMZN,,,,,,,,,,,,,107.31900024414062,,,,,,,,,,
2022-05-20 00:00:00+00:00,,107.55699920654297,AMZN,,,,,,,,,,,,,107.59100341796875,,,,,,,,,,
2022-05-23 00:00:00+00:00,,104.0999984741211,AMZN,,,,,,,,,,,,,107.55699920654297,,,,,,,,,,
2022-05-24 00:00:00+00:00,,106.7750015258789,AMZN,,,,,,,,,,,,,104.0999984741211,,,,,,,,,,
2022-05-25 00:00:00+00:00,,111.07749938964844,AMZN,,,,,,,,,,,,,106.7750015258789,,,,,,,,,,
2022-05-26 00:00:00+00:00,,115.14649963378906,AMZN,,,,,,,,,,,,,111.07749938964844,,,,,,,,,,
2022-05-27 00:00:00+00:00,,120.20950317382812,AMZN,,,,,,,,,,,,,115.14649963378906,,,,,,,,,,
2022-05-31 00:00:00+00:00,,121.68399810791016,AMZN,,,,,,,,,,,,,120.20950317382812,,,,,,,,,,
2022-06-01 00:00:00+00:00,,125.51100158691406,AMZN,,,,,,,,,,,,,121.68399810791016,,,,,,,,,,
2022-06-02 00:00:00+00:00,,122.3499984741211,AMZN,,,,,,,,,,,,,125.51100158691406,,,,,,,,,,
2022-06-03 00:00:00+00:00,,124.79000091552734,AMZN,,,,,,,,,,,,,122.3499984741211,,,,,,,,,,
2022-06-06 00:00:00+00:00,,123.0,AMZN,,,,,,,,,,,,,124.79000091552734,,,,,,,,,,
2022-06-07 00:00:00+00:00,,121.18000030517578,AMZN,,,,,,,,,,,,,123.0,,,,,,,,,,
2022-06-08 00:00:00+00:00,,116.1500015258789,AMZN,,,,,,,,,,,,,121.18000030517578,,,,,,,,,,
2022-06-09 00:00:00+00:00,,109.6500015258789,AMZN,,,,,,,,,,,,,116.1500015258789,,,,,,,,,,
2022-06-10 00:00:00+00:00,,103.66999816894531,AMZN,,,,,,,,,,,,,109.6500015258789,,,,,,,,,,
2022-06-13 00:00:00+00:00,,102.30999755859375,AMZN,,,,,,,,,,,,,103.66999816894531,,,,,,,,,,
2022-06-14 00:00:00+00:00,,107.66999816894531,AMZN,,,,,,,,,,,,,102.30999755859375,,,,,,,,,,
2022-06-15 00:00:00+00:00,,103.66000366210938,AMZN,,,,,,,,,,,,,107.66999816894531,,,,,,,,,,
2022-06-16 00:00:00+00:00,,106.22000122070312,AMZN,,,,,,,,,,,,,103.66000366210938,,,,,,,,,,
2022-06-17 00:00:00+00:00,,108.68000030517578,AMZN,,,,,,,,,,,,,106.22000122070312,,,,,,,,,,
2022-06-21 00:00:00+00:00,,108.94999694824219,AMZN,,,,,,,,,,,,,108.68000030517578,,,,,,,,,,
2022-06-22 00:00:00+00:00,,112.44000244140625,AMZN,,,,,,,,,,,,,108.94999694824219,,,,,,,,,,
2022-06-23 00:00:00+00:00,,116.45999908447266,AMZN,,,,,,,,,,,,,112.44000244140625,,,,,,,,,,
2022-06-24 00:00:00+00:00,,113.22000122070312,AMZN,,,,,,,,,,,,,116.45999908447266,,,,,,,,,,
2022-06-27 00:00:00+00:00,,107.4000015258789,AMZN,,,,,,,,,,,,,113.22000122070312,,,,,,,,,,
2022-06-28 00:00:00+00:00,,108.91999816894531,AMZN,,,,,,,,,,,,,107.4000015258789,,,,,,,,,,
2022-06-29 00:00:00+00:00,,106.20999908447266,AMZN,,,,,,,,,,,,,108.91999816894531,,,,,,,,,,
2022-06-30 00:00:00+00:00,,109.55999755859375,AMZN,,,,,,,,,,,,,106.20999908447266,,,,,,,,,,
2022-07-01 00:00:00+00:00,,113.5,AMZN,,,,,,,,,,,,,109.55999755859375,,,,,,,,,,
2022-07-05 00:00:00+00:00,,114.33000183105469,AMZN,,,,,,,,,,,,,113.5,,,,,,,,,,
2022-07-06 00:00:00+00:00,,116.33000183105469,AMZN,,,,,,,,,,,,,114.33000183105469,,,,,,,,,,
2022-07-07 00:00:00+00:00,,115.54000091552734,AMZN,,,,,,,,,,,,,116.33000183105469,,,,,,,,,,
2022-07-08 00:00:00+00:00,,111.75,AMZN,,,,,,,,,,,,,115.54000091552734,,,,,,,,,,
2022-07-11 00:00:00+00:00,,109.22000122070312,AMZN,,,,,,,,,,,,,111.75,,,,,,,,,,
2022-07-12 00:00:00+00:00,,110.4000015258789,AMZN,,,,,,,,,,,,,109.22000122070312,,,,,,,,,,
2022-07-13 00:00:00+00:00,,110.62999725341797,AMZN,,,,,,,,,,,,,110.4000015258789,,,,,,,,,,
2022-07-14 00:00:00+00:00,,113.55000305175781,AMZN,,,,,,,,,,,,,110.62999725341797,,,,,,,,,,
2022-07-15 00:00:00+00:00,,113.76000213623047,AMZN,,,,,,,,,,,,,113.55000305175781,,,,,,,,,,
2022-07-18 00:00:00+00:00,,118.20999908447266,AMZN,,,,,,,,,,,,,113.76000213623047,,,,,,,,,,
2022-07-19 00:00:00+00:00,,122.7699966430664,AMZN,,,,,,,,,,,,,118.20999908447266,,,,,,,,,,
2022-07-20 00:00:00+00:00,,124.62999725341797,AMZN,,,,,,,,,,,,,122.7699966430664,,,,,,,,,,
2022-07-21 00:00:00+00:00,,122.41999816894531,AMZN,,,,,,,,,,,,,124.62999725341797,,,,,,,,,,
2022-07-22 00:00:00+00:00,,121.13999938964844,AMZN,,,,,,,,,,,,,122.41999816894531,,,,,,,,,,
2022-07-25 00:00:00+00:00,,114.80999755859375,AMZN,,,,,,,,,,,,,121.13999938964844,,,,,,,,,,
2022-07-26 00:00:00+00:00,,120.97000122070312,AMZN,,,,,,,,,,,,,114.80999755859375,,,,,,,,,,
2022-07-27 00:00:00+00:00,,122.27999877929688,AMZN,,,,,,,,,,,,,120.97000122070312,,,,,,,,,,
2022-07-28 00:00:00+00:00,,134.9499969482422,AMZN,,,,,,,,,,,,,122.27999877929688,,,,,,,,,,
2022-07-29 00:00:00+00:00,,135.38999938964844,AMZN,,,,,,,,,,,,,134.9499969482422,,,,,,,,,,
2022-08-01 00:00:00+00:00,,134.16000366210938,AMZN,,,,,,,,,,,,,135.38999938964844,,,,,,,,,,
2022-08-02 00:00:00+00:00,,139.52000427246094,AMZN,,,,,,,,,,,,,134.16000366210938,,,,,,,,,,
2022-08-03 00:00:00+00:00,,142.57000732421875,AMZN,,,,,,,,,,,,,139.52000427246094,,,,,,,,,,
2022-08-04 00:00:00+00:00,,140.8000030517578,AMZN,,,,,,,,,,,,,142.57000732421875,,,,,,,,,,
2022-08-05 00:00:00+00:00,,139.41000366210938,AMZN,,,,,,,,,,,,,140.8000030517578,,,,,,,,,,
2022-08-08 00:00:00+00:00,,137.8300018310547,AMZN,,,,,,,,,,,,,139.41000366210938,,,,,,,,,,
2022-08-09 00:00:00+00:00,,142.69000244140625,AMZN,,,,,,,,,,,,,137.8300018310547,,,,,,,,,,
2022-08-10 00:00:00+00:00,,140.63999938964844,AMZN,,,,,,,,,,,,,142.69000244140625,,,,,,,,,,
2022-08-11 00:00:00+00:00,,143.5500030517578,AMZN,,,,,,,,,,,,,140.63999938964844,,,,,,,,,,
2022-08-12 00:00:00+00:00,,143.17999267578125,AMZN,,,,,,,,,,,,,143.5500030517578,,,,,,,,,,
2022-08-15 00:00:00+00:00,,144.77999877929688,AMZN,,,,,,,,,,,,,143.17999267578125,,,,,,,,,,
2022-08-16 00:00:00+00:00,,142.10000610351562,AMZN,,,,,,,,,,,,,144.77999877929688,,,,,,,,,,
2022-08-17 00:00:00+00:00,,142.3000030517578,AMZN,,,,,,,,,,,,,142.10000610351562,,,,,,,,,,
2022-08-18 00:00:00+00:00,,138.22999572753906,AMZN,,,,,,,,,,,,,142.3000030517578,,,,,,,,,,
2022-08-19 00:00:00+00:00,,133.22000122070312,AMZN,,,,,,,,,,,,,138.22999572753906,,,,,,,,,,
2022-08-22 00:00:00+00:00,,133.6199951171875,AMZN,,,,,,,,,,,,,133.22000122070312,,,,,,,,,,
2022-08-23 00:00:00+00:00,,133.8000030517578,AMZN,,,,,,,,,,,,,133.6199951171875,,,,,,,,,,
2022-08-24 00:00:00+00:00,,137.27999877929688,AMZN,,,,,,,,,,,,,133.8000030517578,,,,,,,,,,
2022-08-25 00:00:00+00:00,,130.75,AMZN,,,,,,,,,,,,,137.27999877929688,,,,,,,,,,
2022-08-26 00:00:00+00:00,,129.7899932861328,AMZN,,,,,,,,,,,,,130.75,,,,,,,,,,
2022-08-29 00:00:00+00:00,,128.72999572753906,AMZN,,,,,,,,,,,,,129.7899932861328,,,,,,,,,,
2022-08-30 00:00:00+00:00,,126.7699966430664,AMZN,,,,,,,,,,,,,128.72999572753906,,,,,,,,,,
2022-08-31 00:00:00+00:00,,127.81999969482422,AMZN,,,,,,,,,,,,,126.7699966430664,,,,,,,,,,
2022-09-01 00:00:00+00:00,,127.51000213623047,AMZN,,,,,,,,,,,,,127.81999969482422,,,,,,,,,,
2022-09-02 00:00:00+00:00,,126.11000061035156,AMZN,,,,,,,,,,,,,127.51000213623047,,,,,,,,,,
2022-09-06 00:00:00+00:00,,129.47999572753906,AMZN,,,,,,,,,,,,,126.11000061035156,,,,,,,,,,
2022-09-07 00:00:00+00:00,,129.82000732421875,AMZN,,,,,,,,,,,,,129.47999572753906,,,,,,,,,,
2022-09-08 00:00:00+00:00,,133.27000427246094,AMZN,,,,,,,,,,,,,129.82000732421875,,,,,,,,,,
2022-09-09 00:00:00+00:00,,136.4499969482422,AMZN,,,,,,,,,,,,,133.27000427246094,,,,,,,,,,
2022-09-12 00:00:00+00:00,,126.81999969482422,AMZN,,,,,,,,,,,,,136.4499969482422,,,,,,,,,,
2022-09-13 00:00:00+00:00,,128.5500030517578,AMZN,,,,,,,,,,,,,126.81999969482422,,,,,,,,,,
2022-09-14 00:00:00+00:00,,126.27999877929688,AMZN,,,,,,,,,,,,,128.5500030517578,,,,,,,,,,
2022-09-15 00:00:00+00:00,,123.52999877929688,AMZN,,,,,,,,,,,,,126.27999877929688,,,,,,,,,,
2022-09-16 00:00:00+00:00,,124.66000366210938,AMZN,,,,,,,,,,,,,123.52999877929688,,,,,,,,,,
2022-09-19 00:00:00+00:00,,122.19000244140625,AMZN,,,,,,,,,,,,,124.66000366210938,,,,,,,,,,
2022-09-20 00:00:00+00:00,,118.54000091552734,AMZN,,,,,,,,,,,,,122.19000244140625,,,,,,,,,,
2022-09-21 00:00:00+00:00,,117.30999755859375,AMZN,,,,,,,,,,,,,118.54000091552734,,,,,,,,,,
2022-09-22 00:00:00+00:00,,113.77999877929688,AMZN,,,,,,,,,,,,,117.30999755859375,,,,,,,,,,
2022-09-23 00:00:00+00:00,,115.1500015258789,AMZN,,,,,,,,,,,,,113.77999877929688,,,,,,,,,,
2022-09-26 00:00:00+00:00,,114.41000366210938,AMZN,,,,,,,,,,,,,115.1500015258789,,,,,,,,,,
2022-09-27 00:00:00+00:00,,118.01000213623047,AMZN,,,,,,,,,,,,,114.41000366210938,,,,,,,,,,
2022-09-28 00:00:00+00:00,,114.80000305175781,AMZN,,,,,,,,,,,,,118.01000213623047,,,,,,,,,,
2022-09-29 00:00:00+00:00,,113.0,AMZN,,,,,,,,,,,,,114.80000305175781,,,,,,,,,,
2022-09-30 00:00:00+00:00,,115.87999725341797,AMZN,,,,,,,,,,,,,113.0,,,,,,,,,,
2022-10-03 00:00:00+00:00,,121.08999633789062,AMZN,,,,,,,,,,,,,115.87999725341797,,,,,,,,,,
2022-10-04 00:00:00+00:00,,120.94999694824219,AMZN,,,,,,,,,,,,,121.08999633789062,,,,,,,,,,
2022-10-05 00:00:00+00:00,,120.30000305175781,AMZN,,,,,,,,,,,,,120.94999694824219,,,,,,,,,,
2022-10-06 00:00:00+00:00,,114.55999755859375,AMZN,,,,,,,,,,,,,120.30000305175781,,,,,,,,,,
2022-10-07 00:00:00+00:00,,113.66999816894531,AMZN,,,,,,,,,,,,,114.55999755859375,,,,,,,,,,
2022-10-10 00:00:00+00:00,,112.20999908447266,AMZN,,,,,,,,,,,,,113.66999816894531,,,,,,,,,,
2022-10-11 00:00:00+00:00,,112.9000015258789,AMZN,,,,,,,,,,,,,112.20999908447266,,,,,,,,,,
2022-10-12 00:00:00+00:00,,112.52999877929688,AMZN,,,,,,,,,,,,,112.9000015258789,,,,,,,,,,
2022-10-13 00:00:00+00:00,,106.9000015258789,AMZN,,,,,,,,,,,,,112.52999877929688,,,,,,,,,,
2022-10-14 00:00:00+00:00,,113.79000091552734,AMZN,,,,,,,,,,,,,106.9000015258789,,,,,,,,,,
2022-10-17 00:00:00+00:00,,116.36000061035156,AMZN,,,,,,,,,,,,,113.79000091552734,,,,,,,,,,
2022-10-18 00:00:00+00:00,,115.06999969482422,AMZN,,,,,,,,,,,,,116.36000061035156,,,,,,,,,,
2022-10-19 00:00:00+00:00,,115.25,AMZN,,,,,,,,,,,,,115.06999969482422,,,,,,,,,,
2022-10-20 00:00:00+00:00,,119.31999969482422,AMZN,,,,,,,,,,,,,115.25,,,,,,,,,,
2022-10-21 00:00:00+00:00,,119.81999969482422,AMZN,,,,,,,,,,,,,119.31999969482422,,,,,,,,,,
2022-10-24 00:00:00+00:00,,120.5999984741211,AMZN,,,,,,,,,,,,,119.81999969482422,,,,,,,,,,
2022-10-25 00:00:00+00:00,,115.66000366210938,AMZN,,,,,,,,,,,,,120.5999984741211,,,,,,,,,,
2022-10-26 00:00:00+00:00,,110.95999908447266,AMZN,,,,,,,,,,,,,115.66000366210938,,,,,,,,,,
2022-10-27 00:00:00+00:00,,103.41000366210938,AMZN,,,,,,,,,,,,,110.95999908447266,,,,,,,,,,
2022-10-28 00:00:00+00:00,,102.44000244140625,AMZN,,,,,,,,,,,,,103.41000366210938,,,,,,,,,,
2022-10-31 00:00:00+00:00,,96.79000091552734,AMZN,,,,,,,,,,,,,102.44000244140625,,,,,,,,,,
2022-11-01 00:00:00+00:00,,92.12000274658203,AMZN,,,,,,,,,,,,,96.79000091552734,,,,,,,,,,
2022-11-02 00:00:00+00:00,,89.30000305175781,AMZN,,,,,,,,,,,,,92.12000274658203,,,,,,,,,,
2022-11-03 00:00:00+00:00,,90.9800033569336,AMZN,,,,,,,,,,,,,89.30000305175781,,,,,,,,,,
2022-11-04 00:00:00+00:00,,90.52999877929688,AMZN,,,,,,,,,,,,,90.9800033569336,,,,,,,,,,
2022-11-07 00:00:00+00:00,,89.9800033569336,AMZN,,,,,,,,,,,,,90.52999877929688,,,,,,,,,,
2022-11-08 00:00:00+00:00,,86.13999938964844,AMZN,,,,,,,,,,,,,89.9800033569336,,,,,,,,,,
2022-11-09 00:00:00+00:00,,96.62999725341797,AMZN,,,,,,,,,,,,,86.13999938964844,,,,,,,,,,
2022-11-10 00:00:00+00:00,,100.79000091552734,AMZN,,,,,,,,,,,,,96.62999725341797,,,,,,,,,,
2022-11-11 00:00:00+00:00,,98.48999786376953,AMZN,,,,,,,,,,,,,100.79000091552734,,,,,,,,,,
2022-11-14 00:00:00+00:00,,98.94000244140625,AMZN,,,,,,,,,,,,,98.48999786376953,,,,,,,,,,
2022-11-15 00:00:00+00:00,,97.12000274658203,AMZN,,,,,,,,,,,,,98.94000244140625,,,,,,,,,,
2022-11-16 00:00:00+00:00,,94.8499984741211,AMZN,,,,,,,,,,,,,97.12000274658203,,,,,,,,,,
2022-11-17 00:00:00+00:00,,94.13999938964844,AMZN,,,,,,,,,,,,,94.8499984741211,,,,,,,,,,
2022-11-18 00:00:00+00:00,,92.45999908447266,AMZN,,,,,,,,,,,,,94.13999938964844,,,,,,,,,,
2022-11-21 00:00:00+00:00,,93.19999694824219,AMZN,,,,,,,,,,,,,92.45999908447266,,,,,,,,,,
2022-11-22 00:00:00+00:00,,94.12999725341797,AMZN,,,,,,,,,,,,,93.19999694824219,,,,,,,,,,
2022-11-23 00:00:00+00:00,,93.41000366210938,AMZN,,,,,,,,,,,,,94.12999725341797,,,,,,,,,,
2022-11-25 00:00:00+00:00,,93.94999694824219,AMZN,,,,,,,,,,,,,93.41000366210938,,,,,,,,,,
2022-11-28 00:00:00+00:00,,92.41999816894531,AMZN,,,,,,,,,,,,,93.94999694824219,,,,,,,,,,
2022-11-29 00:00:00+00:00,,96.54000091552734,AMZN,,,,,,,,,,,,,92.41999816894531,,,,,,,,,,
2022-11-30 00:00:00+00:00,,95.5,AMZN,,,,,,,,,,,,,96.54000091552734,,,,,,,,,,
2022-12-01 00:00:00+00:00,,94.12999725341797,AMZN,,,,,,,,,,,,,95.5,,,,,,,,,,
2022-12-02 00:00:00+00:00,,91.01000213623047,AMZN,,,,,,,,,,,,,94.12999725341797,,,,,,,,,,
2022-12-05 00:00:00+00:00,,88.25,AMZN,,,,,,,,,,,,,91.01000213623047,,,,,,,,,,
2022-12-06 00:00:00+00:00,,88.45999908447266,AMZN,,,,,,,,,,,,,88.25,,,,,,,,,,
2022-12-07 00:00:00+00:00,,90.3499984741211,AMZN,,,,,,,,,,,,,88.45999908447266,,,,,,,,,,
2022-12-08 00:00:00+00:00,,89.08999633789062,AMZN,,,,,,,,,,,,,90.3499984741211,,,,,,,,,,
2022-12-09 00:00:00+00:00,,90.55000305175781,AMZN,,,,,,,,,,,,,89.08999633789062,,,,,,,,,,
2022-12-12 00:00:00+00:00,,92.48999786376953,AMZN,,,,,,,,,,,,,90.55000305175781,,,,,,,,,,
2022-12-13 00:00:00+00:00,,91.58000183105469,AMZN,,,,,,,,,,,,,92.48999786376953,,,,,,,,,,
2022-12-14 00:00:00+00:00,,88.44999694824219,AMZN,,,,,,,,,,,,,91.58000183105469,,,,,,,,,,
2022-12-15 00:00:00+00:00,,87.86000061035156,AMZN,,,,,,,,,,,,,88.44999694824219,,,,,,,,,,
2022-12-16 00:00:00+00:00,,84.91999816894531,AMZN,,,,,,,,,,,,,87.86000061035156,,,,,,,,,,
2022-12-19 00:00:00+00:00,,85.19000244140625,AMZN,,,,,,,,,,,,,84.91999816894531,,,,,,,,,,
2022-12-20 00:00:00+00:00,,86.7699966430664,AMZN,,,,,,,,,,,,,85.19000244140625,,,,,,,,,,
2022-12-21 00:00:00+00:00,,83.79000091552734,AMZN,,,,,,,,,,,,,86.7699966430664,,,,,,,,,,
2022-12-22 00:00:00+00:00,,85.25,AMZN,,,,,,,,,,,,,83.79000091552734,,,,,,,,,,
2022-12-23 00:00:00+00:00,,83.04000091552734,AMZN,,,,,,,,,,,,,85.25,,,,,,,,,,
2022-12-27 00:00:00+00:00,,81.81999969482422,AMZN,,,,,,,,,,,,,83.04000091552734,,,,,,,,,,
2022-12-28 00:00:00+00:00,,84.18000030517578,AMZN,,,,,,,,,,,,,81.81999969482422,,,,,,,,,,
2022-12-29 00:00:00+00:00,,84.0,AMZN,,,,,,,,,,,,,84.18000030517578,,,,,,,,,,
2022-12-30 00:00:00+00:00,,,AMZN,,,,,,,,,,,,,84.0,,,,,,,,,,
2022-01-03 00:00:00+00:00,,24.309999465942383,F,,,,,,,,,,,,,,21.770000457763672,,,,,,,,,
2022-01-04 00:00:00+00:00,,23.65999984741211,F,,,,,,,,,,,,,,24.309999465942383,,,,,,,,,
2022-01-05 00:00:00+00:00,,24.459999084472656,F,,,,,,,,,,,,,,23.65999984741211,,,,,,,,,
2022-01-06 00:00:00+00:00,,24.440000534057617,F,,,,,,,,,,,,,,24.459999084472656,,,,,,,,,
2022-01-07 00:00:00+00:00,,23.850000381469727,F,,,,,,,,,,,,,,24.440000534057617,,,,,,,,,
2022-01-10 00:00:00+00:00,,24.350000381469727,F,,,,,,,,,,,,,,23.850000381469727,,,,,,,,,
2022-01-11 00:00:00+00:00,,24.469999313354492,F,,,,,,,,,,,,,,24.350000381469727,,,,,,,,,
2022-01-12 00:00:00+00:00,,25.020000457763672,F,,,,,,,,,,,,,,24.469999313354492,,,,,,,,,
2022-01-13 00:00:00+00:00,,25.190000534057617,F,,,,,,,,,,,,,,25.020000457763672,,,,,,,,,
2022-01-14 00:00:00+00:00,,24.3799991607666,F,,,,,,,,,,,,,,25.190000534057617,,,,,,,,,
2022-01-18 00:00:00+00:00,,22.450000762939453,F,,,,,,,,,,,,,,24.3799991607666,,,,,,,,,
2022-01-19 00:00:00+00:00,,21.649999618530273,F,,,,,,,,,,,,,,22.450000762939453,,,,,,,,,
2022-01-20 00:00:00+00:00,,20.649999618530273,F,,,,,,,,,,,,,,21.649999618530273,,,,,,,,,
2022-01-21 00:00:00+00:00,,20.389999389648438,F,,,,,,,,,,,,,,20.649999618530273,,,,,,,,,
2022-01-24 00:00:00+00:00,,19.979999542236328,F,,,,,,,,,,,,,,20.389999389648438,,,,,,,,,
2022-01-25 00:00:00+00:00,,19.90999984741211,F,,,,,,,,,,,,,,19.979999542236328,,,,,,,,,
2022-01-26 00:00:00+00:00,,19.549999237060547,F,,,,,,,,,,,,,,19.90999984741211,,,,,,,,,
2022-01-27 00:00:00+00:00,,19.540000915527344,F,,,,,,,,,,,,,,19.549999237060547,,,,,,,,,
2022-01-28 00:00:00+00:00,,20.299999237060547,F,,,,,,,,,,,,,,19.540000915527344,,,,,,,,,
2022-01-31 00:00:00+00:00,,20.65999984741211,F,,,,,,,,,,,,,,20.299999237060547,,,,,,,,,
2022-02-01 00:00:00+00:00,,20.6299991607666,F,,,,,,,,,,,,,,20.65999984741211,,,,,,,,,
2022-02-02 00:00:00+00:00,,19.889999389648438,F,,,,,,,,,,,,,,20.6299991607666,,,,,,,,,
2022-02-03 00:00:00+00:00,,17.959999084472656,F,,,,,,,,,,,,,,19.889999389648438,,,,,,,,,
2022-02-04 00:00:00+00:00,,17.889999389648438,F,,,,,,,,,,,,,,17.959999084472656,,,,,,,,,
2022-02-07 00:00:00+00:00,,17.719999313354492,F,,,,,,,,,,,,,,17.889999389648438,,,,,,,,,
2022-02-08 00:00:00+00:00,,18.350000381469727,F,,,,,,,,,,,,,,17.719999313354492,,,,,,,,,
2022-02-09 00:00:00+00:00,,18.079999923706055,F,,,,,,,,,,,,,,18.350000381469727,,,,,,,,,
2022-02-10 00:00:00+00:00,,17.549999237060547,F,,,,,,,,,,,,,,18.079999923706055,,,,,,,,,
2022-02-11 00:00:00+00:00,,17.459999084472656,F,,,,,,,,,,,,,,17.549999237060547,,,,,,,,,
2022-02-14 00:00:00+00:00,,18.079999923706055,F,,,,,,,,,,,,,,17.459999084472656,,,,,,,,,
2022-02-15 00:00:00+00:00,,18.010000228881836,F,,,,,,,,,,,,,,18.079999923706055,,,,,,,,,
2022-02-16 00:00:00+00:00,,17.540000915527344,F,,,,,,,,,,,,,,18.010000228881836,,,,,,,,,
2022-02-17 00:00:00+00:00,,18.040000915527344,F,,,,,,,,,,,,,,17.540000915527344,,,,,,,,,
2022-02-18 00:00:00+00:00,,17.290000915527344,F,,,,,,,,,,,,,,18.040000915527344,,,,,,,,,
2022-02-22 00:00:00+00:00,,16.950000762939453,F,,,,,,,,,,,,,,17.290000915527344,,,,,,,,,
2022-02-23 00:00:00+00:00,,17.149999618530273,F,,,,,,,,,,,,,,16.950000762939453,,,,,,,,,
2022-02-24 00:00:00+00:00,,17.829999923706055,F,,,,,,,,,,,,,,17.149999618530273,,,,,,,,,
2022-02-25 00:00:00+00:00,,17.559999465942383,F,,,,,,,,,,,,,,17.829999923706055,,,,,,,,,
2022-02-28 00:00:00+00:00,,16.700000762939453,F,,,,,,,,,,,,,,17.559999465942383,,,,,,,,,
2022-03-01 00:00:00+00:00,,18.100000381469727,F,,,,,,,,,,,,,,16.700000762939453,,,,,,,,,
2022-03-02 00:00:00+00:00,,17.600000381469727,F,,,,,,,,,,,,,,18.100000381469727,,,,,,,,,
2022-03-03 00:00:00+00:00,,16.850000381469727,F,,,,,,,,,,,,,,17.600000381469727,,,,,,,,,
2022-03-04 00:00:00+00:00,,15.970000267028809,F,,,,,,,,,,,,,,16.850000381469727,,,,,,,,,
2022-03-07 00:00:00+00:00,,16.030000686645508,F,,,,,,,,,,,,,,15.970000267028809,,,,,,,,,
2022-03-08 00:00:00+00:00,,16.3700008392334,F,,,,,,,,,,,,,,16.030000686645508,,,,,,,,,
2022-03-09 00:00:00+00:00,,16.329999923706055,F,,,,,,,,,,,,,,16.3700008392334,,,,,,,,,
2022-03-10 00:00:00+00:00,,16.040000915527344,F,,,,,,,,,,,,,,16.329999923706055,,,,,,,,,
2022-03-11 00:00:00+00:00,,15.739999771118164,F,,,,,,,,,,,,,,16.040000915527344,,,,,,,,,
2022-03-14 00:00:00+00:00,,16.059999465942383,F,,,,,,,,,,,,,,15.739999771118164,,,,,,,,,
2022-03-15 00:00:00+00:00,,16.579999923706055,F,,,,,,,,,,,,,,16.059999465942383,,,,,,,,,
2022-03-16 00:00:00+00:00,,16.579999923706055,F,,,,,,,,,,,,,,16.579999923706055,,,,,,,,,
2022-03-17 00:00:00+00:00,,16.860000610351562,F,,,,,,,,,,,,,,16.579999923706055,,,,,,,,,
2022-03-18 00:00:00+00:00,,16.479999542236328,F,,,,,,,,,,,,,,16.860000610351562,,,,,,,,,
2022-03-21 00:00:00+00:00,,17.09000015258789,F,,,,,,,,,,,,,,16.479999542236328,,,,,,,,,
2022-03-22 00:00:00+00:00,,16.68000030517578,F,,,,,,,,,,,,,,17.09000015258789,,,,,,,,,
2022-03-23 00:00:00+00:00,,16.829999923706055,F,,,,,,,,,,,,,,16.68000030517578,,,,,,,,,
2022-03-24 00:00:00+00:00,,16.469999313354492,F,,,,,,,,,,,,,,16.829999923706055,,,,,,,,,
2022-03-25 00:00:00+00:00,,16.670000076293945,F,,,,,,,,,,,,,,16.469999313354492,,,,,,,,,
2022-03-28 00:00:00+00:00,,17.75,F,,,,,,,,,,,,,,16.670000076293945,,,,,,,,,
2022-03-29 00:00:00+00:00,,17.270000457763672,F,,,,,,,,,,,,,,17.75,,,,,,,,,
2022-03-30 00:00:00+00:00,,16.90999984741211,F,,,,,,,,,,,,,,17.270000457763672,,,,,,,,,
2022-03-31 00:00:00+00:00,,16.649999618530273,F,,,,,,,,,,,,,,16.90999984741211,,,,,,,,,
2022-04-01 00:00:00+00:00,,16.65999984741211,F,,,,,,,,,,,,,,16.649999618530273,,,,,,,,,
2022-04-04 00:00:00+00:00,,15.819999694824219,F,,,,,,,,,,,,,,16.65999984741211,,,,,,,,,
2022-04-05 00:00:00+00:00,,15.390000343322754,F,,,,,,,,,,,,,,15.819999694824219,,,,,,,,,
2022-04-06 00:00:00+00:00,,14.960000038146973,F,,,,,,,,,,,,,,15.390000343322754,,,,,,,,,
2022-04-07 00:00:00+00:00,,15.050000190734863,F,,,,,,,,,,,,,,14.960000038146973,,,,,,,,,
2022-04-08 00:00:00+00:00,,15.279999732971191,F,,,,,,,,,,,,,,15.050000190734863,,,,,,,,,
2022-04-11 00:00:00+00:00,,15.359999656677246,F,,,,,,,,,,,,,,15.279999732971191,,,,,,,,,
2022-04-12 00:00:00+00:00,,15.510000228881836,F,,,,,,,,,,,,,,15.359999656677246,,,,,,,,,
2022-04-13 00:00:00+00:00,,15.479999542236328,F,,,,,,,,,,,,,,15.510000228881836,,,,,,,,,
2022-04-14 00:00:00+00:00,,15.670000076293945,F,,,,,,,,,,,,,,15.479999542236328,,,,,,,,,
2022-04-18 00:00:00+00:00,,16.149999618530273,F,,,,,,,,,,,,,,15.670000076293945,,,,,,,,,
2022-04-19 00:00:00+00:00,,16.049999237060547,F,,,,,,,,,,,,,,16.149999618530273,,,,,,,,,
2022-04-20 00:00:00+00:00,,15.699999809265137,F,,,,,,,,,,,,,,16.049999237060547,,,,,,,,,
2022-04-21 00:00:00+00:00,,15.130000114440918,F,,,,,,,,,,,,,,15.699999809265137,,,,,,,,,
2022-04-22 00:00:00+00:00,,15.1899995803833,F,,,,,,,,,,,,,,15.130000114440918,,,,,,,,,
2022-04-25 00:00:00+00:00,,14.710000038146973,F,,,,,,,,,,,,,,15.1899995803833,,,,,,,,,
2022-04-26 00:00:00+00:00,,14.850000381469727,F,,,,,,,,,,,,,,14.710000038146973,,,,,,,,,
2022-04-27 00:00:00+00:00,,14.619999885559082,F,,,,,,,,,,,,,,14.850000381469727,,,,,,,,,
2022-04-28 00:00:00+00:00,,14.15999984741211,F,,,,,,,,,,,,,,14.619999885559082,,,,,,,,,
2022-04-29 00:00:00+00:00,,14.270000457763672,F,,,,,,,,,,,,,,14.15999984741211,,,,,,,,,
2022-05-02 00:00:00+00:00,,14.5600004196167,F,,,,,,,,,,,,,,14.270000457763672,,,,,,,,,
2022-05-03 00:00:00+00:00,,14.979999542236328,F,,,,,,,,,,,,,,14.5600004196167,,,,,,,,,
2022-05-04 00:00:00+00:00,,14.529999732971191,F,,,,,,,,,,,,,,14.979999542236328,,,,,,,,,
2022-05-05 00:00:00+00:00,,14.210000038146973,F,,,,,,,,,,,,,,14.529999732971191,,,,,,,,,
2022-05-06 00:00:00+00:00,,13.369999885559082,F,,,,,,,,,,,,,,14.210000038146973,,,,,,,,,
2022-05-09 00:00:00+00:00,,13.350000381469727,F,,,,,,,,,,,,,,13.369999885559082,,,,,,,,,
2022-05-10 00:00:00+00:00,,12.829999923706055,F,,,,,,,,,,,,,,13.350000381469727,,,,,,,,,
2022-05-11 00:00:00+00:00,,12.4399995803833,F,,,,,,,,,,,,,,12.829999923706055,,,,,,,,,
2022-05-12 00:00:00+00:00,,13.5,F,,,,,,,,,,,,,,12.4399995803833,,,,,,,,,
2022-05-13 00:00:00+00:00,,13.050000190734863,F,,,,,,,,,,,,,,13.5,,,,,,,,,
2022-05-16 00:00:00+00:00,,13.529999732971191,F,,,,,,,,,,,,,,13.050000190734863,,,,,,,,,
2022-05-17 00:00:00+00:00,,12.779999732971191,F,,,,,,,,,,,,,,13.529999732971191,,,,,,,,,
2022-05-18 00:00:00+00:00,,12.850000381469727,F,,,,,,,,,,,,,,12.779999732971191,,,,,,,,,
2022-05-19 00:00:00+00:00,,12.5,F,,,,,,,,,,,,,,12.850000381469727,,,,,,,,,
2022-05-20 00:00:00+00:00,,12.829999923706055,F,,,,,,,,,,,,,,12.5,,,,,,,,,
2022-05-23 00:00:00+00:00,,12.420000076293945,F,,,,,,,,,,,,,,12.829999923706055,,,,,,,,,
2022-05-24 00:00:00+00:00,,12.710000038146973,F,,,,,,,,,,,,,,12.420000076293945,,,,,,,,,
2022-05-25 00:00:00+00:00,,13.119999885559082,F,,,,,,,,,,,,,,12.710000038146973,,,,,,,,,
2022-05-26 00:00:00+00:00,,13.630000114440918,F,,,,,,,,,,,,,,13.119999885559082,,,,,,,,,
2022-05-27 00:00:00+00:00,,13.680000305175781,F,,,,,,,,,,,,,,13.630000114440918,,,,,,,,,
2022-05-31 00:00:00+00:00,,13.550000190734863,F,,,,,,,,,,,,,,13.680000305175781,,,,,,,,,
2022-06-01 00:00:00+00:00,,13.890000343322754,F,,,,,,,,,,,,,,13.550000190734863,,,,,,,,,
2022-06-02 00:00:00+00:00,,13.5,F,,,,,,,,,,,,,,13.890000343322754,,,,,,,,,
2022-06-03 00:00:00+00:00,,13.460000038146973,F,,,,,,,,,,,,,,13.5,,,,,,,,,
2022-06-06 00:00:00+00:00,,13.739999771118164,F,,,,,,,,,,,,,,13.460000038146973,,,,,,,,,
2022-06-07 00:00:00+00:00,,13.529999732971191,F,,,,,,,,,,,,,,13.739999771118164,,,,,,,,,
2022-06-08 00:00:00+00:00,,13.279999732971191,F,,,,,,,,,,,,,,13.529999732971191,,,,,,,,,
2022-06-09 00:00:00+00:00,,12.75,F,,,,,,,,,,,,,,13.279999732971191,,,,,,,,,
2022-06-10 00:00:00+00:00,,11.8100004196167,F,,,,,,,,,,,,,,12.75,,,,,,,,,
2022-06-13 00:00:00+00:00,,12.199999809265137,F,,,,,,,,,,,,,,11.8100004196167,,,,,,,,,
2022-06-14 00:00:00+00:00,,12.270000457763672,F,,,,,,,,,,,,,,12.199999809265137,,,,,,,,,
2022-06-15 00:00:00+00:00,,11.25,F,,,,,,,,,,,,,,12.270000457763672,,,,,,,,,
2022-06-16 00:00:00+00:00,,11.229999542236328,F,,,,,,,,,,,,,,11.25,,,,,,,,,
2022-06-17 00:00:00+00:00,,11.460000038146973,F,,,,,,,,,,,,,,11.229999542236328,,,,,,,,,
2022-06-21 00:00:00+00:00,,11.479999542236328,F,,,,,,,,,,,,,,11.460000038146973,,,,,,,,,
2022-06-22 00:00:00+00:00,,11.5600004196167,F,,,,,,,,,,,,,,11.479999542236328,,,,,,,,,
2022-06-23 00:00:00+00:00,,12.010000228881836,F,,,,,,,,,,,,,,11.5600004196167,,,,,,,,,
2022-06-24 00:00:00+00:00,,12.039999961853027,F,,,,,,,,,,,,,,12.010000228881836,,,,,,,,,
2022-06-27 00:00:00+00:00,,11.8100004196167,F,,,,,,,,,,,,,,12.039999961853027,,,,,,,,,
2022-06-28 00:00:00+00:00,,11.520000457763672,F,,,,,,,,,,,,,,11.8100004196167,,,,,,,,,
2022-06-29 00:00:00+00:00,,11.130000114440918,F,,,,,,,,,,,,,,11.520000457763672,,,,,,,,,
2022-06-30 00:00:00+00:00,,11.319999694824219,F,,,,,,,,,,,,,,11.130000114440918,,,,,,,,,
2022-07-01 00:00:00+00:00,,11.199999809265137,F,,,,,,,,,,,,,,11.319999694824219,,,,,,,,,
2022-07-05 00:00:00+00:00,,11.0600004196167,F,,,,,,,,,,,,,,11.199999809265137,,,,,,,,,
2022-07-06 00:00:00+00:00,,11.649999618530273,F,,,,,,,,,,,,,,11.0600004196167,,,,,,,,,
2022-07-07 00:00:00+00:00,,11.619999885559082,F,,,,,,,,,,,,,,11.649999618530273,,,,,,,,,
2022-07-08 00:00:00+00:00,,11.289999961853027,F,,,,,,,,,,,,,,11.619999885559082,,,,,,,,,
2022-07-11 00:00:00+00:00,,11.5600004196167,F,,,,,,,,,,,,,,11.289999961853027,,,,,,,,,
2022-07-12 00:00:00+00:00,,11.510000228881836,F,,,,,,,,,,,,,,11.5600004196167,,,,,,,,,
2022-07-13 00:00:00+00:00,,11.390000343322754,F,,,,,,,,,,,,,,11.510000228881836,,,,,,,,,
2022-07-14 00:00:00+00:00,,11.880000114440918,F,,,,,,,,,,,,,,11.390000343322754,,,,,,,,,
2022-07-15 00:00:00+00:00,,11.960000038146973,F,,,,,,,,,,,,,,11.880000114440918,,,,,,,,,
2022-07-18 00:00:00+00:00,,12.59000015258789,F,,,,,,,,,,,,,,11.960000038146973,,,,,,,,,
2022-07-19 00:00:00+00:00,,12.729999542236328,F,,,,,,,,,,,,,,12.59000015258789,,,,,,,,,
2022-07-20 00:00:00+00:00,,13.0,F,,,,,,,,,,,,,,12.729999542236328,,,,,,,,,
2022-07-21 00:00:00+00:00,,12.819999694824219,F,,,,,,,,,,,,,,13.0,,,,,,,,,
2022-07-22 00:00:00+00:00,,12.84000015258789,F,,,,,,,,,,,,,,12.819999694824219,,,,,,,,,
2022-07-25 00:00:00+00:00,,12.539999961853027,F,,,,,,,,,,,,,,12.84000015258789,,,,,,,,,
2022-07-26 00:00:00+00:00,,13.1899995803833,F,,,,,,,,,,,,,,12.539999961853027,,,,,,,,,
2022-07-27 00:00:00+00:00,,14.0,F,,,,,,,,,,,,,,13.1899995803833,,,,,,,,,
2022-07-28 00:00:00+00:00,,14.6899995803833,F,,,,,,,,,,,,,,14.0,,,,,,,,,
2022-07-29 00:00:00+00:00,,15.34000015258789,F,,,,,,,,,,,,,,14.6899995803833,,,,,,,,,
2022-08-01 00:00:00+00:00,,15.15999984741211,F,,,,,,,,,,,,,,15.34000015258789,,,,,,,,,
2022-08-02 00:00:00+00:00,,15.6899995803833,F,,,,,,,,,,,,,,15.15999984741211,,,,,,,,,
2022-08-03 00:00:00+00:00,,15.369999885559082,F,,,,,,,,,,,,,,15.6899995803833,,,,,,,,,
2022-08-04 00:00:00+00:00,,15.300000190734863,F,,,,,,,,,,,,,,15.369999885559082,,,,,,,,,
2022-08-05 00:00:00+00:00,,15.779999732971191,F,,,,,,,,,,,,,,15.300000190734863,,,,,,,,,
2022-08-08 00:00:00+00:00,,15.1899995803833,F,,,,,,,,,,,,,,15.779999732971191,,,,,,,,,
2022-08-09 00:00:00+00:00,,15.5,F,,,,,,,,,,,,,,15.1899995803833,,,,,,,,,
2022-08-10 00:00:00+00:00,,15.829999923706055,F,,,,,,,,,,,,,,15.5,,,,,,,,,
2022-08-11 00:00:00+00:00,,16.18000030517578,F,,,,,,,,,,,,,,15.829999923706055,,,,,,,,,
2022-08-12 00:00:00+00:00,,16.31999969482422,F,,,,,,,,,,,,,,16.18000030517578,,,,,,,,,
2022-08-15 00:00:00+00:00,,16.43000030517578,F,,,,,,,,,,,,,,16.31999969482422,,,,,,,,,
2022-08-16 00:00:00+00:00,,16.030000686645508,F,,,,,,,,,,,,,,16.43000030517578,,,,,,,,,
2022-08-17 00:00:00+00:00,,16.149999618530273,F,,,,,,,,,,,,,,16.030000686645508,,,,,,,,,
2022-08-18 00:00:00+00:00,,15.880000114440918,F,,,,,,,,,,,,,,16.149999618530273,,,,,,,,,
2022-08-19 00:00:00+00:00,,15.079999923706055,F,,,,,,,,,,,,,,15.880000114440918,,,,,,,,,
2022-08-22 00:00:00+00:00,,15.319999694824219,F,,,,,,,,,,,,,,15.079999923706055,,,,,,,,,
2022-08-23 00:00:00+00:00,,15.520000457763672,F,,,,,,,,,,,,,,15.319999694824219,,,,,,,,,
2022-08-24 00:00:00+00:00,,15.930000305175781,F,,,,,,,,,,,,,,15.520000457763672,,,,,,,,,
2022-08-25 00:00:00+00:00,,15.40999984741211,F,,,,,,,,,,,,,,15.930000305175781,,,,,,,,,
2022-08-26 00:00:00+00:00,,15.569999694824219,F,,,,,,,,,,,,,,15.40999984741211,,,,,,,,,
2022-08-29 00:00:00+00:00,,15.449999809265137,F,,,,,,,,,,,,,,15.569999694824219,,,,,,,,,
2022-08-30 00:00:00+00:00,,15.239999771118164,F,,,,,,,,,,,,,,15.449999809265137,,,,,,,,,
2022-08-31 00:00:00+00:00,,15.1899995803833,F,,,,,,,,,,,,,,15.239999771118164,,,,,,,,,
2022-09-01 00:00:00+00:00,,15.15999984741211,F,,,,,,,,,,,,,,15.1899995803833,,,,,,,,,
2022-09-02 00:00:00+00:00,,15.029999732971191,F,,,,,,,,,,,,,,15.15999984741211,,,,,,,,,
2022-09-06 00:00:00+00:00,,15.430000305175781,F,,,,,,,,,,,,,,15.029999732971191,,,,,,,,,
2022-09-07 00:00:00+00:00,,15.470000267028809,F,,,,,,,,,,,,,,15.430000305175781,,,,,,,,,
2022-09-08 00:00:00+00:00,,15.420000076293945,F,,,,,,,,,,,,,,15.470000267028809,,,,,,,,,
2022-09-09 00:00:00+00:00,,15.539999961853027,F,,,,,,,,,,,,,,15.420000076293945,,,,,,,,,
2022-09-12 00:00:00+00:00,,14.739999771118164,F,,,,,,,,,,,,,,15.539999961853027,,,,,,,,,
2022-09-13 00:00:00+00:00,,14.65999984741211,F,,,,,,,,,,,,,,14.739999771118164,,,,,,,,,
2022-09-14 00:00:00+00:00,,14.890000343322754,F,,,,,,,,,,,,,,14.65999984741211,,,,,,,,,
2022-09-15 00:00:00+00:00,,14.720000267028809,F,,,,,,,,,,,,,,14.890000343322754,,,,,,,,,
2022-09-16 00:00:00+00:00,,14.930000305175781,F,,,,,,,,,,,,,,14.720000267028809,,,,,,,,,
2022-09-19 00:00:00+00:00,,13.09000015258789,F,,,,,,,,,,,,,,14.930000305175781,,,,,,,,,
2022-09-20 00:00:00+00:00,,13.050000190734863,F,,,,,,,,,,,,,,13.09000015258789,,,,,,,,,
2022-09-21 00:00:00+00:00,,12.770000457763672,F,,,,,,,,,,,,,,13.050000190734863,,,,,,,,,
2022-09-22 00:00:00+00:00,,12.3100004196167,F,,,,,,,,,,,,,,12.770000457763672,,,,,,,,,
2022-09-23 00:00:00+00:00,,11.989999771118164,F,,,,,,,,,,,,,,12.3100004196167,,,,,,,,,
2022-09-26 00:00:00+00:00,,11.90999984741211,F,,,,,,,,,,,,,,11.989999771118164,,,,,,,,,
2022-09-27 00:00:00+00:00,,12.180000305175781,F,,,,,,,,,,,,,,11.90999984741211,,,,,,,,,
2022-09-28 00:00:00+00:00,,11.470000267028809,F,,,,,,,,,,,,,,12.180000305175781,,,,,,,,,
2022-09-29 00:00:00+00:00,,11.199999809265137,F,,,,,,,,,,,,,,11.470000267028809,,,,,,,,,
2022-09-30 00:00:00+00:00,,11.470000267028809,F,,,,,,,,,,,,,,11.199999809265137,,,,,,,,,
2022-10-03 00:00:00+00:00,,12.359999656677246,F,,,,,,,,,,,,,,11.470000267028809,,,,,,,,,
2022-10-04 00:00:00+00:00,,12.510000228881836,F,,,,,,,,,,,,,,12.359999656677246,,,,,,,,,
2022-10-05 00:00:00+00:00,,12.359999656677246,F,,,,,,,,,,,,,,12.510000228881836,,,,,,,,,
2022-10-06 00:00:00+00:00,,12.199999809265137,F,,,,,,,,,,,,,,12.359999656677246,,,,,,,,,
2022-10-07 00:00:00+00:00,,11.359999656677246,F,,,,,,,,,,,,,,12.199999809265137,,,,,,,,,
2022-10-10 00:00:00+00:00,,11.5600004196167,F,,,,,,,,,,,,,,11.359999656677246,,,,,,,,,
2022-10-11 00:00:00+00:00,,11.539999961853027,F,,,,,,,,,,,,,,11.5600004196167,,,,,,,,,
2022-10-12 00:00:00+00:00,,11.770000457763672,F,,,,,,,,,,,,,,11.539999961853027,,,,,,,,,
2022-10-13 00:00:00+00:00,,11.670000076293945,F,,,,,,,,,,,,,,11.770000457763672,,,,,,,,,
2022-10-14 00:00:00+00:00,,11.829999923706055,F,,,,,,,,,,,,,,11.670000076293945,,,,,,,,,
2022-10-17 00:00:00+00:00,,12.029999732971191,F,,,,,,,,,,,,,,11.829999923706055,,,,,,,,,
2022-10-18 00:00:00+00:00,,12.130000114440918,F,,,,,,,,,,,,,,12.029999732971191,,,,,,,,,
2022-10-19 00:00:00+00:00,,11.770000457763672,F,,,,,,,,,,,,,,12.130000114440918,,,,,,,,,
2022-10-20 00:00:00+00:00,,12.1899995803833,F,,,,,,,,,,,,,,11.770000457763672,,,,,,,,,
2022-10-21 00:00:00+00:00,,12.479999542236328,F,,,,,,,,,,,,,,12.1899995803833,,,,,,,,,
2022-10-24 00:00:00+00:00,,12.829999923706055,F,,,,,,,,,,,,,,12.479999542236328,,,,,,,,,
2022-10-25 00:00:00+00:00,,12.819999694824219,F,,,,,,,,,,,,,,12.829999923706055,,,,,,,,,
2022-10-26 00:00:00+00:00,,13.0,F,,,,,,,,,,,,,,12.819999694824219,,,,,,,,,
2022-10-27 00:00:00+00:00,,13.260000228881836,F,,,,,,,,,,,,,,13.0,,,,,,,,,
2022-10-28 00:00:00+00:00,,13.369999885559082,F,,,,,,,,,,,,,,13.260000228881836,,,,,,,,,
2022-10-31 00:00:00+00:00,,13.399999618530273,F,,,,,,,,,,,,,,13.369999885559082,,,,,,,,,
2022-11-01 00:00:00+00:00,,13.0600004196167,F,,,,,,,,,,,,,,13.399999618530273,,,,,,,,,
2022-11-02 00:00:00+00:00,,13.260000228881836,F,,,,,,,,,,,,,,13.0600004196167,,,,,,,,,
2022-11-03 00:00:00+00:00,,13.510000228881836,F,,,,,,,,,,,,,,13.260000228881836,,,,,,,,,
2022-11-04 00:00:00+00:00,,13.699999809265137,F,,,,,,,,,,,,,,13.510000228881836,,,,,,,,,
2022-11-07 00:00:00+00:00,,13.720000267028809,F,,,,,,,,,,,,,,13.699999809265137,,,,,,,,,
2022-11-08 00:00:00+00:00,,13.3100004196167,F,,,,,,,,,,,,,,13.720000267028809,,,,,,,,,
2022-11-09 00:00:00+00:00,,14.180000305175781,F,,,,,,,,,,,,,,13.3100004196167,,,,,,,,,
2022-11-10 00:00:00+00:00,,14.5,F,,,,,,,,,,,,,,14.180000305175781,,,,,,,,,
2022-11-11 00:00:00+00:00,,14.0600004196167,F,,,,,,,,,,,,,,14.5,,,,,,,,,
2022-11-14 00:00:00+00:00,,14.300000190734863,F,,,,,,,,,,,,,,14.0600004196167,,,,,,,,,
2022-11-15 00:00:00+00:00,,13.899999618530273,F,,,,,,,,,,,,,,14.300000190734863,,,,,,,,,
2022-11-16 00:00:00+00:00,,13.90999984741211,F,,,,,,,,,,,,,,13.899999618530273,,,,,,,,,
2022-11-17 00:00:00+00:00,,13.989999771118164,F,,,,,,,,,,,,,,13.90999984741211,,,,,,,,,
2022-11-18 00:00:00+00:00,,13.949999809265137,F,,,,,,,,,,,,,,13.989999771118164,,,,,,,,,
2022-11-21 00:00:00+00:00,,14.069999694824219,F,,,,,,,,,,,,,,13.949999809265137,,,,,,,,,
2022-11-22 00:00:00+00:00,,14.029999732971191,F,,,,,,,,,,,,,,14.069999694824219,,,,,,,,,
2022-11-23 00:00:00+00:00,,14.079999923706055,F,,,,,,,,,,,,,,14.029999732971191,,,,,,,,,
2022-11-25 00:00:00+00:00,,13.729999542236328,F,,,,,,,,,,,,,,14.079999923706055,,,,,,,,,
2022-11-28 00:00:00+00:00,,13.75,F,,,,,,,,,,,,,,13.729999542236328,,,,,,,,,
2022-11-29 00:00:00+00:00,,13.899999618530273,F,,,,,,,,,,,,,,13.75,,,,,,,,,
2022-11-30 00:00:00+00:00,,14.079999923706055,F,,,,,,,,,,,,,,13.899999618530273,,,,,,,,,
2022-12-01 00:00:00+00:00,,13.859999656677246,F,,,,,,,,,,,,,,14.079999923706055,,,,,,,,,
2022-12-02 00:00:00+00:00,,13.380000114440918,F,,,,,,,,,,,,,,13.859999656677246,,,,,,,,,
2022-12-05 00:00:00+00:00,,13.279999732971191,F,,,,,,,,,,,,,,13.380000114440918,,,,,,,,,
2022-12-06 00:00:00+00:00,,13.100000381469727,F,,,,,,,,,,,,,,13.279999732971191,,,,,,,,,
2022-12-07 00:00:00+00:00,,13.119999885559082,F,,,,,,,,,,,,,,13.100000381469727,,,,,,,,,
2022-12-08 00:00:00+00:00,,13.180000305175781,F,,,,,,,,,,,,,,13.119999885559082,,,,,,,,,
2022-12-09 00:00:00+00:00,,13.460000038146973,F,,,,,,,,,,,,,,13.180000305175781,,,,,,,,,
2022-12-12 00:00:00+00:00,,13.569999694824219,F,,,,,,,,,,,,,,13.460000038146973,,,,,,,,,
2022-12-13 00:00:00+00:00,,13.479999542236328,F,,,,,,,,,,,,,,13.569999694824219,,,,,,,,,
2022-12-14 00:00:00+00:00,,13.029999732971191,F,,,,,,,,,,,,,,13.479999542236328,,,,,,,,,
2022-12-15 00:00:00+00:00,,12.119999885559082,F,,,,,,,,,,,,,,13.029999732971191,,,,,,,,,
2022-12-16 00:00:00+00:00,,11.6899995803833,F,,,,,,,,,,,,,,12.119999885559082,,,,,,,,,
2022-12-19 00:00:00+00:00,,11.470000267028809,F,,,,,,,,,,,,,,11.6899995803833,,,,,,,,,
2022-12-20 00:00:00+00:00,,11.779999732971191,F,,,,,,,,,,,,,,11.470000267028809,,,,,,,,,
2022-12-21 00:00:00+00:00,,11.3100004196167,F,,,,,,,,,,,,,,11.779999732971191,,,,,,,,,
2022-12-22 00:00:00+00:00,,11.359999656677246,F,,,,,,,,,,,,,,11.3100004196167,,,,,,,,,
2022-12-23 00:00:00+00:00,,11.199999809265137,F,,,,,,,,,,,,,,11.359999656677246,,,,,,,,,
2022-12-27 00:00:00+00:00,,10.949999809265137,F,,,,,,,,,,,,,,11.199999809265137,,,,,,,,,
2022-12-28 00:00:00+00:00,,11.539999961853027,F,,,,,,,,,,,,,,10.949999809265137,,,,,,,,,
2022-12-29 00:00:00+00:00,,11.630000114440918,F,,,,,,,,,,,,,,11.539999961853027,,,,,,,,,
2022-12-30 00:00:00+00:00,,,F,,,,,,,,,,,,,,11.630000114440918,,,,,,,,,
2022-01-03 00:00:00+00:00,,144.39950561523438,GOOGL,,,,,,,,,,,,,,,144.9915008544922,,,,,,,,
2022-01-04 00:00:00+00:00,,137.77499389648438,GOOGL,,,,,,,,,,,,,,,144.39950561523438,,,,,,,,
2022-01-05 00:00:00+00:00,,137.74749755859375,GOOGL,,,,,,,,,,,,,,,137.77499389648438,,,,,,,,
2022-01-06 00:00:00+00:00,,137.01699829101562,GOOGL,,,,,,,,,,,,,,,137.74749755859375,,,,,,,,
2022-01-07 00:00:00+00:00,,138.66949462890625,GOOGL,,,,,,,,,,,,,,,137.01699829101562,,,,,,,,
2022-01-10 00:00:00+00:00,,139.73599243164062,GOOGL,,,,,,,,,,,,,,,138.66949462890625,,,,,,,,
2022-01-11 00:00:00+00:00,,141.4304962158203,GOOGL,,,,,,,,,,,,,,,139.73599243164062,,,,,,,,
2022-01-12 00:00:00+00:00,,138.58700561523438,GOOGL,,,,,,,,,,,,,,,141.4304962158203,,,,,,,,
2022-01-13 00:00:00+00:00,,139.48049926757812,GOOGL,,,,,,,,,,,,,,,138.58700561523438,,,,,,,,
2022-01-14 00:00:00+00:00,,135.9980010986328,GOOGL,,,,,,,,,,,,,,,139.48049926757812,,,,,,,,
2022-01-18 00:00:00+00:00,,135.1165008544922,GOOGL,,,,,,,,,,,,,,,135.9980010986328,,,,,,,,
2022-01-19 00:00:00+00:00,,133.3074951171875,GOOGL,,,,,,,,,,,,,,,135.1165008544922,,,,,,,,
2022-01-20 00:00:00+00:00,,130.35150146484375,GOOGL,,,,,,,,,,,,,,,133.3074951171875,,,,,,,,
2022-01-21 00:00:00+00:00,,130.8040008544922,GOOGL,,,,,,,,,,,,,,,130.35150146484375,,,,,,,,
2022-01-24 00:00:00+00:00,,126.93499755859375,GOOGL,,,,,,,,,,,,,,,130.8040008544922,,,,,,,,
2022-01-25 00:00:00+00:00,,129.23300170898438,GOOGL,,,,,,,,,,,,,,,126.93499755859375,,,,,,,,
2022-01-26 00:00:00+00:00,,129.0050048828125,GOOGL,,,,,,,,,,,,,,,129.23300170898438,,,,,,,,
2022-01-27 00:00:00+00:00,,133.3509979248047,GOOGL,,,,,,,,,,,,,,,129.0050048828125,,,,,,,,
2022-01-28 00:00:00+00:00,,135.30349731445312,GOOGL,,,,,,,,,,,,,,,133.3509979248047,,,,,,,,
2022-01-31 00:00:00+00:00,,137.6439971923828,GOOGL,,,,,,,,,,,,,,,135.30349731445312,,,,,,,,
2022-02-01 00:00:00+00:00,,148.0,GOOGL,,,,,,,,,,,,,,,137.6439971923828,,,,,,,,
2022-02-02 00:00:00+00:00,,143.08999633789062,GOOGL,,,,,,,,,,,,,,,148.0,,,,,,,,
2022-02-03 00:00:00+00:00,,143.29299926757812,GOOGL,,,,,,,,,,,,,,,143.08999633789062,,,,,,,,
2022-02-04 00:00:00+00:00,,139.2010040283203,GOOGL,,,,,,,,,,,,,,,143.29299926757812,,,,,,,,
2022-02-07 00:00:00+00:00,,139.3990020751953,GOOGL,,,,,,,,,,,,,,,139.2010040283203,,,,,,,,
2022-02-08 00:00:00+00:00,,141.5919952392578,GOOGL,,,,,,,,,,,,,,,139.3990020751953,,,,,,,,
2022-02-09 00:00:00+00:00,,138.6199951171875,GOOGL,,,,,,,,,,,,,,,141.5919952392578,,,,,,,,
2022-02-10 00:00:00+00:00,,134.28250122070312,GOOGL,,,,,,,,,,,,,,,138.6199951171875,,,,,,,,
2022-02-11 00:00:00+00:00,,135.5260009765625,GOOGL,,,,,,,,,,,,,,,134.28250122070312,,,,,,,,
2022-02-14 00:00:00+00:00,,136.60850524902344,GOOGL,,,,,,,,,,,,,,,135.5260009765625,,,,,,,,
2022-02-15 00:00:00+00:00,,137.73800659179688,GOOGL,,,,,,,,,,,,,,,136.60850524902344,,,,,,,,
2022-02-16 00:00:00+00:00,,132.53900146484375,GOOGL,,,,,,,,,,,,,,,137.73800659179688,,,,,,,,
2022-02-17 00:00:00+00:00,,130.4029998779297,GOOGL,,,,,,,,,,,,,,,132.53900146484375,,,,,,,,
2022-02-18 00:00:00+00:00,,129.81350708007812,GOOGL,,,,,,,,,,,,,,,130.4029998779297,,,,,,,,
2022-02-22 00:00:00+00:00,,127.58799743652344,GOOGL,,,,,,,,,,,,,,,129.81350708007812,,,,,,,,
2022-02-23 00:00:00+00:00,,132.6909942626953,GOOGL,,,,,,,,,,,,,,,127.58799743652344,,,,,,,,
2022-02-24 00:00:00+00:00,,134.45950317382812,GOOGL,,,,,,,,,,,,,,,132.6909942626953,,,,,,,,
2022-02-25 00:00:00+00:00,,135.0570068359375,GOOGL,,,,,,,,,,,,,,,134.45950317382812,,,,,,,,
2022-02-28 00:00:00+00:00,,134.06149291992188,GOOGL,,,,,,,,,,,,,,,135.0570068359375,,,,,,,,
2022-03-01 00:00:00+00:00,,134.57150268554688,GOOGL,,,,,,,,,,,,,,,134.06149291992188,,,,,,,,
2022-03-02 00:00:00+00:00,,133.89950561523438,GOOGL,,,,,,,,,,,,,,,134.57150268554688,,,,,,,,
2022-03-03 00:00:00+00:00,,131.906494140625,GOOGL,,,,,,,,,,,,,,,133.89950561523438,,,,,,,,
2022-03-04 00:00:00+00:00,,126.37850189208984,GOOGL,,,,,,,,,,,,,,,131.906494140625,,,,,,,,
2022-03-07 00:00:00+00:00,,127.10449981689453,GOOGL,,,,,,,,,,,,,,,126.37850189208984,,,,,,,,
2022-03-08 00:00:00+00:00,,133.4199981689453,GOOGL,,,,,,,,,,,,,,,127.10449981689453,,,,,,,,
2022-03-09 00:00:00+00:00,,132.42950439453125,GOOGL,,,,,,,,,,,,,,,133.4199981689453,,,,,,,,
2022-03-10 00:00:00+00:00,,129.87049865722656,GOOGL,,,,,,,,,,,,,,,132.42950439453125,,,,,,,,
2022-03-11 00:00:00+00:00,,125.95099639892578,GOOGL,,,,,,,,,,,,,,,129.87049865722656,,,,,,,,
2022-03-14 00:00:00+00:00,,129.197998046875,GOOGL,,,,,,,,,,,,,,,125.95099639892578,,,,,,,,
2022-03-15 00:00:00+00:00,,133.28050231933594,GOOGL,,,,,,,,,,,,,,,129.197998046875,,,,,,,,
2022-03-16 00:00:00+00:00,,133.83900451660156,GOOGL,,,,,,,,,,,,,,,133.28050231933594,,,,,,,,
2022-03-17 00:00:00+00:00,,136.12550354003906,GOOGL,,,,,,,,,,,,,,,133.83900451660156,,,,,,,,
2022-03-18 00:00:00+00:00,,136.10150146484375,GOOGL,,,,,,,,,,,,,,,136.12550354003906,,,,,,,,
2022-03-21 00:00:00+00:00,,139.8679962158203,GOOGL,,,,,,,,,,,,,,,136.10150146484375,,,,,,,,
2022-03-22 00:00:00+00:00,,138.27549743652344,GOOGL,,,,,,,,,,,,,,,139.8679962158203,,,,,,,,
2022-03-23 00:00:00+00:00,,141.57200622558594,GOOGL,,,,,,,,,,,,,,,138.27549743652344,,,,,,,,
2022-03-24 00:00:00+00:00,,141.67300415039062,GOOGL,,,,,,,,,,,,,,,141.57200622558594,,,,,,,,
2022-03-25 00:00:00+00:00,,141.45550537109375,GOOGL,,,,,,,,,,,,,,,141.67300415039062,,,,,,,,
2022-03-28 00:00:00+00:00,,142.5054931640625,GOOGL,,,,,,,,,,,,,,,141.45550537109375,,,,,,,,
2022-03-29 00:00:00+00:00,,141.93850708007812,GOOGL,,,,,,,,,,,,,,,142.5054931640625,,,,,,,,
2022-03-30 00:00:00+00:00,,139.0675048828125,GOOGL,,,,,,,,,,,,,,,141.93850708007812,,,,,,,,
2022-03-31 00:00:00+00:00,,140.15049743652344,GOOGL,,,,,,,,,,,,,,,139.0675048828125,,,,,,,,
2022-04-01 00:00:00+00:00,,142.97149658203125,GOOGL,,,,,,,,,,,,,,,140.15049743652344,,,,,,,,
2022-04-04 00:00:00+00:00,,140.59100341796875,GOOGL,,,,,,,,,,,,,,,142.97149658203125,,,,,,,,
2022-04-05 00:00:00+00:00,,136.54800415039062,GOOGL,,,,,,,,,,,,,,,140.59100341796875,,,,,,,,
2022-04-06 00:00:00+00:00,,135.8885040283203,GOOGL,,,,,,,,,,,,,,,136.54800415039062,,,,,,,,
2022-04-07 00:00:00+00:00,,133.28750610351562,GOOGL,,,,,,,,,,,,,,,135.8885040283203,,,,,,,,
2022-04-08 00:00:00+00:00,,128.82350158691406,GOOGL,,,,,,,,,,,,,,,133.28750610351562,,,,,,,,
2022-04-11 00:00:00+00:00,,127.7145004272461,GOOGL,,,,,,,,,,,,,,,128.82350158691406,,,,,,,,
2022-04-12 00:00:00+00:00,,129.8939971923828,GOOGL,,,,,,,,,,,,,,,127.7145004272461,,,,,,,,
2022-04-13 00:00:00+00:00,,126.7300033569336,GOOGL,,,,,,,,,,,,,,,129.8939971923828,,,,,,,,
2022-04-14 00:00:00+00:00,,127.67649841308594,GOOGL,,,,,,,,,,,,,,,126.7300033569336,,,,,,,,
2022-04-18 00:00:00+00:00,,130.00900268554688,GOOGL,,,,,,,,,,,,,,,127.67649841308594,,,,,,,,
2022-04-19 00:00:00+00:00,,128.0399932861328,GOOGL,,,,,,,,,,,,,,,130.00900268554688,,,,,,,,
2022-04-20 00:00:00+00:00,,124.81449890136719,GOOGL,,,,,,,,,,,,,,,128.0399932861328,,,,,,,,
2022-04-21 00:00:00+00:00,,119.635498046875,GOOGL,,,,,,,,,,,,,,,124.81449890136719,,,,,,,,
2022-04-22 00:00:00+00:00,,123.0739974975586,GOOGL,,,,,,,,,,,,,,,119.635498046875,,,,,,,,
2022-04-25 00:00:00+00:00,,118.6500015258789,GOOGL,,,,,,,,,,,,,,,123.0739974975586,,,,,,,,
2022-04-26 00:00:00+00:00,,114.29450225830078,GOOGL,,,,,,,,,,,,,,,118.6500015258789,,,,,,,,
2022-04-27 00:00:00+00:00,,118.52249908447266,GOOGL,,,,,,,,,,,,,,,114.29450225830078,,,,,,,,
2022-04-28 00:00:00+00:00,,114.1094970703125,GOOGL,,,,,,,,,,,,,,,118.52249908447266,,,,,,,,
2022-04-29 00:00:00+00:00,,116.58300018310547,GOOGL,,,,,,,,,,,,,,,114.1094970703125,,,,,,,,
2022-05-02 00:00:00+00:00,,117.33399963378906,GOOGL,,,,,,,,,,,,,,,116.58300018310547,,,,,,,,
2022-05-03 00:00:00+00:00,,122.26100158691406,GOOGL,,,,,,,,,,,,,,,117.33399963378906,,,,,,,,
2022-05-04 00:00:00+00:00,,116.50550079345703,GOOGL,,,,,,,,,,,,,,,122.26100158691406,,,,,,,,
2022-05-05 00:00:00+00:00,,115.74649810791016,GOOGL,,,,,,,,,,,,,,,116.50550079345703,,,,,,,,
2022-05-06 00:00:00+00:00,,112.51100158691406,GOOGL,,,,,,,,,,,,,,,115.74649810791016,,,,,,,,
2022-05-09 00:00:00+00:00,,114.3949966430664,GOOGL,,,,,,,,,,,,,,,112.51100158691406,,,,,,,,
2022-05-10 00:00:00+00:00,,113.60250091552734,GOOGL,,,,,,,,,,,,,,,114.3949966430664,,,,,,,,
2022-05-11 00:00:00+00:00,,112.84400177001953,GOOGL,,,,,,,,,,,,,,,113.60250091552734,,,,,,,,
2022-05-12 00:00:00+00:00,,116.05049896240234,GOOGL,,,,,,,,,,,,,,,112.84400177001953,,,,,,,,
2022-05-13 00:00:00+00:00,,114.44499969482422,GOOGL,,,,,,,,,,,,,,,116.05049896240234,,,,,,,,
2022-05-16 00:00:00+00:00,,116.4729995727539,GOOGL,,,,,,,,,,,,,,,114.44499969482422,,,,,,,,
2022-05-17 00:00:00+00:00,,111.89949798583984,GOOGL,,,,,,,,,,,,,,,116.4729995727539,,,,,,,,
2022-05-18 00:00:00+00:00,,110.38400268554688,GOOGL,,,,,,,,,,,,,,,111.89949798583984,,,,,,,,
2022-05-19 00:00:00+00:00,,108.90799713134766,GOOGL,,,,,,,,,,,,,,,110.38400268554688,,,,,,,,
2022-05-20 00:00:00+00:00,,111.48799896240234,GOOGL,,,,,,,,,,,,,,,108.90799713134766,,,,,,,,
2022-05-23 00:00:00+00:00,,105.97000122070312,GOOGL,,,,,,,,,,,,,,,111.48799896240234,,,,,,,,
2022-05-24 00:00:00+00:00,,105.80500030517578,GOOGL,,,,,,,,,,,,,,,105.97000122070312,,,,,,,,
2022-05-25 00:00:00+00:00,,107.7925033569336,GOOGL,,,,,,,,,,,,,,,105.80500030517578,,,,,,,,
2022-05-26 00:00:00+00:00,,112.31649780273438,GOOGL,,,,,,,,,,,,,,,107.7925033569336,,,,,,,,
2022-05-27 00:00:00+00:00,,113.76200103759766,GOOGL,,,,,,,,,,,,,,,112.31649780273438,,,,,,,,
2022-05-31 00:00:00+00:00,,113.89199829101562,GOOGL,,,,,,,,,,,,,,,113.76200103759766,,,,,,,,
2022-06-01 00:00:00+00:00,,117.62249755859375,GOOGL,,,,,,,,,,,,,,,113.89199829101562,,,,,,,,
2022-06-02 00:00:00+00:00,,114.54100036621094,GOOGL,,,,,,,,,,,,,,,117.62249755859375,,,,,,,,
2022-06-03 00:00:00+00:00,,116.82050323486328,GOOGL,,,,,,,,,,,,,,,114.54100036621094,,,,,,,,
2022-06-06 00:00:00+00:00,,117.14949798583984,GOOGL,,,,,,,,,,,,,,,116.82050323486328,,,,,,,,
2022-06-07 00:00:00+00:00,,117.19400024414062,GOOGL,,,,,,,,,,,,,,,117.14949798583984,,,,,,,,
2022-06-08 00:00:00+00:00,,114.83550262451172,GOOGL,,,,,,,,,,,,,,,117.19400024414062,,,,,,,,
2022-06-09 00:00:00+00:00,,111.1614990234375,GOOGL,,,,,,,,,,,,,,,114.83550262451172,,,,,,,,
2022-06-10 00:00:00+00:00,,106.39250183105469,GOOGL,,,,,,,,,,,,,,,111.1614990234375,,,,,,,,
2022-06-13 00:00:00+00:00,,106.71549987792969,GOOGL,,,,,,,,,,,,,,,106.39250183105469,,,,,,,,
2022-06-14 00:00:00+00:00,,109.7645034790039,GOOGL,,,,,,,,,,,,,,,106.71549987792969,,,,,,,,
2022-06-15 00:00:00+00:00,,106.03350067138672,GOOGL,,,,,,,,,,,,,,,109.7645034790039,,,,,,,,
2022-06-16 00:00:00+00:00,,107.14350128173828,GOOGL,,,,,,,,,,,,,,,106.03350067138672,,,,,,,,
2022-06-17 00:00:00+00:00,,111.54399871826172,GOOGL,,,,,,,,,,,,,,,107.14350128173828,,,,,,,,
2022-06-21 00:00:00+00:00,,111.48750305175781,GOOGL,,,,,,,,,,,,,,,111.54399871826172,,,,,,,,
2022-06-22 00:00:00+00:00,,112.24199676513672,GOOGL,,,,,,,,,,,,,,,111.48750305175781,,,,,,,,
2022-06-23 00:00:00+00:00,,117.9749984741211,GOOGL,,,,,,,,,,,,,,,112.24199676513672,,,,,,,,
2022-06-24 00:00:00+00:00,,115.83350372314453,GOOGL,,,,,,,,,,,,,,,117.9749984741211,,,,,,,,
2022-06-27 00:00:00+00:00,,112.00749969482422,GOOGL,,,,,,,,,,,,,,,115.83350372314453,,,,,,,,
2022-06-28 00:00:00+00:00,,111.70149993896484,GOOGL,,,,,,,,,,,,,,,112.00749969482422,,,,,,,,
2022-06-29 00:00:00+00:00,,108.96299743652344,GOOGL,,,,,,,,,,,,,,,111.70149993896484,,,,,,,,
2022-06-30 00:00:00+00:00,,108.73750305175781,GOOGL,,,,,,,,,,,,,,,108.96299743652344,,,,,,,,
2022-07-01 00:00:00+00:00,,113.26300048828125,GOOGL,,,,,,,,,,,,,,,108.73750305175781,,,,,,,,
2022-07-05 00:00:00+00:00,,114.5719985961914,GOOGL,,,,,,,,,,,,,,,113.26300048828125,,,,,,,,
2022-07-06 00:00:00+00:00,,118.78299713134766,GOOGL,,,,,,,,,,,,,,,114.5719985961914,,,,,,,,
2022-07-07 00:00:00+00:00,,119.35350036621094,GOOGL,,,,,,,,,,,,,,,118.78299713134766,,,,,,,,
2022-07-08 00:00:00+00:00,,115.67649841308594,GOOGL,,,,,,,,,,,,,,,119.35350036621094,,,,,,,,
2022-07-11 00:00:00+00:00,,114.02050018310547,GOOGL,,,,,,,,,,,,,,,115.67649841308594,,,,,,,,
2022-07-12 00:00:00+00:00,,111.35350036621094,GOOGL,,,,,,,,,,,,,,,114.02050018310547,,,,,,,,
2022-07-13 00:00:00+00:00,,110.36750030517578,GOOGL,,,,,,,,,,,,,,,111.35350036621094,,,,,,,,
2022-07-14 00:00:00+00:00,,111.77749633789062,GOOGL,,,,,,,,,,,,,,,110.36750030517578,,,,,,,,
2022-07-15 00:00:00+00:00,,109.02999877929688,GOOGL,,,,,,,,,,,,,,,111.77749633789062,,,,,,,,
2022-07-18 00:00:00+00:00,,113.80999755859375,GOOGL,,,,,,,,,,,,,,,109.02999877929688,,,,,,,,
2022-07-19 00:00:00+00:00,,113.9000015258789,GOOGL,,,,,,,,,,,,,,,113.80999755859375,,,,,,,,
2022-07-20 00:00:00+00:00,,114.33999633789062,GOOGL,,,,,,,,,,,,,,,113.9000015258789,,,,,,,,
2022-07-21 00:00:00+00:00,,107.9000015258789,GOOGL,,,,,,,,,,,,,,,114.33999633789062,,,,,,,,
2022-07-22 00:00:00+00:00,,107.51000213623047,GOOGL,,,,,,,,,,,,,,,107.9000015258789,,,,,,,,
2022-07-25 00:00:00+00:00,,105.0199966430664,GOOGL,,,,,,,,,,,,,,,107.51000213623047,,,,,,,,
2022-07-26 00:00:00+00:00,,113.05999755859375,GOOGL,,,,,,,,,,,,,,,105.0199966430664,,,,,,,,
2022-07-27 00:00:00+00:00,,114.22000122070312,GOOGL,,,,,,,,,,,,,,,113.05999755859375,,,,,,,,
2022-07-28 00:00:00+00:00,,116.31999969482422,GOOGL,,,,,,,,,,,,,,,114.22000122070312,,,,,,,,
2022-07-29 00:00:00+00:00,,114.86000061035156,GOOGL,,,,,,,,,,,,,,,116.31999969482422,,,,,,,,
2022-08-01 00:00:00+00:00,,115.12999725341797,GOOGL,,,,,,,,,,,,,,,114.86000061035156,,,,,,,,
2022-08-02 00:00:00+00:00,,118.08000183105469,GOOGL,,,,,,,,,,,,,,,115.12999725341797,,,,,,,,
2022-08-03 00:00:00+00:00,,118.19000244140625,GOOGL,,,,,,,,,,,,,,,118.08000183105469,,,,,,,,
2022-08-04 00:00:00+00:00,,117.47000122070312,GOOGL,,,,,,,,,,,,,,,118.19000244140625,,,,,,,,
2022-08-05 00:00:00+00:00,,117.30000305175781,GOOGL,,,,,,,,,,,,,,,117.47000122070312,,,,,,,,
2022-08-08 00:00:00+00:00,,116.62999725341797,GOOGL,,,,,,,,,,,,,,,117.30000305175781,,,,,,,,
2022-08-09 00:00:00+00:00,,119.69999694824219,GOOGL,,,,,,,,,,,,,,,116.62999725341797,,,,,,,,
2022-08-10 00:00:00+00:00,,118.83999633789062,GOOGL,,,,,,,,,,,,,,,119.69999694824219,,,,,,,,
2022-08-11 00:00:00+00:00,,121.68000030517578,GOOGL,,,,,,,,,,,,,,,118.83999633789062,,,,,,,,
2022-08-12 00:00:00+00:00,,122.08000183105469,GOOGL,,,,,,,,,,,,,,,121.68000030517578,,,,,,,,
2022-08-15 00:00:00+00:00,,121.69999694824219,GOOGL,,,,,,,,,,,,,,,122.08000183105469,,,,,,,,
2022-08-16 00:00:00+00:00,,119.55000305175781,GOOGL,,,,,,,,,,,,,,,121.69999694824219,,,,,,,,
2022-08-17 00:00:00+00:00,,120.16999816894531,GOOGL,,,,,,,,,,,,,,,119.55000305175781,,,,,,,,
2022-08-18 00:00:00+00:00,,117.20999908447266,GOOGL,,,,,,,,,,,,,,,120.16999816894531,,,,,,,,
2022-08-19 00:00:00+00:00,,114.23999786376953,GOOGL,,,,,,,,,,,,,,,117.20999908447266,,,,,,,,
2022-08-22 00:00:00+00:00,,113.86000061035156,GOOGL,,,,,,,,,,,,,,,114.23999786376953,,,,,,,,
2022-08-23 00:00:00+00:00,,113.69000244140625,GOOGL,,,,,,,,,,,,,,,113.86000061035156,,,,,,,,
2022-08-24 00:00:00+00:00,,116.6500015258789,GOOGL,,,,,,,,,,,,,,,113.69000244140625,,,,,,,,
2022-08-25 00:00:00+00:00,,110.33999633789062,GOOGL,,,,,,,,,,,,,,,116.6500015258789,,,,,,,,
2022-08-26 00:00:00+00:00,,109.41999816894531,GOOGL,,,,,,,,,,,,,,,110.33999633789062,,,,,,,,
2022-08-29 00:00:00+00:00,,108.94000244140625,GOOGL,,,,,,,,,,,,,,,109.41999816894531,,,,,,,,
2022-08-30 00:00:00+00:00,,108.22000122070312,GOOGL,,,,,,,,,,,,,,,108.94000244140625,,,,,,,,
2022-08-31 00:00:00+00:00,,109.73999786376953,GOOGL,,,,,,,,,,,,,,,108.22000122070312,,,,,,,,
2022-09-01 00:00:00+00:00,,107.8499984741211,GOOGL,,,,,,,,,,,,,,,109.73999786376953,,,,,,,,
2022-09-02 00:00:00+00:00,,106.80999755859375,GOOGL,,,,,,,,,,,,,,,107.8499984741211,,,,,,,,
2022-09-06 00:00:00+00:00,,109.44999694824219,GOOGL,,,,,,,,,,,,,,,106.80999755859375,,,,,,,,
2022-09-07 00:00:00+00:00,,108.37999725341797,GOOGL,,,,,,,,,,,,,,,109.44999694824219,,,,,,,,
2022-09-08 00:00:00+00:00,,110.6500015258789,GOOGL,,,,,,,,,,,,,,,108.37999725341797,,,,,,,,
2022-09-09 00:00:00+00:00,,110.86000061035156,GOOGL,,,,,,,,,,,,,,,110.6500015258789,,,,,,,,
2022-09-12 00:00:00+00:00,,104.31999969482422,GOOGL,,,,,,,,,,,,,,,110.86000061035156,,,,,,,,
2022-09-13 00:00:00+00:00,,105.0,GOOGL,,,,,,,,,,,,,,,104.31999969482422,,,,,,,,
2022-09-14 00:00:00+00:00,,102.91000366210938,GOOGL,,,,,,,,,,,,,,,105.0,,,,,,,,
2022-09-15 00:00:00+00:00,,102.80000305175781,GOOGL,,,,,,,,,,,,,,,102.91000366210938,,,,,,,,
2022-09-16 00:00:00+00:00,,103.06999969482422,GOOGL,,,,,,,,,,,,,,,102.80000305175781,,,,,,,,
2022-09-19 00:00:00+00:00,,101.13999938964844,GOOGL,,,,,,,,,,,,,,,103.06999969482422,,,,,,,,
2022-09-20 00:00:00+00:00,,99.27999877929688,GOOGL,,,,,,,,,,,,,,,101.13999938964844,,,,,,,,
2022-09-21 00:00:00+00:00,,100.13999938964844,GOOGL,,,,,,,,,,,,,,,99.27999877929688,,,,,,,,
2022-09-22 00:00:00+00:00,,98.73999786376953,GOOGL,,,,,,,,,,,,,,,100.13999938964844,,,,,,,,
2022-09-23 00:00:00+00:00,,98.16999816894531,GOOGL,,,,,,,,,,,,,,,98.73999786376953,,,,,,,,
2022-09-26 00:00:00+00:00,,97.5,GOOGL,,,,,,,,,,,,,,,98.16999816894531,,,,,,,,
2022-09-27 00:00:00+00:00,,100.05000305175781,GOOGL,,,,,,,,,,,,,,,97.5,,,,,,,,
2022-09-28 00:00:00+00:00,,97.41999816894531,GOOGL,,,,,,,,,,,,,,,100.05000305175781,,,,,,,,
2022-09-29 00:00:00+00:00,,95.6500015258789,GOOGL,,,,,,,,,,,,,,,97.41999816894531,,,,,,,,
2022-09-30 00:00:00+00:00,,98.63999938964844,GOOGL,,,,,,,,,,,,,,,95.6500015258789,,,,,,,,
2022-10-03 00:00:00+00:00,,101.63999938964844,GOOGL,,,,,,,,,,,,,,,98.63999938964844,,,,,,,,
2022-10-04 00:00:00+00:00,,101.43000030517578,GOOGL,,,,,,,,,,,,,,,101.63999938964844,,,,,,,,
2022-10-05 00:00:00+00:00,,101.41999816894531,GOOGL,,,,,,,,,,,,,,,101.43000030517578,,,,,,,,
2022-10-06 00:00:00+00:00,,98.68000030517578,GOOGL,,,,,,,,,,,,,,,101.41999816894531,,,,,,,,
2022-10-07 00:00:00+00:00,,97.86000061035156,GOOGL,,,,,,,,,,,,,,,98.68000030517578,,,,,,,,
2022-10-10 00:00:00+00:00,,97.18000030517578,GOOGL,,,,,,,,,,,,,,,97.86000061035156,,,,,,,,
2022-10-11 00:00:00+00:00,,97.55999755859375,GOOGL,,,,,,,,,,,,,,,97.18000030517578,,,,,,,,
2022-10-12 00:00:00+00:00,,99.05999755859375,GOOGL,,,,,,,,,,,,,,,97.55999755859375,,,,,,,,
2022-10-13 00:00:00+00:00,,96.55999755859375,GOOGL,,,,,,,,,,,,,,,99.05999755859375,,,,,,,,
2022-10-14 00:00:00+00:00,,99.97000122070312,GOOGL,,,,,,,,,,,,,,,96.55999755859375,,,,,,,,
2022-10-17 00:00:00+00:00,,100.7699966430664,GOOGL,,,,,,,,,,,,,,,99.97000122070312,,,,,,,,
2022-10-18 00:00:00+00:00,,99.62999725341797,GOOGL,,,,,,,,,,,,,,,100.7699966430664,,,,,,,,
2022-10-19 00:00:00+00:00,,99.97000122070312,GOOGL,,,,,,,,,,,,,,,99.62999725341797,,,,,,,,
2022-10-20 00:00:00+00:00,,101.12999725341797,GOOGL,,,,,,,,,,,,,,,99.97000122070312,,,,,,,,
2022-10-21 00:00:00+00:00,,102.5199966430664,GOOGL,,,,,,,,,,,,,,,101.12999725341797,,,,,,,,
2022-10-24 00:00:00+00:00,,104.4800033569336,GOOGL,,,,,,,,,,,,,,,102.5199966430664,,,,,,,,
2022-10-25 00:00:00+00:00,,94.93000030517578,GOOGL,,,,,,,,,,,,,,,104.4800033569336,,,,,,,,
2022-10-26 00:00:00+00:00,,92.22000122070312,GOOGL,,,,,,,,,,,,,,,94.93000030517578,,,,,,,,
2022-10-27 00:00:00+00:00,,96.29000091552734,GOOGL,,,,,,,,,,,,,,,92.22000122070312,,,,,,,,
2022-10-28 00:00:00+00:00,,94.51000213623047,GOOGL,,,,,,,,,,,,,,,96.29000091552734,,,,,,,,
2022-10-31 00:00:00+00:00,,90.47000122070312,GOOGL,,,,,,,,,,,,,,,94.51000213623047,,,,,,,,
2022-11-01 00:00:00+00:00,,86.97000122070312,GOOGL,,,,,,,,,,,,,,,90.47000122070312,,,,,,,,
2022-11-02 00:00:00+00:00,,83.43000030517578,GOOGL,,,,,,,,,,,,,,,86.97000122070312,,,,,,,,
2022-11-03 00:00:00+00:00,,86.58000183105469,GOOGL,,,,,,,,,,,,,,,83.43000030517578,,,,,,,,
2022-11-04 00:00:00+00:00,,88.48999786376953,GOOGL,,,,,,,,,,,,,,,86.58000183105469,,,,,,,,
2022-11-07 00:00:00+00:00,,88.9000015258789,GOOGL,,,,,,,,,,,,,,,88.48999786376953,,,,,,,,
2022-11-08 00:00:00+00:00,,87.31999969482422,GOOGL,,,,,,,,,,,,,,,88.9000015258789,,,,,,,,
2022-11-09 00:00:00+00:00,,93.94000244140625,GOOGL,,,,,,,,,,,,,,,87.31999969482422,,,,,,,,
2022-11-10 00:00:00+00:00,,96.41000366210938,GOOGL,,,,,,,,,,,,,,,93.94000244140625,,,,,,,,
2022-11-11 00:00:00+00:00,,95.69999694824219,GOOGL,,,,,,,,,,,,,,,96.41000366210938,,,,,,,,
2022-11-14 00:00:00+00:00,,98.44000244140625,GOOGL,,,,,,,,,,,,,,,95.69999694824219,,,,,,,,
2022-11-15 00:00:00+00:00,,98.8499984741211,GOOGL,,,,,,,,,,,,,,,98.44000244140625,,,,,,,,
2022-11-16 00:00:00+00:00,,98.36000061035156,GOOGL,,,,,,,,,,,,,,,98.8499984741211,,,,,,,,
2022-11-17 00:00:00+00:00,,97.43000030517578,GOOGL,,,,,,,,,,,,,,,98.36000061035156,,,,,,,,
2022-11-18 00:00:00+00:00,,95.5999984741211,GOOGL,,,,,,,,,,,,,,,97.43000030517578,,,,,,,,
2022-11-21 00:00:00+00:00,,97.05000305175781,GOOGL,,,,,,,,,,,,,,,95.5999984741211,,,,,,,,
2022-11-22 00:00:00+00:00,,98.45999908447266,GOOGL,,,,,,,,,,,,,,,97.05000305175781,,,,,,,,
2022-11-23 00:00:00+00:00,,97.45999908447266,GOOGL,,,,,,,,,,,,,,,98.45999908447266,,,,,,,,
2022-11-25 00:00:00+00:00,,96.05000305175781,GOOGL,,,,,,,,,,,,,,,97.45999908447266,,,,,,,,
2022-11-28 00:00:00+00:00,,95.19000244140625,GOOGL,,,,,,,,,,,,,,,96.05000305175781,,,,,,,,
2022-11-29 00:00:00+00:00,,100.98999786376953,GOOGL,,,,,,,,,,,,,,,95.19000244140625,,,,,,,,
2022-11-30 00:00:00+00:00,,100.98999786376953,GOOGL,,,,,,,,,,,,,,,100.98999786376953,,,,,,,,
2022-12-01 00:00:00+00:00,,100.44000244140625,GOOGL,,,,,,,,,,,,,,,100.98999786376953,,,,,,,,
2022-12-02 00:00:00+00:00,,99.4800033569336,GOOGL,,,,,,,,,,,,,,,100.44000244140625,,,,,,,,
2022-12-05 00:00:00+00:00,,96.9800033569336,GOOGL,,,,,,,,,,,,,,,99.4800033569336,,,,,,,,
2022-12-06 00:00:00+00:00,,94.94000244140625,GOOGL,,,,,,,,,,,,,,,96.9800033569336,,,,,,,,
2022-12-07 00:00:00+00:00,,93.70999908447266,GOOGL,,,,,,,,,,,,,,,94.94000244140625,,,,,,,,
2022-12-08 00:00:00+00:00,,92.83000183105469,GOOGL,,,,,,,,,,,,,,,93.70999908447266,,,,,,,,
2022-12-09 00:00:00+00:00,,93.30999755859375,GOOGL,,,,,,,,,,,,,,,92.83000183105469,,,,,,,,
2022-12-12 00:00:00+00:00,,95.62999725341797,GOOGL,,,,,,,,,,,,,,,93.30999755859375,,,,,,,,
2022-12-13 00:00:00+00:00,,95.06999969482422,GOOGL,,,,,,,,,,,,,,,95.62999725341797,,,,,,,,
2022-12-14 00:00:00+00:00,,90.86000061035156,GOOGL,,,,,,,,,,,,,,,95.06999969482422,,,,,,,,
2022-12-15 00:00:00+00:00,,90.26000213623047,GOOGL,,,,,,,,,,,,,,,90.86000061035156,,,,,,,,
2022-12-16 00:00:00+00:00,,88.44000244140625,GOOGL,,,,,,,,,,,,,,,90.26000213623047,,,,,,,,
2022-12-19 00:00:00+00:00,,89.0199966430664,GOOGL,,,,,,,,,,,,,,,88.44000244140625,,,,,,,,
2022-12-20 00:00:00+00:00,,89.58000183105469,GOOGL,,,,,,,,,,,,,,,89.0199966430664,,,,,,,,
2022-12-21 00:00:00+00:00,,87.76000213623047,GOOGL,,,,,,,,,,,,,,,89.58000183105469,,,,,,,,
2022-12-22 00:00:00+00:00,,89.2300033569336,GOOGL,,,,,,,,,,,,,,,87.76000213623047,,,,,,,,
2022-12-23 00:00:00+00:00,,87.38999938964844,GOOGL,,,,,,,,,,,,,,,89.2300033569336,,,,,,,,
2022-12-27 00:00:00+00:00,,86.0199966430664,GOOGL,,,,,,,,,,,,,,,87.38999938964844,,,,,,,,
2022-12-28 00:00:00+00:00,,88.44999694824219,GOOGL,,,,,,,,,,,,,,,86.0199966430664,,,,,,,,
2022-12-29 00:00:00+00:00,,88.2300033569336,GOOGL,,,,,,,,,,,,,,,88.44999694824219,,,,,,,,
2022-12-30 00:00:00+00:00,,,GOOGL,,,,,,,,,,,,,,,88.2300033569336,,,,,,,,
2022-01-03 00:00:00+00:00,,25.110000610351562,INFY,,,,,,,,,,,,,,,,25.260000228881836,,,,,,,
2022-01-04 00:00:00+00:00,,24.299999237060547,INFY,,,,,,,,,,,,,,,,25.110000610351562,,,,,,,
2022-01-05 00:00:00+00:00,,24.110000610351562,INFY,,,,,,,,,,,,,,,,24.299999237060547,,,,,,,
2022-01-06 00:00:00+00:00,,24.200000762939453,INFY,,,,,,,,,,,,,,,,24.110000610351562,,,,,,,
2022-01-07 00:00:00+00:00,,24.770000457763672,INFY,,,,,,,,,,,,,,,,24.200000762939453,,,,,,,
2022-01-10 00:00:00+00:00,,25.020000457763672,INFY,,,,,,,,,,,,,,,,24.770000457763672,,,,,,,
2022-01-11 00:00:00+00:00,,25.75,INFY,,,,,,,,,,,,,,,,25.020000457763672,,,,,,,
2022-01-12 00:00:00+00:00,,25.600000381469727,INFY,,,,,,,,,,,,,,,,25.75,,,,,,,
2022-01-13 00:00:00+00:00,,26.200000762939453,INFY,,,,,,,,,,,,,,,,25.600000381469727,,,,,,,
2022-01-14 00:00:00+00:00,,25.510000228881836,INFY,,,,,,,,,,,,,,,,26.200000762939453,,,,,,,
2022-01-18 00:00:00+00:00,,24.469999313354492,INFY,,,,,,,,,,,,,,,,25.510000228881836,,,,,,,
2022-01-19 00:00:00+00:00,,23.68000030517578,INFY,,,,,,,,,,,,,,,,24.469999313354492,,,,,,,
2022-01-20 00:00:00+00:00,,23.40999984741211,INFY,,,,,,,,,,,,,,,,23.68000030517578,,,,,,,
2022-01-21 00:00:00+00:00,,22.940000534057617,INFY,,,,,,,,,,,,,,,,23.40999984741211,,,,,,,
2022-01-24 00:00:00+00:00,,22.479999542236328,INFY,,,,,,,,,,,,,,,,22.940000534057617,,,,,,,
2022-01-25 00:00:00+00:00,,22.389999389648438,INFY,,,,,,,,,,,,,,,,22.479999542236328,,,,,,,
2022-01-26 00:00:00+00:00,,21.809999465942383,INFY,,,,,,,,,,,,,,,,22.389999389648438,,,,,,,
2022-01-27 00:00:00+00:00,,22.65999984741211,INFY,,,,,,,,,,,,,,,,21.809999465942383,,,,,,,
2022-01-28 00:00:00+00:00,,23.56999969482422,INFY,,,,,,,,,,,,,,,,22.65999984741211,,,,,,,
2022-01-31 00:00:00+00:00,,23.520000457763672,INFY,,,,,,,,,,,,,,,,23.56999969482422,,,,,,,
2022-02-01 00:00:00+00:00,,23.770000457763672,INFY,,,,,,,,,,,,,,,,23.520000457763672,,,,,,,
2022-02-02 00:00:00+00:00,,22.760000228881836,INFY,,,,,,,,,,,,,,,,23.770000457763672,,,,,,,
2022-02-03 00:00:00+00:00,,22.889999389648438,INFY,,,,,,,,,,,,,,,,22.760000228881836,,,,,,,
2022-02-04 00:00:00+00:00,,22.469999313354492,INFY,,,,,,,,,,,,,,,,22.889999389648438,,,,,,,
2022-02-07 00:00:00+00:00,,22.889999389648438,INFY,,,,,,,,,,,,,,,,22.469999313354492,,,,,,,
2022-02-08 00:00:00+00:00,,23.40999984741211,INFY,,,,,,,,,,,,,,,,22.889999389648438,,,,,,,
2022-02-09 00:00:00+00:00,,22.940000534057617,INFY,,,,,,,,,,,,,,,,23.40999984741211,,,,,,,
2022-02-10 00:00:00+00:00,,22.270000457763672,INFY,,,,,,,,,,,,,,,,22.940000534057617,,,,,,,
2022-02-11 00:00:00+00:00,,22.190000534057617,INFY,,,,,,,,,,,,,,,,22.270000457763672,,,,,,,
2022-02-14 00:00:00+00:00,,22.889999389648438,INFY,,,,,,,,,,,,,,,,22.190000534057617,,,,,,,
2022-02-15 00:00:00+00:00,,22.84000015258789,INFY,,,,,,,,,,,,,,,,22.889999389648438,,,,,,,
2022-02-16 00:00:00+00:00,,22.43000030517578,INFY,,,,,,,,,,,,,,,,22.84000015258789,,,,,,,
2022-02-17 00:00:00+00:00,,22.510000228881836,INFY,,,,,,,,,,,,,,,,22.43000030517578,,,,,,,
2022-02-18 00:00:00+00:00,,23.049999237060547,INFY,,,,,,,,,,,,,,,,22.510000228881836,,,,,,,
2022-02-22 00:00:00+00:00,,22.719999313354492,INFY,,,,,,,,,,,,,,,,23.049999237060547,,,,,,,
2022-02-23 00:00:00+00:00,,22.239999771118164,INFY,,,,,,,,,,,,,,,,22.719999313354492,,,,,,,
2022-02-24 00:00:00+00:00,,22.84000015258789,INFY,,,,,,,,,,,,,,,,22.239999771118164,,,,,,,
2022-02-25 00:00:00+00:00,,22.459999084472656,INFY,,,,,,,,,,,,,,,,22.84000015258789,,,,,,,
2022-02-28 00:00:00+00:00,,22.15999984741211,INFY,,,,,,,,,,,,,,,,22.459999084472656,,,,,,,
2022-03-01 00:00:00+00:00,,22.59000015258789,INFY,,,,,,,,,,,,,,,,22.15999984741211,,,,,,,
2022-03-02 00:00:00+00:00,,22.520000457763672,INFY,,,,,,,,,,,,,,,,22.59000015258789,,,,,,,
2022-03-03 00:00:00+00:00,,22.459999084472656,INFY,,,,,,,,,,,,,,,,22.520000457763672,,,,,,,
2022-03-04 00:00:00+00:00,,22.579999923706055,INFY,,,,,,,,,,,,,,,,22.459999084472656,,,,,,,
2022-03-07 00:00:00+00:00,,23.329999923706055,INFY,,,,,,,,,,,,,,,,22.579999923706055,,,,,,,
2022-03-08 00:00:00+00:00,,23.899999618530273,INFY,,,,,,,,,,,,,,,,23.329999923706055,,,,,,,
2022-03-09 00:00:00+00:00,,23.84000015258789,INFY,,,,,,,,,,,,,,,,23.899999618530273,,,,,,,
2022-03-10 00:00:00+00:00,,24.010000228881836,INFY,,,,,,,,,,,,,,,,23.84000015258789,,,,,,,
2022-03-11 00:00:00+00:00,,24.690000534057617,INFY,,,,,,,,,,,,,,,,24.010000228881836,,,,,,,
2022-03-14 00:00:00+00:00,,24.190000534057617,INFY,,,,,,,,,,,,,,,,24.690000534057617,,,,,,,
2022-03-15 00:00:00+00:00,,25.110000610351562,INFY,,,,,,,,,,,,,,,,24.190000534057617,,,,,,,
2022-03-16 00:00:00+00:00,,24.489999771118164,INFY,,,,,,,,,,,,,,,,25.110000610351562,,,,,,,
2022-03-17 00:00:00+00:00,,25.040000915527344,INFY,,,,,,,,,,,,,,,,24.489999771118164,,,,,,,
2022-03-18 00:00:00+00:00,,24.209999084472656,INFY,,,,,,,,,,,,,,,,25.040000915527344,,,,,,,
2022-03-21 00:00:00+00:00,,24.790000915527344,INFY,,,,,,,,,,,,,,,,24.209999084472656,,,,,,,
2022-03-22 00:00:00+00:00,,24.309999465942383,INFY,,,,,,,,,,,,,,,,24.790000915527344,,,,,,,
2022-03-23 00:00:00+00:00,,24.670000076293945,INFY,,,,,,,,,,,,,,,,24.309999465942383,,,,,,,
2022-03-24 00:00:00+00:00,,24.729999542236328,INFY,,,,,,,,,,,,,,,,24.670000076293945,,,,,,,
2022-03-25 00:00:00+00:00,,24.719999313354492,INFY,,,,,,,,,,,,,,,,24.729999542236328,,,,,,,
2022-03-28 00:00:00+00:00,,25.110000610351562,INFY,,,,,,,,,,,,,,,,24.719999313354492,,,,,,,
2022-03-29 00:00:00+00:00,,24.969999313354492,INFY,,,,,,,,,,,,,,,,25.110000610351562,,,,,,,
2022-03-30 00:00:00+00:00,,24.889999389648438,INFY,,,,,,,,,,,,,,,,24.969999313354492,,,,,,,
2022-03-31 00:00:00+00:00,,24.610000610351562,INFY,,,,,,,,,,,,,,,,24.889999389648438,,,,,,,
2022-04-01 00:00:00+00:00,,24.739999771118164,INFY,,,,,,,,,,,,,,,,24.610000610351562,,,,,,,
2022-04-04 00:00:00+00:00,,24.3799991607666,INFY,,,,,,,,,,,,,,,,24.739999771118164,,,,,,,
2022-04-05 00:00:00+00:00,,23.969999313354492,INFY,,,,,,,,,,,,,,,,24.3799991607666,,,,,,,
2022-04-06 00:00:00+00:00,,23.81999969482422,INFY,,,,,,,,,,,,,,,,23.969999313354492,,,,,,,
2022-04-07 00:00:00+00:00,,23.700000762939453,INFY,,,,,,,,,,,,,,,,23.81999969482422,,,,,,,
2022-04-08 00:00:00+00:00,,23.049999237060547,INFY,,,,,,,,,,,,,,,,23.700000762939453,,,,,,,
2022-04-11 00:00:00+00:00,,22.56999969482422,INFY,,,,,,,,,,,,,,,,23.049999237060547,,,,,,,
2022-04-12 00:00:00+00:00,,21.190000534057617,INFY,,,,,,,,,,,,,,,,22.56999969482422,,,,,,,
2022-04-13 00:00:00+00:00,,20.459999084472656,INFY,,,,,,,,,,,,,,,,21.190000534057617,,,,,,,
2022-04-14 00:00:00+00:00,,20.559999465942383,INFY,,,,,,,,,,,,,,,,20.459999084472656,,,,,,,
2022-04-18 00:00:00+00:00,,20.420000076293945,INFY,,,,,,,,,,,,,,,,20.559999465942383,,,,,,,
2022-04-19 00:00:00+00:00,,20.56999969482422,INFY,,,,,,,,,,,,,,,,20.420000076293945,,,,,,,
2022-04-20 00:00:00+00:00,,20.68000030517578,INFY,,,,,,,,,,,,,,,,20.56999969482422,,,,,,,
2022-04-21 00:00:00+00:00,,20.260000228881836,INFY,,,,,,,,,,,,,,,,20.68000030517578,,,,,,,
2022-04-22 00:00:00+00:00,,20.40999984741211,INFY,,,,,,,,,,,,,,,,20.260000228881836,,,,,,,
2022-04-25 00:00:00+00:00,,20.1200008392334,INFY,,,,,,,,,,,,,,,,20.40999984741211,,,,,,,
2022-04-26 00:00:00+00:00,,20.1200008392334,INFY,,,,,,,,,,,,,,,,20.1200008392334,,,,,,,
2022-04-27 00:00:00+00:00,,20.5,INFY,,,,,,,,,,,,,,,,20.1200008392334,,,,,,,
2022-04-28 00:00:00+00:00,,19.8700008392334,INFY,,,,,,,,,,,,,,,,20.5,,,,,,,
2022-04-29 00:00:00+00:00,,20.149999618530273,INFY,,,,,,,,,,,,,,,,19.8700008392334,,,,,,,
2022-05-02 00:00:00+00:00,,20.219999313354492,INFY,,,,,,,,,,,,,,,,20.149999618530273,,,,,,,
2022-05-03 00:00:00+00:00,,20.610000610351562,INFY,,,,,,,,,,,,,,,,20.219999313354492,,,,,,,
2022-05-04 00:00:00+00:00,,20.309999465942383,INFY,,,,,,,,,,,,,,,,20.610000610351562,,,,,,,
2022-05-05 00:00:00+00:00,,19.850000381469727,INFY,,,,,,,,,,,,,,,,20.309999465942383,,,,,,,
2022-05-06 00:00:00+00:00,,19.81999969482422,INFY,,,,,,,,,,,,,,,,19.850000381469727,,,,,,,
2022-05-09 00:00:00+00:00,,19.760000228881836,INFY,,,,,,,,,,,,,,,,19.81999969482422,,,,,,,
2022-05-10 00:00:00+00:00,,19.40999984741211,INFY,,,,,,,,,,,,,,,,19.760000228881836,,,,,,,
2022-05-11 00:00:00+00:00,,19.530000686645508,INFY,,,,,,,,,,,,,,,,19.40999984741211,,,,,,,
2022-05-12 00:00:00+00:00,,19.450000762939453,INFY,,,,,,,,,,,,,,,,19.530000686645508,,,,,,,
2022-05-13 00:00:00+00:00,,18.940000534057617,INFY,,,,,,,,,,,,,,,,19.450000762939453,,,,,,,
2022-05-16 00:00:00+00:00,,19.610000610351562,INFY,,,,,,,,,,,,,,,,18.940000534057617,,,,,,,
2022-05-17 00:00:00+00:00,,18.780000686645508,INFY,,,,,,,,,,,,,,,,19.610000610351562,,,,,,,
2022-05-18 00:00:00+00:00,,18.6299991607666,INFY,,,,,,,,,,,,,,,,18.780000686645508,,,,,,,
2022-05-19 00:00:00+00:00,,18.700000762939453,INFY,,,,,,,,,,,,,,,,18.6299991607666,,,,,,,
2022-05-20 00:00:00+00:00,,18.889999389648438,INFY,,,,,,,,,,,,,,,,18.700000762939453,,,,,,,
2022-05-23 00:00:00+00:00,,18.399999618530273,INFY,,,,,,,,,,,,,,,,18.889999389648438,,,,,,,
2022-05-24 00:00:00+00:00,,18.139999389648438,INFY,,,,,,,,,,,,,,,,18.399999618530273,,,,,,,
2022-05-25 00:00:00+00:00,,18.450000762939453,INFY,,,,,,,,,,,,,,,,18.139999389648438,,,,,,,
2022-05-26 00:00:00+00:00,,19.0,INFY,,,,,,,,,,,,,,,,18.450000762939453,,,,,,,
2022-05-27 00:00:00+00:00,,18.860000610351562,INFY,,,,,,,,,,,,,,,,19.0,,,,,,,
2022-05-31 00:00:00+00:00,,19.030000686645508,INFY,,,,,,,,,,,,,,,,18.860000610351562,,,,,,,
2022-06-01 00:00:00+00:00,,19.510000228881836,INFY,,,,,,,,,,,,,,,,19.030000686645508,,,,,,,
2022-06-02 00:00:00+00:00,,19.3799991607666,INFY,,,,,,,,,,,,,,,,19.510000228881836,,,,,,,
2022-06-03 00:00:00+00:00,,19.43000030517578,INFY,,,,,,,,,,,,,,,,19.3799991607666,,,,,,,
2022-06-06 00:00:00+00:00,,19.3799991607666,INFY,,,,,,,,,,,,,,,,19.43000030517578,,,,,,,
2022-06-07 00:00:00+00:00,,19.15999984741211,INFY,,,,,,,,,,,,,,,,19.3799991607666,,,,,,,
2022-06-08 00:00:00+00:00,,18.8799991607666,INFY,,,,,,,,,,,,,,,,19.15999984741211,,,,,,,
2022-06-09 00:00:00+00:00,,18.329999923706055,INFY,,,,,,,,,,,,,,,,18.8799991607666,,,,,,,
2022-06-10 00:00:00+00:00,,17.850000381469727,INFY,,,,,,,,,,,,,,,,18.329999923706055,,,,,,,
2022-06-13 00:00:00+00:00,,18.239999771118164,INFY,,,,,,,,,,,,,,,,17.850000381469727,,,,,,,
2022-06-14 00:00:00+00:00,,18.290000915527344,INFY,,,,,,,,,,,,,,,,18.239999771118164,,,,,,,
2022-06-15 00:00:00+00:00,,17.670000076293945,INFY,,,,,,,,,,,,,,,,18.290000915527344,,,,,,,
2022-06-16 00:00:00+00:00,,17.760000228881836,INFY,,,,,,,,,,,,,,,,17.670000076293945,,,,,,,
2022-06-17 00:00:00+00:00,,18.770000457763672,INFY,,,,,,,,,,,,,,,,17.760000228881836,,,,,,,
2022-06-21 00:00:00+00:00,,18.31999969482422,INFY,,,,,,,,,,,,,,,,18.770000457763672,,,,,,,
2022-06-22 00:00:00+00:00,,18.440000534057617,INFY,,,,,,,,,,,,,,,,18.31999969482422,,,,,,,
2022-06-23 00:00:00+00:00,,18.670000076293945,INFY,,,,,,,,,,,,,,,,18.440000534057617,,,,,,,
2022-06-24 00:00:00+00:00,,18.760000228881836,INFY,,,,,,,,,,,,,,,,18.670000076293945,,,,,,,
2022-06-27 00:00:00+00:00,,18.459999084472656,INFY,,,,,,,,,,,,,,,,18.760000228881836,,,,,,,
2022-06-28 00:00:00+00:00,,18.610000610351562,INFY,,,,,,,,,,,,,,,,18.459999084472656,,,,,,,
2022-06-29 00:00:00+00:00,,18.510000228881836,INFY,,,,,,,,,,,,,,,,18.610000610351562,,,,,,,
2022-06-30 00:00:00+00:00,,18.850000381469727,INFY,,,,,,,,,,,,,,,,18.510000228881836,,,,,,,
2022-07-01 00:00:00+00:00,,18.670000076293945,INFY,,,,,,,,,,,,,,,,18.850000381469727,,,,,,,
2022-07-05 00:00:00+00:00,,18.93000030517578,INFY,,,,,,,,,,,,,,,,18.670000076293945,,,,,,,
2022-07-06 00:00:00+00:00,,19.15999984741211,INFY,,,,,,,,,,,,,,,,18.93000030517578,,,,,,,
2022-07-07 00:00:00+00:00,,19.059999465942383,INFY,,,,,,,,,,,,,,,,19.15999984741211,,,,,,,
2022-07-08 00:00:00+00:00,,18.459999084472656,INFY,,,,,,,,,,,,,,,,19.059999465942383,,,,,,,
2022-07-11 00:00:00+00:00,,18.209999084472656,INFY,,,,,,,,,,,,,,,,18.459999084472656,,,,,,,
2022-07-12 00:00:00+00:00,,18.110000610351562,INFY,,,,,,,,,,,,,,,,18.209999084472656,,,,,,,
2022-07-13 00:00:00+00:00,,17.899999618530273,INFY,,,,,,,,,,,,,,,,18.110000610351562,,,,,,,
2022-07-14 00:00:00+00:00,,18.170000076293945,INFY,,,,,,,,,,,,,,,,17.899999618530273,,,,,,,
2022-07-15 00:00:00+00:00,,18.440000534057617,INFY,,,,,,,,,,,,,,,,18.170000076293945,,,,,,,
2022-07-18 00:00:00+00:00,,18.709999084472656,INFY,,,,,,,,,,,,,,,,18.440000534057617,,,,,,,
2022-07-19 00:00:00+00:00,,18.719999313354492,INFY,,,,,,,,,,,,,,,,18.709999084472656,,,,,,,
2022-07-20 00:00:00+00:00,,19.209999084472656,INFY,,,,,,,,,,,,,,,,18.719999313354492,,,,,,,
2022-07-21 00:00:00+00:00,,18.8799991607666,INFY,,,,,,,,,,,,,,,,19.209999084472656,,,,,,,
2022-07-22 00:00:00+00:00,,18.559999465942383,INFY,,,,,,,,,,,,,,,,18.8799991607666,,,,,,,
2022-07-25 00:00:00+00:00,,17.90999984741211,INFY,,,,,,,,,,,,,,,,18.559999465942383,,,,,,,
2022-07-26 00:00:00+00:00,,18.709999084472656,INFY,,,,,,,,,,,,,,,,17.90999984741211,,,,,,,
2022-07-27 00:00:00+00:00,,19.149999618530273,INFY,,,,,,,,,,,,,,,,18.709999084472656,,,,,,,
2022-07-28 00:00:00+00:00,,19.489999771118164,INFY,,,,,,,,,,,,,,,,19.149999618530273,,,,,,,
2022-07-29 00:00:00+00:00,,19.6200008392334,INFY,,,,,,,,,,,,,,,,19.489999771118164,,,,,,,
2022-08-01 00:00:00+00:00,,19.489999771118164,INFY,,,,,,,,,,,,,,,,19.6200008392334,,,,,,,
2022-08-02 00:00:00+00:00,,20.100000381469727,INFY,,,,,,,,,,,,,,,,19.489999771118164,,,,,,,
2022-08-03 00:00:00+00:00,,20.149999618530273,INFY,,,,,,,,,,,,,,,,20.100000381469727,,,,,,,
2022-08-04 00:00:00+00:00,,20.309999465942383,INFY,,,,,,,,,,,,,,,,20.149999618530273,,,,,,,
2022-08-05 00:00:00+00:00,,20.270000457763672,INFY,,,,,,,,,,,,,,,,20.309999465942383,,,,,,,
2022-08-08 00:00:00+00:00,,20.18000030517578,INFY,,,,,,,,,,,,,,,,20.270000457763672,,,,,,,
2022-08-09 00:00:00+00:00,,20.3799991607666,INFY,,,,,,,,,,,,,,,,20.18000030517578,,,,,,,
2022-08-10 00:00:00+00:00,,20.149999618530273,INFY,,,,,,,,,,,,,,,,20.3799991607666,,,,,,,
2022-08-11 00:00:00+00:00,,20.110000610351562,INFY,,,,,,,,,,,,,,,,20.149999618530273,,,,,,,
2022-08-12 00:00:00+00:00,,20.110000610351562,INFY,,,,,,,,,,,,,,,,20.110000610351562,,,,,,,
2022-08-15 00:00:00+00:00,,20.149999618530273,INFY,,,,,,,,,,,,,,,,20.110000610351562,,,,,,,
2022-08-16 00:00:00+00:00,,20.09000015258789,INFY,,,,,,,,,,,,,,,,20.149999618530273,,,,,,,
2022-08-17 00:00:00+00:00,,19.969999313354492,INFY,,,,,,,,,,,,,,,,20.09000015258789,,,,,,,
2022-08-18 00:00:00+00:00,,19.780000686645508,INFY,,,,,,,,,,,,,,,,19.969999313354492,,,,,,,
2022-08-19 00:00:00+00:00,,19.520000457763672,INFY,,,,,,,,,,,,,,,,19.780000686645508,,,,,,,
2022-08-22 00:00:00+00:00,,19.25,INFY,,,,,,,,,,,,,,,,19.520000457763672,,,,,,,
2022-08-23 00:00:00+00:00,,19.25,INFY,,,,,,,,,,,,,,,,19.25,,,,,,,
2022-08-24 00:00:00+00:00,,19.18000030517578,INFY,,,,,,,,,,,,,,,,19.25,,,,,,,
2022-08-25 00:00:00+00:00,,18.639999389648438,INFY,,,,,,,,,,,,,,,,19.18000030517578,,,,,,,
2022-08-26 00:00:00+00:00,,18.389999389648438,INFY,,,,,,,,,,,,,,,,18.639999389648438,,,,,,,
2022-08-29 00:00:00+00:00,,18.43000030517578,INFY,,,,,,,,,,,,,,,,18.389999389648438,,,,,,,
2022-08-30 00:00:00+00:00,,18.299999237060547,INFY,,,,,,,,,,,,,,,,18.43000030517578,,,,,,,
2022-08-31 00:00:00+00:00,,18.420000076293945,INFY,,,,,,,,,,,,,,,,18.299999237060547,,,,,,,
2022-09-01 00:00:00+00:00,,18.09000015258789,INFY,,,,,,,,,,,,,,,,18.420000076293945,,,,,,,
2022-09-02 00:00:00+00:00,,17.979999542236328,INFY,,,,,,,,,,,,,,,,18.09000015258789,,,,,,,
2022-09-06 00:00:00+00:00,,18.43000030517578,INFY,,,,,,,,,,,,,,,,17.979999542236328,,,,,,,
2022-09-07 00:00:00+00:00,,18.530000686645508,INFY,,,,,,,,,,,,,,,,18.43000030517578,,,,,,,
2022-09-08 00:00:00+00:00,,19.059999465942383,INFY,,,,,,,,,,,,,,,,18.530000686645508,,,,,,,
2022-09-09 00:00:00+00:00,,19.239999771118164,INFY,,,,,,,,,,,,,,,,19.059999465942383,,,,,,,
2022-09-12 00:00:00+00:00,,18.559999465942383,INFY,,,,,,,,,,,,,,,,19.239999771118164,,,,,,,
2022-09-13 00:00:00+00:00,,18.079999923706055,INFY,,,,,,,,,,,,,,,,18.559999465942383,,,,,,,
2022-09-14 00:00:00+00:00,,17.790000915527344,INFY,,,,,,,,,,,,,,,,18.079999923706055,,,,,,,
2022-09-15 00:00:00+00:00,,17.3799991607666,INFY,,,,,,,,,,,,,,,,17.790000915527344,,,,,,,
2022-09-16 00:00:00+00:00,,17.40999984741211,INFY,,,,,,,,,,,,,,,,17.3799991607666,,,,,,,
2022-09-19 00:00:00+00:00,,17.020000457763672,INFY,,,,,,,,,,,,,,,,17.40999984741211,,,,,,,
2022-09-20 00:00:00+00:00,,17.020000457763672,INFY,,,,,,,,,,,,,,,,17.020000457763672,,,,,,,
2022-09-21 00:00:00+00:00,,16.68000030517578,INFY,,,,,,,,,,,,,,,,17.020000457763672,,,,,,,
2022-09-22 00:00:00+00:00,,16.610000610351562,INFY,,,,,,,,,,,,,,,,16.68000030517578,,,,,,,
2022-09-23 00:00:00+00:00,,16.690000534057617,INFY,,,,,,,,,,,,,,,,16.610000610351562,,,,,,,
2022-09-26 00:00:00+00:00,,16.790000915527344,INFY,,,,,,,,,,,,,,,,16.690000534057617,,,,,,,
2022-09-27 00:00:00+00:00,,17.110000610351562,INFY,,,,,,,,,,,,,,,,16.790000915527344,,,,,,,
2022-09-28 00:00:00+00:00,,16.899999618530273,INFY,,,,,,,,,,,,,,,,17.110000610351562,,,,,,,
2022-09-29 00:00:00+00:00,,16.969999313354492,INFY,,,,,,,,,,,,,,,,16.899999618530273,,,,,,,
2022-09-30 00:00:00+00:00,,17.049999237060547,INFY,,,,,,,,,,,,,,,,16.969999313354492,,,,,,,
2022-10-03 00:00:00+00:00,,17.700000762939453,INFY,,,,,,,,,,,,,,,,17.049999237060547,,,,,,,
2022-10-04 00:00:00+00:00,,17.639999389648438,INFY,,,,,,,,,,,,,,,,17.700000762939453,,,,,,,
2022-10-05 00:00:00+00:00,,17.479999542236328,INFY,,,,,,,,,,,,,,,,17.639999389648438,,,,,,,
2022-10-06 00:00:00+00:00,,17.059999465942383,INFY,,,,,,,,,,,,,,,,17.479999542236328,,,,,,,
2022-10-07 00:00:00+00:00,,17.559999465942383,INFY,,,,,,,,,,,,,,,,17.059999465942383,,,,,,,
2022-10-10 00:00:00+00:00,,17.1299991607666,INFY,,,,,,,,,,,,,,,,17.559999465942383,,,,,,,
2022-10-11 00:00:00+00:00,,17.100000381469727,INFY,,,,,,,,,,,,,,,,17.1299991607666,,,,,,,
2022-10-12 00:00:00+00:00,,18.049999237060547,INFY,,,,,,,,,,,,,,,,17.100000381469727,,,,,,,
2022-10-13 00:00:00+00:00,,17.809999465942383,INFY,,,,,,,,,,,,,,,,18.049999237060547,,,,,,,
2022-10-14 00:00:00+00:00,,18.15999984741211,INFY,,,,,,,,,,,,,,,,17.809999465942383,,,,,,,
2022-10-17 00:00:00+00:00,,18.06999969482422,INFY,,,,,,,,,,,,,,,,18.15999984741211,,,,,,,
2022-10-18 00:00:00+00:00,,17.829999923706055,INFY,,,,,,,,,,,,,,,,18.06999969482422,,,,,,,
2022-10-19 00:00:00+00:00,,17.889999389648438,INFY,,,,,,,,,,,,,,,,17.829999923706055,,,,,,,
2022-10-20 00:00:00+00:00,,18.299999237060547,INFY,,,,,,,,,,,,,,,,17.889999389648438,,,,,,,
2022-10-21 00:00:00+00:00,,18.440000534057617,INFY,,,,,,,,,,,,,,,,18.299999237060547,,,,,,,
2022-10-24 00:00:00+00:00,,18.6200008392334,INFY,,,,,,,,,,,,,,,,18.440000534057617,,,,,,,
2022-10-25 00:00:00+00:00,,18.68000030517578,INFY,,,,,,,,,,,,,,,,18.6200008392334,,,,,,,
2022-10-26 00:00:00+00:00,,18.510000228881836,INFY,,,,,,,,,,,,,,,,18.68000030517578,,,,,,,
2022-10-27 00:00:00+00:00,,18.790000915527344,INFY,,,,,,,,,,,,,,,,18.510000228881836,,,,,,,
2022-10-28 00:00:00+00:00,,18.729999542236328,INFY,,,,,,,,,,,,,,,,18.790000915527344,,,,,,,
2022-10-31 00:00:00+00:00,,18.90999984741211,INFY,,,,,,,,,,,,,,,,18.729999542236328,,,,,,,
2022-11-01 00:00:00+00:00,,18.40999984741211,INFY,,,,,,,,,,,,,,,,18.90999984741211,,,,,,,
2022-11-02 00:00:00+00:00,,18.190000534057617,INFY,,,,,,,,,,,,,,,,18.40999984741211,,,,,,,
2022-11-03 00:00:00+00:00,,18.329999923706055,INFY,,,,,,,,,,,,,,,,18.190000534057617,,,,,,,
2022-11-04 00:00:00+00:00,,18.579999923706055,INFY,,,,,,,,,,,,,,,,18.329999923706055,,,,,,,
2022-11-07 00:00:00+00:00,,18.739999771118164,INFY,,,,,,,,,,,,,,,,18.579999923706055,,,,,,,
2022-11-08 00:00:00+00:00,,18.479999542236328,INFY,,,,,,,,,,,,,,,,18.739999771118164,,,,,,,
2022-11-09 00:00:00+00:00,,19.200000762939453,INFY,,,,,,,,,,,,,,,,18.479999542236328,,,,,,,
2022-11-10 00:00:00+00:00,,19.75,INFY,,,,,,,,,,,,,,,,19.200000762939453,,,,,,,
2022-11-11 00:00:00+00:00,,19.549999237060547,INFY,,,,,,,,,,,,,,,,19.75,,,,,,,
2022-11-14 00:00:00+00:00,,19.760000228881836,INFY,,,,,,,,,,,,,,,,19.549999237060547,,,,,,,
2022-11-15 00:00:00+00:00,,19.690000534057617,INFY,,,,,,,,,,,,,,,,19.760000228881836,,,,,,,
2022-11-16 00:00:00+00:00,,19.479999542236328,INFY,,,,,,,,,,,,,,,,19.690000534057617,,,,,,,
2022-11-17 00:00:00+00:00,,19.469999313354492,INFY,,,,,,,,,,,,,,,,19.479999542236328,,,,,,,
2022-11-18 00:00:00+00:00,,19.299999237060547,INFY,,,,,,,,,,,,,,,,19.469999313354492,,,,,,,
2022-11-21 00:00:00+00:00,,19.3700008392334,INFY,,,,,,,,,,,,,,,,19.299999237060547,,,,,,,
2022-11-22 00:00:00+00:00,,19.530000686645508,INFY,,,,,,,,,,,,,,,,19.3700008392334,,,,,,,
2022-11-23 00:00:00+00:00,,19.920000076293945,INFY,,,,,,,,,,,,,,,,19.530000686645508,,,,,,,
2022-11-25 00:00:00+00:00,,19.6299991607666,INFY,,,,,,,,,,,,,,,,19.920000076293945,,,,,,,
2022-11-28 00:00:00+00:00,,19.709999084472656,INFY,,,,,,,,,,,,,,,,19.6299991607666,,,,,,,
2022-11-29 00:00:00+00:00,,20.350000381469727,INFY,,,,,,,,,,,,,,,,19.709999084472656,,,,,,,
2022-11-30 00:00:00+00:00,,20.510000228881836,INFY,,,,,,,,,,,,,,,,20.350000381469727,,,,,,,
2022-12-01 00:00:00+00:00,,20.190000534057617,INFY,,,,,,,,,,,,,,,,20.510000228881836,,,,,,,
2022-12-02 00:00:00+00:00,,19.75,INFY,,,,,,,,,,,,,,,,20.190000534057617,,,,,,,
2022-12-05 00:00:00+00:00,,19.40999984741211,INFY,,,,,,,,,,,,,,,,19.75,,,,,,,
2022-12-06 00:00:00+00:00,,19.389999389648438,INFY,,,,,,,,,,,,,,,,19.40999984741211,,,,,,,
2022-12-07 00:00:00+00:00,,19.579999923706055,INFY,,,,,,,,,,,,,,,,19.389999389648438,,,,,,,
2022-12-08 00:00:00+00:00,,18.489999771118164,INFY,,,,,,,,,,,,,,,,19.579999923706055,,,,,,,
2022-12-09 00:00:00+00:00,,18.40999984741211,INFY,,,,,,,,,,,,,,,,18.489999771118164,,,,,,,
2022-12-12 00:00:00+00:00,,18.729999542236328,INFY,,,,,,,,,,,,,,,,18.40999984741211,,,,,,,
2022-12-13 00:00:00+00:00,,18.719999313354492,INFY,,,,,,,,,,,,,,,,18.729999542236328,,,,,,,
2022-12-14 00:00:00+00:00,,18.170000076293945,INFY,,,,,,,,,,,,,,,,18.719999313354492,,,,,,,
2022-12-15 00:00:00+00:00,,17.729999542236328,INFY,,,,,,,,,,,,,,,,18.170000076293945,,,,,,,
2022-12-16 00:00:00+00:00,,17.8799991607666,INFY,,,,,,,,,,,,,,,,17.729999542236328,,,,,,,
2022-12-19 00:00:00+00:00,,18.059999465942383,INFY,,,,,,,,,,,,,,,,17.8799991607666,,,,,,,
2022-12-20 00:00:00+00:00,,18.219999313354492,INFY,,,,,,,,,,,,,,,,18.059999465942383,,,,,,,
2022-12-21 00:00:00+00:00,,17.93000030517578,INFY,,,,,,,,,,,,,,,,18.219999313354492,,,,,,,
2022-12-22 00:00:00+00:00,,17.920000076293945,INFY,,,,,,,,,,,,,,,,17.93000030517578,,,,,,,
2022-12-23 00:00:00+00:00,,18.030000686645508,INFY,,,,,,,,,,,,,,,,17.920000076293945,,,,,,,
2022-12-27 00:00:00+00:00,,17.959999084472656,INFY,,,,,,,,,,,,,,,,18.030000686645508,,,,,,,
2022-12-28 00:00:00+00:00,,18.239999771118164,INFY,,,,,,,,,,,,,,,,17.959999084472656,,,,,,,
2022-12-29 00:00:00+00:00,,18.010000228881836,INFY,,,,,,,,,,,,,,,,18.239999771118164,,,,,,,
2022-12-30 00:00:00+00:00,,,INFY,,,,,,,,,,,,,,,,18.010000228881836,,,,,,,
2022-01-03 00:00:00+00:00,,53.13999938964844,INTC,,,,,,,,,,,,,,,,,53.209999084472656,,,,,,
2022-01-04 00:00:00+00:00,,53.869998931884766,INTC,,,,,,,,,,,,,,,,,53.13999938964844,,,,,,
2022-01-05 00:00:00+00:00,,54.0099983215332,INTC,,,,,,,,,,,,,,,,,53.869998931884766,,,,,,
2022-01-06 00:00:00+00:00,,53.439998626708984,INTC,,,,,,,,,,,,,,,,,54.0099983215332,,,,,,
2022-01-07 00:00:00+00:00,,55.209999084472656,INTC,,,,,,,,,,,,,,,,,53.439998626708984,,,,,,
2022-01-10 00:00:00+00:00,,55.90999984741211,INTC,,,,,,,,,,,,,,,,,55.209999084472656,,,,,,
2022-01-11 00:00:00+00:00,,55.7400016784668,INTC,,,,,,,,,,,,,,,,,55.90999984741211,,,,,,
2022-01-12 00:00:00+00:00,,54.939998626708984,INTC,,,,,,,,,,,,,,,,,55.7400016784668,,,,,,
2022-01-13 00:00:00+00:00,,55.70000076293945,INTC,,,,,,,,,,,,,,,,,54.939998626708984,,,,,,
2022-01-14 00:00:00+00:00,,54.7599983215332,INTC,,,,,,,,,,,,,,,,,55.70000076293945,,,,,,
2022-01-18 00:00:00+00:00,,53.619998931884766,INTC,,,,,,,,,,,,,,,,,54.7599983215332,,,,,,
2022-01-19 00:00:00+00:00,,52.040000915527344,INTC,,,,,,,,,,,,,,,,,53.619998931884766,,,,,,
2022-01-20 00:00:00+00:00,,52.040000915527344,INTC,,,,,,,,,,,,,,,,,52.040000915527344,,,,,,
2022-01-21 00:00:00+00:00,,51.939998626708984,INTC,,,,,,,,,,,,,,,,,52.040000915527344,,,,,,
2022-01-24 00:00:00+00:00,,51.0,INTC,,,,,,,,,,,,,,,,,51.939998626708984,,,,,,
2022-01-25 00:00:00+00:00,,51.689998626708984,INTC,,,,,,,,,,,,,,,,,51.0,,,,,,
2022-01-26 00:00:00+00:00,,48.04999923706055,INTC,,,,,,,,,,,,,,,,,51.689998626708984,,,,,,
2022-01-27 00:00:00+00:00,,47.72999954223633,INTC,,,,,,,,,,,,,,,,,48.04999923706055,,,,,,
2022-01-28 00:00:00+00:00,,48.81999969482422,INTC,,,,,,,,,,,,,,,,,47.72999954223633,,,,,,
2022-01-31 00:00:00+00:00,,48.95000076293945,INTC,,,,,,,,,,,,,,,,,48.81999969482422,,,,,,
2022-02-01 00:00:00+00:00,,49.5099983215332,INTC,,,,,,,,,,,,,,,,,48.95000076293945,,,,,,
2022-02-02 00:00:00+00:00,,48.279998779296875,INTC,,,,,,,,,,,,,,,,,49.5099983215332,,,,,,
2022-02-03 00:00:00+00:00,,48.0099983215332,INTC,,,,,,,,,,,,,,,,,48.279998779296875,,,,,,
2022-02-04 00:00:00+00:00,,48.18000030517578,INTC,,,,,,,,,,,,,,,,,48.0099983215332,,,,,,
2022-02-07 00:00:00+00:00,,48.810001373291016,INTC,,,,,,,,,,,,,,,,,48.18000030517578,,,,,,
2022-02-08 00:00:00+00:00,,49.90999984741211,INTC,,,,,,,,,,,,,,,,,48.810001373291016,,,,,,
2022-02-09 00:00:00+00:00,,48.86000061035156,INTC,,,,,,,,,,,,,,,,,49.90999984741211,,,,,,
2022-02-10 00:00:00+00:00,,47.630001068115234,INTC,,,,,,,,,,,,,,,,,48.86000061035156,,,,,,
2022-02-11 00:00:00+00:00,,47.58000183105469,INTC,,,,,,,,,,,,,,,,,47.630001068115234,,,,,,
2022-02-14 00:00:00+00:00,,48.439998626708984,INTC,,,,,,,,,,,,,,,,,47.58000183105469,,,,,,
2022-02-15 00:00:00+00:00,,48.22999954223633,INTC,,,,,,,,,,,,,,,,,48.439998626708984,,,,,,
2022-02-16 00:00:00+00:00,,47.56999969482422,INTC,,,,,,,,,,,,,,,,,48.22999954223633,,,,,,
2022-02-17 00:00:00+00:00,,45.040000915527344,INTC,,,,,,,,,,,,,,,,,47.56999969482422,,,,,,
2022-02-18 00:00:00+00:00,,44.689998626708984,INTC,,,,,,,,,,,,,,,,,45.040000915527344,,,,,,
2022-02-22 00:00:00+00:00,,44.650001525878906,INTC,,,,,,,,,,,,,,,,,44.689998626708984,,,,,,
2022-02-23 00:00:00+00:00,,46.720001220703125,INTC,,,,,,,,,,,,,,,,,44.650001525878906,,,,,,
2022-02-24 00:00:00+00:00,,47.709999084472656,INTC,,,,,,,,,,,,,,,,,46.720001220703125,,,,,,
2022-02-25 00:00:00+00:00,,47.70000076293945,INTC,,,,,,,,,,,,,,,,,47.709999084472656,,,,,,
2022-02-28 00:00:00+00:00,,46.81999969482422,INTC,,,,,,,,,,,,,,,,,47.70000076293945,,,,,,
2022-03-01 00:00:00+00:00,,48.869998931884766,INTC,,,,,,,,,,,,,,,,,46.81999969482422,,,,,,
2022-03-02 00:00:00+00:00,,47.93000030517578,INTC,,,,,,,,,,,,,,,,,48.869998931884766,,,,,,
2022-03-03 00:00:00+00:00,,48.06999969482422,INTC,,,,,,,,,,,,,,,,,47.93000030517578,,,,,,
2022-03-04 00:00:00+00:00,,47.68000030517578,INTC,,,,,,,,,,,,,,,,,48.06999969482422,,,,,,
2022-03-07 00:00:00+00:00,,47.5,INTC,,,,,,,,,,,,,,,,,47.68000030517578,,,,,,
2022-03-08 00:00:00+00:00,,47.630001068115234,INTC,,,,,,,,,,,,,,,,,47.5,,,,,,
2022-03-09 00:00:00+00:00,,46.65999984741211,INTC,,,,,,,,,,,,,,,,,47.630001068115234,,,,,,
2022-03-10 00:00:00+00:00,,45.83000183105469,INTC,,,,,,,,,,,,,,,,,46.65999984741211,,,,,,
2022-03-11 00:00:00+00:00,,44.400001525878906,INTC,,,,,,,,,,,,,,,,,45.83000183105469,,,,,,
2022-03-14 00:00:00+00:00,,44.810001373291016,INTC,,,,,,,,,,,,,,,,,44.400001525878906,,,,,,
2022-03-15 00:00:00+00:00,,46.630001068115234,INTC,,,,,,,,,,,,,,,,,44.810001373291016,,,,,,
2022-03-16 00:00:00+00:00,,47.13999938964844,INTC,,,,,,,,,,,,,,,,,46.630001068115234,,,,,,
2022-03-17 00:00:00+00:00,,47.45000076293945,INTC,,,,,,,,,,,,,,,,,47.13999938964844,,,,,,
2022-03-18 00:00:00+00:00,,47.38999938964844,INTC,,,,,,,,,,,,,,,,,47.45000076293945,,,,,,
2022-03-21 00:00:00+00:00,,48.38999938964844,INTC,,,,,,,,,,,,,,,,,47.38999938964844,,,,,,
2022-03-22 00:00:00+00:00,,48.27000045776367,INTC,,,,,,,,,,,,,,,,,48.38999938964844,,,,,,
2022-03-23 00:00:00+00:00,,51.619998931884766,INTC,,,,,,,,,,,,,,,,,48.27000045776367,,,,,,
2022-03-24 00:00:00+00:00,,51.83000183105469,INTC,,,,,,,,,,,,,,,,,51.619998931884766,,,,,,
2022-03-25 00:00:00+00:00,,51.5099983215332,INTC,,,,,,,,,,,,,,,,,51.83000183105469,,,,,,
2022-03-28 00:00:00+00:00,,52.25,INTC,,,,,,,,,,,,,,,,,51.5099983215332,,,,,,
2022-03-29 00:00:00+00:00,,51.43000030517578,INTC,,,,,,,,,,,,,,,,,52.25,,,,,,
2022-03-30 00:00:00+00:00,,49.560001373291016,INTC,,,,,,,,,,,,,,,,,51.43000030517578,,,,,,
2022-03-31 00:00:00+00:00,,48.11000061035156,INTC,,,,,,,,,,,,,,,,,49.560001373291016,,,,,,
2022-04-01 00:00:00+00:00,,49.20000076293945,INTC,,,,,,,,,,,,,,,,,48.11000061035156,,,,,,
2022-04-04 00:00:00+00:00,,48.130001068115234,INTC,,,,,,,,,,,,,,,,,49.20000076293945,,,,,,
2022-04-05 00:00:00+00:00,,47.540000915527344,INTC,,,,,,,,,,,,,,,,,48.130001068115234,,,,,,
2022-04-06 00:00:00+00:00,,47.560001373291016,INTC,,,,,,,,,,,,,,,,,47.540000915527344,,,,,,
2022-04-07 00:00:00+00:00,,47.02000045776367,INTC,,,,,,,,,,,,,,,,,47.560001373291016,,,,,,
2022-04-08 00:00:00+00:00,,46.56999969482422,INTC,,,,,,,,,,,,,,,,,47.02000045776367,,,,,,
2022-04-11 00:00:00+00:00,,46.5,INTC,,,,,,,,,,,,,,,,,46.56999969482422,,,,,,
2022-04-12 00:00:00+00:00,,47.0099983215332,INTC,,,,,,,,,,,,,,,,,46.5,,,,,,
2022-04-13 00:00:00+00:00,,45.66999816894531,INTC,,,,,,,,,,,,,,,,,47.0099983215332,,,,,,
2022-04-14 00:00:00+00:00,,46.63999938964844,INTC,,,,,,,,,,,,,,,,,45.66999816894531,,,,,,
2022-04-18 00:00:00+00:00,,47.93000030517578,INTC,,,,,,,,,,,,,,,,,46.63999938964844,,,,,,
2022-04-19 00:00:00+00:00,,48.11000061035156,INTC,,,,,,,,,,,,,,,,,47.93000030517578,,,,,,
2022-04-20 00:00:00+00:00,,47.5,INTC,,,,,,,,,,,,,,,,,48.11000061035156,,,,,,
2022-04-21 00:00:00+00:00,,46.540000915527344,INTC,,,,,,,,,,,,,,,,,47.5,,,,,,
2022-04-22 00:00:00+00:00,,47.060001373291016,INTC,,,,,,,,,,,,,,,,,46.540000915527344,,,,,,
2022-04-25 00:00:00+00:00,,45.52000045776367,INTC,,,,,,,,,,,,,,,,,47.060001373291016,,,,,,
2022-04-26 00:00:00+00:00,,45.220001220703125,INTC,,,,,,,,,,,,,,,,,45.52000045776367,,,,,,
2022-04-27 00:00:00+00:00,,46.84000015258789,INTC,,,,,,,,,,,,,,,,,45.220001220703125,,,,,,
2022-04-28 00:00:00+00:00,,43.59000015258789,INTC,,,,,,,,,,,,,,,,,46.84000015258789,,,,,,
2022-04-29 00:00:00+00:00,,44.959999084472656,INTC,,,,,,,,,,,,,,,,,43.59000015258789,,,,,,
2022-05-02 00:00:00+00:00,,45.060001373291016,INTC,,,,,,,,,,,,,,,,,44.959999084472656,,,,,,
2022-05-03 00:00:00+00:00,,46.540000915527344,INTC,,,,,,,,,,,,,,,,,45.060001373291016,,,,,,
2022-05-04 00:00:00+00:00,,44.599998474121094,INTC,,,,,,,,,,,,,,,,,46.540000915527344,,,,,,
2022-05-05 00:00:00+00:00,,44.29999923706055,INTC,,,,,,,,,,,,,,,,,44.599998474121094,,,,,,
2022-05-06 00:00:00+00:00,,43.06999969482422,INTC,,,,,,,,,,,,,,,,,44.29999923706055,,,,,,
2022-05-09 00:00:00+00:00,,44.0099983215332,INTC,,,,,,,,,,,,,,,,,43.06999969482422,,,,,,
2022-05-10 00:00:00+00:00,,42.83000183105469,INTC,,,,,,,,,,,,,,,,,44.0099983215332,,,,,,
2022-05-11 00:00:00+00:00,,42.84000015258789,INTC,,,,,,,,,,,,,,,,,42.83000183105469,,,,,,
2022-05-12 00:00:00+00:00,,43.599998474121094,INTC,,,,,,,,,,,,,,,,,42.84000015258789,,,,,,
2022-05-13 00:00:00+00:00,,43.08000183105469,INTC,,,,,,,,,,,,,,,,,43.599998474121094,,,,,,
2022-05-16 00:00:00+00:00,,44.400001525878906,INTC,,,,,,,,,,,,,,,,,43.08000183105469,,,,,,
2022-05-17 00:00:00+00:00,,42.349998474121094,INTC,,,,,,,,,,,,,,,,,44.400001525878906,,,,,,
2022-05-18 00:00:00+00:00,,42.0099983215332,INTC,,,,,,,,,,,,,,,,,42.349998474121094,,,,,,
2022-05-19 00:00:00+00:00,,41.650001525878906,INTC,,,,,,,,,,,,,,,,,42.0099983215332,,,,,,
2022-05-20 00:00:00+00:00,,42.0,INTC,,,,,,,,,,,,,,,,,41.650001525878906,,,,,,
2022-05-23 00:00:00+00:00,,41.66999816894531,INTC,,,,,,,,,,,,,,,,,42.0,,,,,,
2022-05-24 00:00:00+00:00,,42.20000076293945,INTC,,,,,,,,,,,,,,,,,41.66999816894531,,,,,,
2022-05-25 00:00:00+00:00,,43.47999954223633,INTC,,,,,,,,,,,,,,,,,42.20000076293945,,,,,,
2022-05-26 00:00:00+00:00,,44.54999923706055,INTC,,,,,,,,,,,,,,,,,43.47999954223633,,,,,,
2022-05-27 00:00:00+00:00,,44.41999816894531,INTC,,,,,,,,,,,,,,,,,44.54999923706055,,,,,,
2022-05-31 00:00:00+00:00,,44.11000061035156,INTC,,,,,,,,,,,,,,,,,44.41999816894531,,,,,,
2022-06-01 00:00:00+00:00,,44.84000015258789,INTC,,,,,,,,,,,,,,,,,44.11000061035156,,,,,,
2022-06-02 00:00:00+00:00,,43.38999938964844,INTC,,,,,,,,,,,,,,,,,44.84000015258789,,,,,,
2022-06-03 00:00:00+00:00,,43.34000015258789,INTC,,,,,,,,,,,,,,,,,43.38999938964844,,,,,,
2022-06-06 00:00:00+00:00,,43.529998779296875,INTC,,,,,,,,,,,,,,,,,43.34000015258789,,,,,,
2022-06-07 00:00:00+00:00,,41.22999954223633,INTC,,,,,,,,,,,,,,,,,43.529998779296875,,,,,,
2022-06-08 00:00:00+00:00,,40.0099983215332,INTC,,,,,,,,,,,,,,,,,41.22999954223633,,,,,,
2022-06-09 00:00:00+00:00,,39.18000030517578,INTC,,,,,,,,,,,,,,,,,40.0099983215332,,,,,,
2022-06-10 00:00:00+00:00,,37.77000045776367,INTC,,,,,,,,,,,,,,,,,39.18000030517578,,,,,,
2022-06-13 00:00:00+00:00,,37.93000030517578,INTC,,,,,,,,,,,,,,,,,37.77000045776367,,,,,,
2022-06-14 00:00:00+00:00,,38.650001525878906,INTC,,,,,,,,,,,,,,,,,37.93000030517578,,,,,,
2022-06-15 00:00:00+00:00,,37.34000015258789,INTC,,,,,,,,,,,,,,,,,38.650001525878906,,,,,,
2022-06-16 00:00:00+00:00,,36.970001220703125,INTC,,,,,,,,,,,,,,,,,37.34000015258789,,,,,,
2022-06-17 00:00:00+00:00,,37.72999954223633,INTC,,,,,,,,,,,,,,,,,36.970001220703125,,,,,,
2022-06-21 00:00:00+00:00,,37.380001068115234,INTC,,,,,,,,,,,,,,,,,37.72999954223633,,,,,,
2022-06-22 00:00:00+00:00,,37.40999984741211,INTC,,,,,,,,,,,,,,,,,37.380001068115234,,,,,,
2022-06-23 00:00:00+00:00,,38.61000061035156,INTC,,,,,,,,,,,,,,,,,37.40999984741211,,,,,,
2022-06-24 00:00:00+00:00,,38.630001068115234,INTC,,,,,,,,,,,,,,,,,38.61000061035156,,,,,,
2022-06-27 00:00:00+00:00,,37.779998779296875,INTC,,,,,,,,,,,,,,,,,38.630001068115234,,,,,,
2022-06-28 00:00:00+00:00,,37.290000915527344,INTC,,,,,,,,,,,,,,,,,37.779998779296875,,,,,,
2022-06-29 00:00:00+00:00,,37.40999984741211,INTC,,,,,,,,,,,,,,,,,37.290000915527344,,,,,,
2022-06-30 00:00:00+00:00,,36.34000015258789,INTC,,,,,,,,,,,,,,,,,37.40999984741211,,,,,,
2022-07-01 00:00:00+00:00,,36.689998626708984,INTC,,,,,,,,,,,,,,,,,36.34000015258789,,,,,,
2022-07-05 00:00:00+00:00,,36.9900016784668,INTC,,,,,,,,,,,,,,,,,36.689998626708984,,,,,,
2022-07-06 00:00:00+00:00,,38.13999938964844,INTC,,,,,,,,,,,,,,,,,36.9900016784668,,,,,,
2022-07-07 00:00:00+00:00,,37.9900016784668,INTC,,,,,,,,,,,,,,,,,38.13999938964844,,,,,,
2022-07-08 00:00:00+00:00,,37.20000076293945,INTC,,,,,,,,,,,,,,,,,37.9900016784668,,,,,,
2022-07-11 00:00:00+00:00,,37.209999084472656,INTC,,,,,,,,,,,,,,,,,37.20000076293945,,,,,,
2022-07-12 00:00:00+00:00,,37.209999084472656,INTC,,,,,,,,,,,,,,,,,37.209999084472656,,,,,,
2022-07-13 00:00:00+00:00,,37.709999084472656,INTC,,,,,,,,,,,,,,,,,37.209999084472656,,,,,,
2022-07-14 00:00:00+00:00,,38.619998931884766,INTC,,,,,,,,,,,,,,,,,37.709999084472656,,,,,,
2022-07-15 00:00:00+00:00,,38.709999084472656,INTC,,,,,,,,,,,,,,,,,38.619998931884766,,,,,,
2022-07-18 00:00:00+00:00,,40.220001220703125,INTC,,,,,,,,,,,,,,,,,38.709999084472656,,,,,,
2022-07-19 00:00:00+00:00,,40.560001373291016,INTC,,,,,,,,,,,,,,,,,40.220001220703125,,,,,,
2022-07-20 00:00:00+00:00,,40.61000061035156,INTC,,,,,,,,,,,,,,,,,40.560001373291016,,,,,,
2022-07-21 00:00:00+00:00,,39.20000076293945,INTC,,,,,,,,,,,,,,,,,40.61000061035156,,,,,,
2022-07-22 00:00:00+00:00,,39.15999984741211,INTC,,,,,,,,,,,,,,,,,39.20000076293945,,,,,,
2022-07-25 00:00:00+00:00,,38.959999084472656,INTC,,,,,,,,,,,,,,,,,39.15999984741211,,,,,,
2022-07-26 00:00:00+00:00,,40.18000030517578,INTC,,,,,,,,,,,,,,,,,38.959999084472656,,,,,,
2022-07-27 00:00:00+00:00,,39.709999084472656,INTC,,,,,,,,,,,,,,,,,40.18000030517578,,,,,,
2022-07-28 00:00:00+00:00,,36.310001373291016,INTC,,,,,,,,,,,,,,,,,39.709999084472656,,,,,,
2022-07-29 00:00:00+00:00,,36.959999084472656,INTC,,,,,,,,,,,,,,,,,36.310001373291016,,,,,,
2022-08-01 00:00:00+00:00,,36.0099983215332,INTC,,,,,,,,,,,,,,,,,36.959999084472656,,,,,,
2022-08-02 00:00:00+00:00,,36.52000045776367,INTC,,,,,,,,,,,,,,,,,36.0099983215332,,,,,,
2022-08-03 00:00:00+00:00,,35.65999984741211,INTC,,,,,,,,,,,,,,,,,36.52000045776367,,,,,,
2022-08-04 00:00:00+00:00,,35.38999938964844,INTC,,,,,,,,,,,,,,,,,35.65999984741211,,,,,,
2022-08-05 00:00:00+00:00,,35.380001068115234,INTC,,,,,,,,,,,,,,,,,35.38999938964844,,,,,,
2022-08-08 00:00:00+00:00,,34.52000045776367,INTC,,,,,,,,,,,,,,,,,35.380001068115234,,,,,,
2022-08-09 00:00:00+00:00,,35.369998931884766,INTC,,,,,,,,,,,,,,,,,34.52000045776367,,,,,,
2022-08-10 00:00:00+00:00,,35.59000015258789,INTC,,,,,,,,,,,,,,,,,35.369998931884766,,,,,,
2022-08-11 00:00:00+00:00,,36.11000061035156,INTC,,,,,,,,,,,,,,,,,35.59000015258789,,,,,,
2022-08-12 00:00:00+00:00,,36.34000015258789,INTC,,,,,,,,,,,,,,,,,36.11000061035156,,,,,,
2022-08-15 00:00:00+00:00,,36.189998626708984,INTC,,,,,,,,,,,,,,,,,36.34000015258789,,,,,,
2022-08-16 00:00:00+00:00,,35.779998779296875,INTC,,,,,,,,,,,,,,,,,36.189998626708984,,,,,,
2022-08-17 00:00:00+00:00,,36.20000076293945,INTC,,,,,,,,,,,,,,,,,35.779998779296875,,,,,,
2022-08-18 00:00:00+00:00,,35.380001068115234,INTC,,,,,,,,,,,,,,,,,36.20000076293945,,,,,,
2022-08-19 00:00:00+00:00,,33.84000015258789,INTC,,,,,,,,,,,,,,,,,35.380001068115234,,,,,,
2022-08-22 00:00:00+00:00,,33.95000076293945,INTC,,,,,,,,,,,,,,,,,33.84000015258789,,,,,,
2022-08-23 00:00:00+00:00,,33.86000061035156,INTC,,,,,,,,,,,,,,,,,33.95000076293945,,,,,,
2022-08-24 00:00:00+00:00,,34.88999938964844,INTC,,,,,,,,,,,,,,,,,33.86000061035156,,,,,,
2022-08-25 00:00:00+00:00,,33.36000061035156,INTC,,,,,,,,,,,,,,,,,34.88999938964844,,,,,,
2022-08-26 00:00:00+00:00,,32.939998626708984,INTC,,,,,,,,,,,,,,,,,33.36000061035156,,,,,,
2022-08-29 00:00:00+00:00,,32.2599983215332,INTC,,,,,,,,,,,,,,,,,32.939998626708984,,,,,,
2022-08-30 00:00:00+00:00,,31.920000076293945,INTC,,,,,,,,,,,,,,,,,32.2599983215332,,,,,,
2022-08-31 00:00:00+00:00,,31.760000228881836,INTC,,,,,,,,,,,,,,,,,31.920000076293945,,,,,,
2022-09-01 00:00:00+00:00,,31.219999313354492,INTC,,,,,,,,,,,,,,,,,31.760000228881836,,,,,,
2022-09-02 00:00:00+00:00,,30.360000610351562,INTC,,,,,,,,,,,,,,,,,31.219999313354492,,,,,,
2022-09-06 00:00:00+00:00,,30.649999618530273,INTC,,,,,,,,,,,,,,,,,30.360000610351562,,,,,,
2022-09-07 00:00:00+00:00,,30.75,INTC,,,,,,,,,,,,,,,,,30.649999618530273,,,,,,
2022-09-08 00:00:00+00:00,,31.459999084472656,INTC,,,,,,,,,,,,,,,,,30.75,,,,,,
2022-09-09 00:00:00+00:00,,31.559999465942383,INTC,,,,,,,,,,,,,,,,,31.459999084472656,,,,,,
2022-09-12 00:00:00+00:00,,29.290000915527344,INTC,,,,,,,,,,,,,,,,,31.559999465942383,,,,,,
2022-09-13 00:00:00+00:00,,29.18000030517578,INTC,,,,,,,,,,,,,,,,,29.290000915527344,,,,,,
2022-09-14 00:00:00+00:00,,28.84000015258789,INTC,,,,,,,,,,,,,,,,,29.18000030517578,,,,,,
2022-09-15 00:00:00+00:00,,29.239999771118164,INTC,,,,,,,,,,,,,,,,,28.84000015258789,,,,,,
2022-09-16 00:00:00+00:00,,29.440000534057617,INTC,,,,,,,,,,,,,,,,,29.239999771118164,,,,,,
2022-09-19 00:00:00+00:00,,28.959999084472656,INTC,,,,,,,,,,,,,,,,,29.440000534057617,,,,,,
2022-09-20 00:00:00+00:00,,28.469999313354492,INTC,,,,,,,,,,,,,,,,,28.959999084472656,,,,,,
2022-09-21 00:00:00+00:00,,28.06999969482422,INTC,,,,,,,,,,,,,,,,,28.469999313354492,,,,,,
2022-09-22 00:00:00+00:00,,27.520000457763672,INTC,,,,,,,,,,,,,,,,,28.06999969482422,,,,,,
2022-09-23 00:00:00+00:00,,26.969999313354492,INTC,,,,,,,,,,,,,,,,,27.520000457763672,,,,,,
2022-09-26 00:00:00+00:00,,26.889999389648438,INTC,,,,,,,,,,,,,,,,,26.969999313354492,,,,,,
2022-09-27 00:00:00+00:00,,27.1299991607666,INTC,,,,,,,,,,,,,,,,,26.889999389648438,,,,,,
2022-09-28 00:00:00+00:00,,26.3799991607666,INTC,,,,,,,,,,,,,,,,,27.1299991607666,,,,,,
2022-09-29 00:00:00+00:00,,25.770000457763672,INTC,,,,,,,,,,,,,,,,,26.3799991607666,,,,,,
2022-09-30 00:00:00+00:00,,26.969999313354492,INTC,,,,,,,,,,,,,,,,,25.770000457763672,,,,,,
2022-10-03 00:00:00+00:00,,27.700000762939453,INTC,,,,,,,,,,,,,,,,,26.969999313354492,,,,,,
2022-10-04 00:00:00+00:00,,27.639999389648438,INTC,,,,,,,,,,,,,,,,,27.700000762939453,,,,,,
2022-10-05 00:00:00+00:00,,27.18000030517578,INTC,,,,,,,,,,,,,,,,,27.639999389648438,,,,,,
2022-10-06 00:00:00+00:00,,25.719999313354492,INTC,,,,,,,,,,,,,,,,,27.18000030517578,,,,,,
2022-10-07 00:00:00+00:00,,25.200000762939453,INTC,,,,,,,,,,,,,,,,,25.719999313354492,,,,,,
2022-10-10 00:00:00+00:00,,25.040000915527344,INTC,,,,,,,,,,,,,,,,,25.200000762939453,,,,,,
2022-10-11 00:00:00+00:00,,25.329999923706055,INTC,,,,,,,,,,,,,,,,,25.040000915527344,,,,,,
2022-10-12 00:00:00+00:00,,26.420000076293945,INTC,,,,,,,,,,,,,,,,,25.329999923706055,,,,,,
2022-10-13 00:00:00+00:00,,25.90999984741211,INTC,,,,,,,,,,,,,,,,,26.420000076293945,,,,,,
2022-10-14 00:00:00+00:00,,26.420000076293945,INTC,,,,,,,,,,,,,,,,,25.90999984741211,,,,,,
2022-10-17 00:00:00+00:00,,25.8700008392334,INTC,,,,,,,,,,,,,,,,,26.420000076293945,,,,,,
2022-10-18 00:00:00+00:00,,26.0,INTC,,,,,,,,,,,,,,,,,25.8700008392334,,,,,,
2022-10-19 00:00:00+00:00,,26.079999923706055,INTC,,,,,,,,,,,,,,,,,26.0,,,,,,
2022-10-20 00:00:00+00:00,,26.969999313354492,INTC,,,,,,,,,,,,,,,,,26.079999923706055,,,,,,
2022-10-21 00:00:00+00:00,,27.18000030517578,INTC,,,,,,,,,,,,,,,,,26.969999313354492,,,,,,
2022-10-24 00:00:00+00:00,,27.40999984741211,INTC,,,,,,,,,,,,,,,,,27.18000030517578,,,,,,
2022-10-25 00:00:00+00:00,,27.209999084472656,INTC,,,,,,,,,,,,,,,,,27.40999984741211,,,,,,
2022-10-26 00:00:00+00:00,,26.270000457763672,INTC,,,,,,,,,,,,,,,,,27.209999084472656,,,,,,
2022-10-27 00:00:00+00:00,,29.06999969482422,INTC,,,,,,,,,,,,,,,,,26.270000457763672,,,,,,
2022-10-28 00:00:00+00:00,,28.43000030517578,INTC,,,,,,,,,,,,,,,,,29.06999969482422,,,,,,
2022-10-31 00:00:00+00:00,,28.299999237060547,INTC,,,,,,,,,,,,,,,,,28.43000030517578,,,,,,
2022-11-01 00:00:00+00:00,,27.420000076293945,INTC,,,,,,,,,,,,,,,,,28.299999237060547,,,,,,
2022-11-02 00:00:00+00:00,,27.389999389648438,INTC,,,,,,,,,,,,,,,,,27.420000076293945,,,,,,
2022-11-03 00:00:00+00:00,,28.200000762939453,INTC,,,,,,,,,,,,,,,,,27.389999389648438,,,,,,
2022-11-04 00:00:00+00:00,,28.40999984741211,INTC,,,,,,,,,,,,,,,,,28.200000762939453,,,,,,
2022-11-07 00:00:00+00:00,,28.479999542236328,INTC,,,,,,,,,,,,,,,,,28.40999984741211,,,,,,
2022-11-08 00:00:00+00:00,,27.520000457763672,INTC,,,,,,,,,,,,,,,,,28.479999542236328,,,,,,
2022-11-09 00:00:00+00:00,,29.760000228881836,INTC,,,,,,,,,,,,,,,,,27.520000457763672,,,,,,
2022-11-10 00:00:00+00:00,,30.43000030517578,INTC,,,,,,,,,,,,,,,,,29.760000228881836,,,,,,
2022-11-11 00:00:00+00:00,,30.350000381469727,INTC,,,,,,,,,,,,,,,,,30.43000030517578,,,,,,
2022-11-14 00:00:00+00:00,,30.709999084472656,INTC,,,,,,,,,,,,,,,,,30.350000381469727,,,,,,
2022-11-15 00:00:00+00:00,,29.530000686645508,INTC,,,,,,,,,,,,,,,,,30.709999084472656,,,,,,
2022-11-16 00:00:00+00:00,,29.889999389648438,INTC,,,,,,,,,,,,,,,,,29.530000686645508,,,,,,
2022-11-17 00:00:00+00:00,,29.8700008392334,INTC,,,,,,,,,,,,,,,,,29.889999389648438,,,,,,
2022-11-18 00:00:00+00:00,,28.940000534057617,INTC,,,,,,,,,,,,,,,,,29.8700008392334,,,,,,
2022-11-21 00:00:00+00:00,,29.81999969482422,INTC,,,,,,,,,,,,,,,,,28.940000534057617,,,,,,
2022-11-22 00:00:00+00:00,,29.670000076293945,INTC,,,,,,,,,,,,,,,,,29.81999969482422,,,,,,
2022-11-23 00:00:00+00:00,,29.34000015258789,INTC,,,,,,,,,,,,,,,,,29.670000076293945,,,,,,
2022-11-25 00:00:00+00:00,,28.729999542236328,INTC,,,,,,,,,,,,,,,,,29.34000015258789,,,,,,
2022-11-28 00:00:00+00:00,,28.899999618530273,INTC,,,,,,,,,,,,,,,,,28.729999542236328,,,,,,
2022-11-29 00:00:00+00:00,,30.06999969482422,INTC,,,,,,,,,,,,,,,,,28.899999618530273,,,,,,
2022-11-30 00:00:00+00:00,,29.829999923706055,INTC,,,,,,,,,,,,,,,,,30.06999969482422,,,,,,
2022-12-01 00:00:00+00:00,,29.40999984741211,INTC,,,,,,,,,,,,,,,,,29.829999923706055,,,,,,
2022-12-02 00:00:00+00:00,,29.170000076293945,INTC,,,,,,,,,,,,,,,,,29.40999984741211,,,,,,
2022-12-05 00:00:00+00:00,,28.600000381469727,INTC,,,,,,,,,,,,,,,,,29.170000076293945,,,,,,
2022-12-06 00:00:00+00:00,,28.329999923706055,INTC,,,,,,,,,,,,,,,,,28.600000381469727,,,,,,
2022-12-07 00:00:00+00:00,,28.440000534057617,INTC,,,,,,,,,,,,,,,,,28.329999923706055,,,,,,
2022-12-08 00:00:00+00:00,,28.239999771118164,INTC,,,,,,,,,,,,,,,,,28.440000534057617,,,,,,
2022-12-09 00:00:00+00:00,,28.690000534057617,INTC,,,,,,,,,,,,,,,,,28.239999771118164,,,,,,
2022-12-12 00:00:00+00:00,,28.729999542236328,INTC,,,,,,,,,,,,,,,,,28.690000534057617,,,,,,
2022-12-13 00:00:00+00:00,,28.260000228881836,INTC,,,,,,,,,,,,,,,,,28.729999542236328,,,,,,
2022-12-14 00:00:00+00:00,,27.149999618530273,INTC,,,,,,,,,,,,,,,,,28.260000228881836,,,,,,
2022-12-15 00:00:00+00:00,,26.920000076293945,INTC,,,,,,,,,,,,,,,,,27.149999618530273,,,,,,
2022-12-16 00:00:00+00:00,,26.790000915527344,INTC,,,,,,,,,,,,,,,,,26.920000076293945,,,,,,
2022-12-19 00:00:00+00:00,,26.440000534057617,INTC,,,,,,,,,,,,,,,,,26.790000915527344,,,,,,
2022-12-20 00:00:00+00:00,,26.829999923706055,INTC,,,,,,,,,,,,,,,,,26.440000534057617,,,,,,
2022-12-21 00:00:00+00:00,,25.969999313354492,INTC,,,,,,,,,,,,,,,,,26.829999923706055,,,,,,
2022-12-22 00:00:00+00:00,,26.09000015258789,INTC,,,,,,,,,,,,,,,,,25.969999313354492,,,,,,
2022-12-23 00:00:00+00:00,,25.940000534057617,INTC,,,,,,,,,,,,,,,,,26.09000015258789,,,,,,
2022-12-27 00:00:00+00:00,,25.540000915527344,INTC,,,,,,,,,,,,,,,,,25.940000534057617,,,,,,
2022-12-28 00:00:00+00:00,,26.209999084472656,INTC,,,,,,,,,,,,,,,,,25.540000915527344,,,,,,
2022-12-29 00:00:00+00:00,,26.43000030517578,INTC,,,,,,,,,,,,,,,,,26.209999084472656,,,,,,
2022-12-30 00:00:00+00:00,,,INTC,,,,,,,,,,,,,,,,,26.43000030517578,,,,,,
2022-01-03 00:00:00+00:00,,60.290000915527344,KO,,,,,,,,,,,,,,,,,,59.29999923706055,,,,,
2022-01-04 00:00:00+00:00,,60.790000915527344,KO,,,,,,,,,,,,,,,,,,60.290000915527344,,,,,
2022-01-05 00:00:00+00:00,,60.470001220703125,KO,,,,,,,,,,,,,,,,,,60.790000915527344,,,,,
2022-01-06 00:00:00+00:00,,60.33000183105469,KO,,,,,,,,,,,,,,,,,,60.470001220703125,,,,,
2022-01-07 00:00:00+00:00,,60.43000030517578,KO,,,,,,,,,,,,,,,,,,60.33000183105469,,,,,
2022-01-10 00:00:00+00:00,,60.45000076293945,KO,,,,,,,,,,,,,,,,,,60.43000030517578,,,,,
2022-01-11 00:00:00+00:00,,60.540000915527344,KO,,,,,,,,,,,,,,,,,,60.45000076293945,,,,,
2022-01-12 00:00:00+00:00,,60.900001525878906,KO,,,,,,,,,,,,,,,,,,60.540000915527344,,,,,
2022-01-13 00:00:00+00:00,,61.38999938964844,KO,,,,,,,,,,,,,,,,,,60.900001525878906,,,,,
2022-01-14 00:00:00+00:00,,60.900001525878906,KO,,,,,,,,,,,,,,,,,,61.38999938964844,,,,,
2022-01-18 00:00:00+00:00,,61.0,KO,,,,,,,,,,,,,,,,,,60.900001525878906,,,,,
2022-01-19 00:00:00+00:00,,60.75,KO,,,,,,,,,,,,,,,,,,61.0,,,,,
2022-01-20 00:00:00+00:00,,60.45000076293945,KO,,,,,,,,,,,,,,,,,,60.75,,,,,
2022-01-21 00:00:00+00:00,,59.959999084472656,KO,,,,,,,,,,,,,,,,,,60.45000076293945,,,,,
2022-01-24 00:00:00+00:00,,59.81999969482422,KO,,,,,,,,,,,,,,,,,,59.959999084472656,,,,,
2022-01-25 00:00:00+00:00,,59.599998474121094,KO,,,,,,,,,,,,,,,,,,59.81999969482422,,,,,
2022-01-26 00:00:00+00:00,,59.650001525878906,KO,,,,,,,,,,,,,,,,,,59.599998474121094,,,,,
2022-01-27 00:00:00+00:00,,60.84000015258789,KO,,,,,,,,,,,,,,,,,,59.650001525878906,,,,,
2022-01-28 00:00:00+00:00,,61.0099983215332,KO,,,,,,,,,,,,,,,,,,60.84000015258789,,,,,
2022-01-31 00:00:00+00:00,,60.560001373291016,KO,,,,,,,,,,,,,,,,,,61.0099983215332,,,,,
2022-02-01 00:00:00+00:00,,61.18000030517578,KO,,,,,,,,,,,,,,,,,,60.560001373291016,,,,,
2022-02-02 00:00:00+00:00,,61.61000061035156,KO,,,,,,,,,,,,,,,,,,61.18000030517578,,,,,
2022-02-03 00:00:00+00:00,,60.959999084472656,KO,,,,,,,,,,,,,,,,,,61.61000061035156,,,,,
2022-02-04 00:00:00+00:00,,61.599998474121094,KO,,,,,,,,,,,,,,,,,,60.959999084472656,,,,,
2022-02-07 00:00:00+00:00,,62.0,KO,,,,,,,,,,,,,,,,,,61.599998474121094,,,,,
2022-02-08 00:00:00+00:00,,61.040000915527344,KO,,,,,,,,,,,,,,,,,,62.0,,,,,
2022-02-09 00:00:00+00:00,,61.380001068115234,KO,,,,,,,,,,,,,,,,,,61.040000915527344,,,,,
2022-02-10 00:00:00+00:00,,60.290000915527344,KO,,,,,,,,,,,,,,,,,,61.380001068115234,,,,,
2022-02-11 00:00:00+00:00,,60.68000030517578,KO,,,,,,,,,,,,,,,,,,60.290000915527344,,,,,
2022-02-14 00:00:00+00:00,,60.90999984741211,KO,,,,,,,,,,,,,,,,,,60.68000030517578,,,,,
2022-02-15 00:00:00+00:00,,60.900001525878906,KO,,,,,,,,,,,,,,,,,,60.90999984741211,,,,,
2022-02-16 00:00:00+00:00,,62.119998931884766,KO,,,,,,,,,,,,,,,,,,60.900001525878906,,,,,
2022-02-17 00:00:00+00:00,,62.540000915527344,KO,,,,,,,,,,,,,,,,,,62.119998931884766,,,,,
2022-02-18 00:00:00+00:00,,62.279998779296875,KO,,,,,,,,,,,,,,,,,,62.540000915527344,,,,,
2022-02-22 00:00:00+00:00,,61.59000015258789,KO,,,,,,,,,,,,,,,,,,62.279998779296875,,,,,
2022-02-23 00:00:00+00:00,,60.5099983215332,KO,,,,,,,,,,,,,,,,,,61.59000015258789,,,,,
2022-02-24 00:00:00+00:00,,62.849998474121094,KO,,,,,,,,,,,,,,,,,,60.5099983215332,,,,,
2022-02-25 00:00:00+00:00,,62.2400016784668,KO,,,,,,,,,,,,,,,,,,62.849998474121094,,,,,
2022-02-28 00:00:00+00:00,,61.970001220703125,KO,,,,,,,,,,,,,,,,,,62.2400016784668,,,,,
2022-03-01 00:00:00+00:00,,62.43000030517578,KO,,,,,,,,,,,,,,,,,,61.970001220703125,,,,,
2022-03-02 00:00:00+00:00,,62.470001220703125,KO,,,,,,,,,,,,,,,,,,62.43000030517578,,,,,
2022-03-03 00:00:00+00:00,,62.56999969482422,KO,,,,,,,,,,,,,,,,,,62.470001220703125,,,,,
2022-03-04 00:00:00+00:00,,61.08000183105469,KO,,,,,,,,,,,,,,,,,,62.56999969482422,,,,,
2022-03-07 00:00:00+00:00,,58.65999984741211,KO,,,,,,,,,,,,,,,,,,61.08000183105469,,,,,
2022-03-08 00:00:00+00:00,,58.959999084472656,KO,,,,,,,,,,,,,,,,,,58.65999984741211,,,,,
2022-03-09 00:00:00+00:00,,57.880001068115234,KO,,,,,,,,,,,,,,,,,,58.959999084472656,,,,,
2022-03-10 00:00:00+00:00,,57.91999816894531,KO,,,,,,,,,,,,,,,,,,57.880001068115234,,,,,
2022-03-11 00:00:00+00:00,,58.540000915527344,KO,,,,,,,,,,,,,,,,,,57.91999816894531,,,,,
2022-03-14 00:00:00+00:00,,59.619998931884766,KO,,,,,,,,,,,,,,,,,,58.540000915527344,,,,,
2022-03-15 00:00:00+00:00,,59.459999084472656,KO,,,,,,,,,,,,,,,,,,59.619998931884766,,,,,
2022-03-16 00:00:00+00:00,,60.09000015258789,KO,,,,,,,,,,,,,,,,,,59.459999084472656,,,,,
2022-03-17 00:00:00+00:00,,60.099998474121094,KO,,,,,,,,,,,,,,,,,,60.09000015258789,,,,,
2022-03-18 00:00:00+00:00,,60.58000183105469,KO,,,,,,,,,,,,,,,,,,60.099998474121094,,,,,
2022-03-21 00:00:00+00:00,,60.79999923706055,KO,,,,,,,,,,,,,,,,,,60.58000183105469,,,,,
2022-03-22 00:00:00+00:00,,60.400001525878906,KO,,,,,,,,,,,,,,,,,,60.79999923706055,,,,,
2022-03-23 00:00:00+00:00,,60.97999954223633,KO,,,,,,,,,,,,,,,,,,60.400001525878906,,,,,
2022-03-24 00:00:00+00:00,,61.529998779296875,KO,,,,,,,,,,,,,,,,,,60.97999954223633,,,,,
2022-03-25 00:00:00+00:00,,61.91999816894531,KO,,,,,,,,,,,,,,,,,,61.529998779296875,,,,,
2022-03-28 00:00:00+00:00,,62.15999984741211,KO,,,,,,,,,,,,,,,,,,61.91999816894531,,,,,
2022-03-29 00:00:00+00:00,,62.209999084472656,KO,,,,,,,,,,,,,,,,,,62.15999984741211,,,,,
2022-03-30 00:00:00+00:00,,62.0,KO,,,,,,,,,,,,,,,,,,62.209999084472656,,,,,
2022-03-31 00:00:00+00:00,,62.869998931884766,KO,,,,,,,,,,,,,,,,,,62.0,,,,,
2022-04-01 00:00:00+00:00,,62.540000915527344,KO,,,,,,,,,,,,,,,,,,62.869998931884766,,,,,
2022-04-04 00:00:00+00:00,,62.470001220703125,KO,,,,,,,,,,,,,,,,,,62.540000915527344,,,,,
2022-04-05 00:00:00+00:00,,63.099998474121094,KO,,,,,,,,,,,,,,,,,,62.470001220703125,,,,,
2022-04-06 00:00:00+00:00,,63.439998626708984,KO,,,,,,,,,,,,,,,,,,63.099998474121094,,,,,
2022-04-07 00:00:00+00:00,,63.83000183105469,KO,,,,,,,,,,,,,,,,,,63.439998626708984,,,,,
2022-04-08 00:00:00+00:00,,63.810001373291016,KO,,,,,,,,,,,,,,,,,,63.83000183105469,,,,,
2022-04-11 00:00:00+00:00,,64.55999755859375,KO,,,,,,,,,,,,,,,,,,63.810001373291016,,,,,
2022-04-12 00:00:00+00:00,,64.7300033569336,KO,,,,,,,,,,,,,,,,,,64.55999755859375,,,,,
2022-04-13 00:00:00+00:00,,65.0199966430664,KO,,,,,,,,,,,,,,,,,,64.7300033569336,,,,,
2022-04-14 00:00:00+00:00,,64.44000244140625,KO,,,,,,,,,,,,,,,,,,65.0199966430664,,,,,
2022-04-18 00:00:00+00:00,,65.06999969482422,KO,,,,,,,,,,,,,,,,,,64.44000244140625,,,,,
2022-04-19 00:00:00+00:00,,65.95999908447266,KO,,,,,,,,,,,,,,,,,,65.06999969482422,,,,,
2022-04-20 00:00:00+00:00,,66.20999908447266,KO,,,,,,,,,,,,,,,,,,65.95999908447266,,,,,
2022-04-21 00:00:00+00:00,,65.25,KO,,,,,,,,,,,,,,,,,,66.20999908447266,,,,,
2022-04-22 00:00:00+00:00,,65.94000244140625,KO,,,,,,,,,,,,,,,,,,65.25,,,,,
2022-04-25 00:00:00+00:00,,65.05000305175781,KO,,,,,,,,,,,,,,,,,,65.94000244140625,,,,,
2022-04-26 00:00:00+00:00,,65.55999755859375,KO,,,,,,,,,,,,,,,,,,65.05000305175781,,,,,
2022-04-27 00:00:00+00:00,,66.19000244140625,KO,,,,,,,,,,,,,,,,,,65.55999755859375,,,,,
2022-04-28 00:00:00+00:00,,64.61000061035156,KO,,,,,,,,,,,,,,,,,,66.19000244140625,,,,,
2022-04-29 00:00:00+00:00,,63.439998626708984,KO,,,,,,,,,,,,,,,,,,64.61000061035156,,,,,
2022-05-02 00:00:00+00:00,,63.08000183105469,KO,,,,,,,,,,,,,,,,,,63.439998626708984,,,,,
2022-05-03 00:00:00+00:00,,65.02999877929688,KO,,,,,,,,,,,,,,,,,,63.08000183105469,,,,,
2022-05-04 00:00:00+00:00,,64.51000213623047,KO,,,,,,,,,,,,,,,,,,65.02999877929688,,,,,
2022-05-05 00:00:00+00:00,,64.73999786376953,KO,,,,,,,,,,,,,,,,,,64.51000213623047,,,,,
2022-05-06 00:00:00+00:00,,64.61000061035156,KO,,,,,,,,,,,,,,,,,,64.73999786376953,,,,,
2022-05-09 00:00:00+00:00,,64.01000213623047,KO,,,,,,,,,,,,,,,,,,64.61000061035156,,,,,
2022-05-10 00:00:00+00:00,,64.30999755859375,KO,,,,,,,,,,,,,,,,,,64.01000213623047,,,,,
2022-05-11 00:00:00+00:00,,64.51000213623047,KO,,,,,,,,,,,,,,,,,,64.30999755859375,,,,,
2022-05-12 00:00:00+00:00,,65.72000122070312,KO,,,,,,,,,,,,,,,,,,64.51000213623047,,,,,
2022-05-13 00:00:00+00:00,,65.95999908447266,KO,,,,,,,,,,,,,,,,,,65.72000122070312,,,,,
2022-05-16 00:00:00+00:00,,65.77999877929688,KO,,,,,,,,,,,,,,,,,,65.95999908447266,,,,,
2022-05-17 00:00:00+00:00,,61.20000076293945,KO,,,,,,,,,,,,,,,,,,65.77999877929688,,,,,
2022-05-18 00:00:00+00:00,,60.0,KO,,,,,,,,,,,,,,,,,,61.20000076293945,,,,,
2022-05-19 00:00:00+00:00,,60.97999954223633,KO,,,,,,,,,,,,,,,,,,60.0,,,,,
2022-05-20 00:00:00+00:00,,62.86000061035156,KO,,,,,,,,,,,,,,,,,,60.97999954223633,,,,,
2022-05-23 00:00:00+00:00,,64.0199966430664,KO,,,,,,,,,,,,,,,,,,62.86000061035156,,,,,
2022-05-24 00:00:00+00:00,,64.06999969482422,KO,,,,,,,,,,,,,,,,,,64.0199966430664,,,,,
2022-05-25 00:00:00+00:00,,64.30000305175781,KO,,,,,,,,,,,,,,,,,,64.06999969482422,,,,,
2022-05-26 00:00:00+00:00,,64.68000030517578,KO,,,,,,,,,,,,,,,,,,64.30000305175781,,,,,
2022-05-27 00:00:00+00:00,,63.380001068115234,KO,,,,,,,,,,,,,,,,,,64.68000030517578,,,,,
2022-05-31 00:00:00+00:00,,63.06999969482422,KO,,,,,,,,,,,,,,,,,,63.380001068115234,,,,,
2022-06-01 00:00:00+00:00,,63.72999954223633,KO,,,,,,,,,,,,,,,,,,63.06999969482422,,,,,
2022-06-02 00:00:00+00:00,,62.970001220703125,KO,,,,,,,,,,,,,,,,,,63.72999954223633,,,,,
2022-06-03 00:00:00+00:00,,62.869998931884766,KO,,,,,,,,,,,,,,,,,,62.970001220703125,,,,,
2022-06-06 00:00:00+00:00,,63.25,KO,,,,,,,,,,,,,,,,,,62.869998931884766,,,,,
2022-06-07 00:00:00+00:00,,62.88999938964844,KO,,,,,,,,,,,,,,,,,,63.25,,,,,
2022-06-08 00:00:00+00:00,,61.79999923706055,KO,,,,,,,,,,,,,,,,,,62.88999938964844,,,,,
2022-06-09 00:00:00+00:00,,61.40999984741211,KO,,,,,,,,,,,,,,,,,,61.79999923706055,,,,,
2022-06-10 00:00:00+00:00,,61.34000015258789,KO,,,,,,,,,,,,,,,,,,61.40999984741211,,,,,
2022-06-13 00:00:00+00:00,,59.22999954223633,KO,,,,,,,,,,,,,,,,,,61.34000015258789,,,,,
2022-06-14 00:00:00+00:00,,59.66999816894531,KO,,,,,,,,,,,,,,,,,,59.22999954223633,,,,,
2022-06-15 00:00:00+00:00,,59.06999969482422,KO,,,,,,,,,,,,,,,,,,59.66999816894531,,,,,
2022-06-16 00:00:00+00:00,,59.43000030517578,KO,,,,,,,,,,,,,,,,,,59.06999969482422,,,,,
2022-06-17 00:00:00+00:00,,60.70000076293945,KO,,,,,,,,,,,,,,,,,,59.43000030517578,,,,,
2022-06-21 00:00:00+00:00,,61.150001525878906,KO,,,,,,,,,,,,,,,,,,60.70000076293945,,,,,
2022-06-22 00:00:00+00:00,,61.880001068115234,KO,,,,,,,,,,,,,,,,,,61.150001525878906,,,,,
2022-06-23 00:00:00+00:00,,63.040000915527344,KO,,,,,,,,,,,,,,,,,,61.880001068115234,,,,,
2022-06-24 00:00:00+00:00,,62.90999984741211,KO,,,,,,,,,,,,,,,,,,63.040000915527344,,,,,
2022-06-27 00:00:00+00:00,,62.279998779296875,KO,,,,,,,,,,,,,,,,,,62.90999984741211,,,,,
2022-06-28 00:00:00+00:00,,62.72999954223633,KO,,,,,,,,,,,,,,,,,,62.279998779296875,,,,,
2022-06-29 00:00:00+00:00,,62.90999984741211,KO,,,,,,,,,,,,,,,,,,62.72999954223633,,,,,
2022-06-30 00:00:00+00:00,,64.37999725341797,KO,,,,,,,,,,,,,,,,,,62.90999984741211,,,,,
2022-07-01 00:00:00+00:00,,63.279998779296875,KO,,,,,,,,,,,,,,,,,,64.37999725341797,,,,,
2022-07-05 00:00:00+00:00,,63.40999984741211,KO,,,,,,,,,,,,,,,,,,63.279998779296875,,,,,
2022-07-06 00:00:00+00:00,,62.90999984741211,KO,,,,,,,,,,,,,,,,,,63.40999984741211,,,,,
2022-07-07 00:00:00+00:00,,63.13999938964844,KO,,,,,,,,,,,,,,,,,,62.90999984741211,,,,,
2022-07-08 00:00:00+00:00,,62.939998626708984,KO,,,,,,,,,,,,,,,,,,63.13999938964844,,,,,
2022-07-11 00:00:00+00:00,,62.66999816894531,KO,,,,,,,,,,,,,,,,,,62.939998626708984,,,,,
2022-07-12 00:00:00+00:00,,62.380001068115234,KO,,,,,,,,,,,,,,,,,,62.66999816894531,,,,,
2022-07-13 00:00:00+00:00,,62.18000030517578,KO,,,,,,,,,,,,,,,,,,62.380001068115234,,,,,
2022-07-14 00:00:00+00:00,,62.5,KO,,,,,,,,,,,,,,,,,,62.18000030517578,,,,,
2022-07-15 00:00:00+00:00,,61.650001525878906,KO,,,,,,,,,,,,,,,,,,62.5,,,,,
2022-07-18 00:00:00+00:00,,62.529998779296875,KO,,,,,,,,,,,,,,,,,,61.650001525878906,,,,,
2022-07-19 00:00:00+00:00,,61.5,KO,,,,,,,,,,,,,,,,,,62.529998779296875,,,,,
2022-07-20 00:00:00+00:00,,61.36000061035156,KO,,,,,,,,,,,,,,,,,,61.5,,,,,
2022-07-21 00:00:00+00:00,,61.59000015258789,KO,,,,,,,,,,,,,,,,,,61.36000061035156,,,,,
2022-07-22 00:00:00+00:00,,62.189998626708984,KO,,,,,,,,,,,,,,,,,,61.59000015258789,,,,,
2022-07-25 00:00:00+00:00,,63.209999084472656,KO,,,,,,,,,,,,,,,,,,62.189998626708984,,,,,
2022-07-26 00:00:00+00:00,,63.0099983215332,KO,,,,,,,,,,,,,,,,,,63.209999084472656,,,,,
2022-07-27 00:00:00+00:00,,64.05999755859375,KO,,,,,,,,,,,,,,,,,,63.0099983215332,,,,,
2022-07-28 00:00:00+00:00,,64.16999816894531,KO,,,,,,,,,,,,,,,,,,64.05999755859375,,,,,
2022-07-29 00:00:00+00:00,,64.5199966430664,KO,,,,,,,,,,,,,,,,,,64.16999816894531,,,,,
2022-08-01 00:00:00+00:00,,63.63999938964844,KO,,,,,,,,,,,,,,,,,,64.5199966430664,,,,,
2022-08-02 00:00:00+00:00,,63.91999816894531,KO,,,,,,,,,,,,,,,,,,63.63999938964844,,,,,
2022-08-03 00:00:00+00:00,,63.66999816894531,KO,,,,,,,,,,,,,,,,,,63.91999816894531,,,,,
2022-08-04 00:00:00+00:00,,63.380001068115234,KO,,,,,,,,,,,,,,,,,,63.66999816894531,,,,,
2022-08-05 00:00:00+00:00,,62.970001220703125,KO,,,,,,,,,,,,,,,,,,63.380001068115234,,,,,
2022-08-08 00:00:00+00:00,,63.04999923706055,KO,,,,,,,,,,,,,,,,,,62.970001220703125,,,,,
2022-08-09 00:00:00+00:00,,63.650001525878906,KO,,,,,,,,,,,,,,,,,,63.04999923706055,,,,,
2022-08-10 00:00:00+00:00,,63.220001220703125,KO,,,,,,,,,,,,,,,,,,63.650001525878906,,,,,
2022-08-11 00:00:00+00:00,,63.70000076293945,KO,,,,,,,,,,,,,,,,,,63.220001220703125,,,,,
2022-08-12 00:00:00+00:00,,64.5,KO,,,,,,,,,,,,,,,,,,63.70000076293945,,,,,
2022-08-15 00:00:00+00:00,,65.02999877929688,KO,,,,,,,,,,,,,,,,,,64.5,,,,,
2022-08-16 00:00:00+00:00,,64.87999725341797,KO,,,,,,,,,,,,,,,,,,65.02999877929688,,,,,
2022-08-17 00:00:00+00:00,,65.22000122070312,KO,,,,,,,,,,,,,,,,,,64.87999725341797,,,,,
2022-08-18 00:00:00+00:00,,65.16999816894531,KO,,,,,,,,,,,,,,,,,,65.22000122070312,,,,,
2022-08-19 00:00:00+00:00,,64.19999694824219,KO,,,,,,,,,,,,,,,,,,65.16999816894531,,,,,
2022-08-22 00:00:00+00:00,,64.2699966430664,KO,,,,,,,,,,,,,,,,,,64.19999694824219,,,,,
2022-08-23 00:00:00+00:00,,64.36000061035156,KO,,,,,,,,,,,,,,,,,,64.2699966430664,,,,,
2022-08-24 00:00:00+00:00,,64.66999816894531,KO,,,,,,,,,,,,,,,,,,64.36000061035156,,,,,
2022-08-25 00:00:00+00:00,,63.11000061035156,KO,,,,,,,,,,,,,,,,,,64.66999816894531,,,,,
2022-08-26 00:00:00+00:00,,62.72999954223633,KO,,,,,,,,,,,,,,,,,,63.11000061035156,,,,,
2022-08-29 00:00:00+00:00,,62.150001525878906,KO,,,,,,,,,,,,,,,,,,62.72999954223633,,,,,
2022-08-30 00:00:00+00:00,,61.709999084472656,KO,,,,,,,,,,,,,,,,,,62.150001525878906,,,,,
2022-08-31 00:00:00+00:00,,62.0,KO,,,,,,,,,,,,,,,,,,61.709999084472656,,,,,
2022-09-01 00:00:00+00:00,,61.150001525878906,KO,,,,,,,,,,,,,,,,,,62.0,,,,,
2022-09-02 00:00:00+00:00,,61.18000030517578,KO,,,,,,,,,,,,,,,,,,61.150001525878906,,,,,
2022-09-06 00:00:00+00:00,,62.310001373291016,KO,,,,,,,,,,,,,,,,,,61.18000030517578,,,,,
2022-09-07 00:00:00+00:00,,62.119998931884766,KO,,,,,,,,,,,,,,,,,,62.310001373291016,,,,,
2022-09-08 00:00:00+00:00,,62.31999969482422,KO,,,,,,,,,,,,,,,,,,62.119998931884766,,,,,
2022-09-09 00:00:00+00:00,,62.5,KO,,,,,,,,,,,,,,,,,,62.31999969482422,,,,,
2022-09-12 00:00:00+00:00,,60.470001220703125,KO,,,,,,,,,,,,,,,,,,62.5,,,,,
2022-09-13 00:00:00+00:00,,60.790000915527344,KO,,,,,,,,,,,,,,,,,,60.470001220703125,,,,,
2022-09-14 00:00:00+00:00,,59.529998779296875,KO,,,,,,,,,,,,,,,,,,60.790000915527344,,,,,
2022-09-15 00:00:00+00:00,,59.540000915527344,KO,,,,,,,,,,,,,,,,,,59.529998779296875,,,,,
2022-09-16 00:00:00+00:00,,59.9900016784668,KO,,,,,,,,,,,,,,,,,,59.540000915527344,,,,,
2022-09-19 00:00:00+00:00,,59.900001525878906,KO,,,,,,,,,,,,,,,,,,59.9900016784668,,,,,
2022-09-20 00:00:00+00:00,,59.400001525878906,KO,,,,,,,,,,,,,,,,,,59.900001525878906,,,,,
2022-09-21 00:00:00+00:00,,59.2599983215332,KO,,,,,,,,,,,,,,,,,,59.400001525878906,,,,,
2022-09-22 00:00:00+00:00,,58.599998474121094,KO,,,,,,,,,,,,,,,,,,59.2599983215332,,,,,
2022-09-23 00:00:00+00:00,,57.869998931884766,KO,,,,,,,,,,,,,,,,,,58.599998474121094,,,,,
2022-09-26 00:00:00+00:00,,56.380001068115234,KO,,,,,,,,,,,,,,,,,,57.869998931884766,,,,,
2022-09-27 00:00:00+00:00,,56.97999954223633,KO,,,,,,,,,,,,,,,,,,56.380001068115234,,,,,
2022-09-28 00:00:00+00:00,,56.56999969482422,KO,,,,,,,,,,,,,,,,,,56.97999954223633,,,,,
2022-09-29 00:00:00+00:00,,56.02000045776367,KO,,,,,,,,,,,,,,,,,,56.56999969482422,,,,,
2022-09-30 00:00:00+00:00,,56.650001525878906,KO,,,,,,,,,,,,,,,,,,56.02000045776367,,,,,
2022-10-03 00:00:00+00:00,,56.779998779296875,KO,,,,,,,,,,,,,,,,,,56.650001525878906,,,,,
2022-10-04 00:00:00+00:00,,56.2400016784668,KO,,,,,,,,,,,,,,,,,,56.779998779296875,,,,,
2022-10-05 00:00:00+00:00,,55.029998779296875,KO,,,,,,,,,,,,,,,,,,56.2400016784668,,,,,
2022-10-06 00:00:00+00:00,,54.5099983215332,KO,,,,,,,,,,,,,,,,,,55.029998779296875,,,,,
2022-10-07 00:00:00+00:00,,54.38999938964844,KO,,,,,,,,,,,,,,,,,,54.5099983215332,,,,,
2022-10-10 00:00:00+00:00,,54.47999954223633,KO,,,,,,,,,,,,,,,,,,54.38999938964844,,,,,
2022-10-11 00:00:00+00:00,,55.13999938964844,KO,,,,,,,,,,,,,,,,,,54.47999954223633,,,,,
2022-10-12 00:00:00+00:00,,55.869998931884766,KO,,,,,,,,,,,,,,,,,,55.13999938964844,,,,,
2022-10-13 00:00:00+00:00,,54.97999954223633,KO,,,,,,,,,,,,,,,,,,55.869998931884766,,,,,
2022-10-14 00:00:00+00:00,,55.689998626708984,KO,,,,,,,,,,,,,,,,,,54.97999954223633,,,,,
2022-10-17 00:00:00+00:00,,56.439998626708984,KO,,,,,,,,,,,,,,,,,,55.689998626708984,,,,,
2022-10-18 00:00:00+00:00,,55.959999084472656,KO,,,,,,,,,,,,,,,,,,56.439998626708984,,,,,
2022-10-19 00:00:00+00:00,,55.08000183105469,KO,,,,,,,,,,,,,,,,,,55.959999084472656,,,,,
2022-10-20 00:00:00+00:00,,55.959999084472656,KO,,,,,,,,,,,,,,,,,,55.08000183105469,,,,,
2022-10-21 00:00:00+00:00,,57.56999969482422,KO,,,,,,,,,,,,,,,,,,55.959999084472656,,,,,
2022-10-24 00:00:00+00:00,,58.95000076293945,KO,,,,,,,,,,,,,,,,,,57.56999969482422,,,,,
2022-10-25 00:00:00+00:00,,59.38999938964844,KO,,,,,,,,,,,,,,,,,,58.95000076293945,,,,,
2022-10-26 00:00:00+00:00,,59.529998779296875,KO,,,,,,,,,,,,,,,,,,59.38999938964844,,,,,
2022-10-27 00:00:00+00:00,,60.7599983215332,KO,,,,,,,,,,,,,,,,,,59.529998779296875,,,,,
2022-10-28 00:00:00+00:00,,59.849998474121094,KO,,,,,,,,,,,,,,,,,,60.7599983215332,,,,,
2022-10-31 00:00:00+00:00,,59.63999938964844,KO,,,,,,,,,,,,,,,,,,59.849998474121094,,,,,
2022-11-01 00:00:00+00:00,,58.810001373291016,KO,,,,,,,,,,,,,,,,,,59.63999938964844,,,,,
2022-11-02 00:00:00+00:00,,58.779998779296875,KO,,,,,,,,,,,,,,,,,,58.810001373291016,,,,,
2022-11-03 00:00:00+00:00,,59.2599983215332,KO,,,,,,,,,,,,,,,,,,58.779998779296875,,,,,
2022-11-04 00:00:00+00:00,,59.4900016784668,KO,,,,,,,,,,,,,,,,,,59.2599983215332,,,,,
2022-11-07 00:00:00+00:00,,59.599998474121094,KO,,,,,,,,,,,,,,,,,,59.4900016784668,,,,,
2022-11-08 00:00:00+00:00,,58.77000045776367,KO,,,,,,,,,,,,,,,,,,59.599998474121094,,,,,
2022-11-09 00:00:00+00:00,,60.880001068115234,KO,,,,,,,,,,,,,,,,,,58.77000045776367,,,,,
2022-11-10 00:00:00+00:00,,61.31999969482422,KO,,,,,,,,,,,,,,,,,,60.880001068115234,,,,,
2022-11-11 00:00:00+00:00,,60.72999954223633,KO,,,,,,,,,,,,,,,,,,61.31999969482422,,,,,
2022-11-14 00:00:00+00:00,,60.630001068115234,KO,,,,,,,,,,,,,,,,,,60.72999954223633,,,,,
2022-11-15 00:00:00+00:00,,60.52000045776367,KO,,,,,,,,,,,,,,,,,,60.630001068115234,,,,,
2022-11-16 00:00:00+00:00,,60.709999084472656,KO,,,,,,,,,,,,,,,,,,60.52000045776367,,,,,
2022-11-17 00:00:00+00:00,,61.13999938964844,KO,,,,,,,,,,,,,,,,,,60.709999084472656,,,,,
2022-11-18 00:00:00+00:00,,62.08000183105469,KO,,,,,,,,,,,,,,,,,,61.13999938964844,,,,,
2022-11-21 00:00:00+00:00,,62.349998474121094,KO,,,,,,,,,,,,,,,,,,62.08000183105469,,,,,
2022-11-22 00:00:00+00:00,,62.630001068115234,KO,,,,,,,,,,,,,,,,,,62.349998474121094,,,,,
2022-11-23 00:00:00+00:00,,62.689998626708984,KO,,,,,,,,,,,,,,,,,,62.630001068115234,,,,,
2022-11-25 00:00:00+00:00,,62.70000076293945,KO,,,,,,,,,,,,,,,,,,62.689998626708984,,,,,
2022-11-28 00:00:00+00:00,,62.47999954223633,KO,,,,,,,,,,,,,,,,,,62.70000076293945,,,,,
2022-11-29 00:00:00+00:00,,63.61000061035156,KO,,,,,,,,,,,,,,,,,,62.47999954223633,,,,,
2022-11-30 00:00:00+00:00,,63.790000915527344,KO,,,,,,,,,,,,,,,,,,63.61000061035156,,,,,
2022-12-01 00:00:00+00:00,,64.3499984741211,KO,,,,,,,,,,,,,,,,,,63.790000915527344,,,,,
2022-12-02 00:00:00+00:00,,63.470001220703125,KO,,,,,,,,,,,,,,,,,,64.3499984741211,,,,,
2022-12-05 00:00:00+00:00,,63.439998626708984,KO,,,,,,,,,,,,,,,,,,63.470001220703125,,,,,
2022-12-06 00:00:00+00:00,,63.540000915527344,KO,,,,,,,,,,,,,,,,,,63.439998626708984,,,,,
2022-12-07 00:00:00+00:00,,63.810001373291016,KO,,,,,,,,,,,,,,,,,,63.540000915527344,,,,,
2022-12-08 00:00:00+00:00,,63.13999938964844,KO,,,,,,,,,,,,,,,,,,63.810001373291016,,,,,
2022-12-09 00:00:00+00:00,,63.970001220703125,KO,,,,,,,,,,,,,,,,,,63.13999938964844,,,,,
2022-12-12 00:00:00+00:00,,63.9900016784668,KO,,,,,,,,,,,,,,,,,,63.970001220703125,,,,,
2022-12-13 00:00:00+00:00,,63.9900016784668,KO,,,,,,,,,,,,,,,,,,63.9900016784668,,,,,
2022-12-14 00:00:00+00:00,,63.11000061035156,KO,,,,,,,,,,,,,,,,,,63.9900016784668,,,,,
2022-12-15 00:00:00+00:00,,62.75,KO,,,,,,,,,,,,,,,,,,63.11000061035156,,,,,
2022-12-16 00:00:00+00:00,,62.84000015258789,KO,,,,,,,,,,,,,,,,,,62.75,,,,,
2022-12-19 00:00:00+00:00,,62.790000915527344,KO,,,,,,,,,,,,,,,,,,62.84000015258789,,,,,
2022-12-20 00:00:00+00:00,,63.79999923706055,KO,,,,,,,,,,,,,,,,,,62.790000915527344,,,,,
2022-12-21 00:00:00+00:00,,63.34000015258789,KO,,,,,,,,,,,,,,,,,,63.79999923706055,,,,,
2022-12-22 00:00:00+00:00,,63.81999969482422,KO,,,,,,,,,,,,,,,,,,63.34000015258789,,,,,
2022-12-23 00:00:00+00:00,,64.20999908447266,KO,,,,,,,,,,,,,,,,,,63.81999969482422,,,,,
2022-12-27 00:00:00+00:00,,63.56999969482422,KO,,,,,,,,,,,,,,,,,,64.20999908447266,,,,,
2022-12-28 00:00:00+00:00,,63.95000076293945,KO,,,,,,,,,,,,,,,,,,63.56999969482422,,,,,
2022-12-29 00:00:00+00:00,,63.61000061035156,KO,,,,,,,,,,,,,,,,,,63.95000076293945,,,,,
2022-12-30 00:00:00+00:00,,,KO,,,,,,,,,,,,,,,,,,63.61000061035156,,,,,
2022-01-03 00:00:00+00:00,,336.5299987792969,META,,,,,,,,,,,,,,,,,,,338.5400085449219,,,,
2022-01-04 00:00:00+00:00,,324.1700134277344,META,,,,,,,,,,,,,,,,,,,336.5299987792969,,,,
2022-01-05 00:00:00+00:00,,332.4599914550781,META,,,,,,,,,,,,,,,,,,,324.1700134277344,,,,
2022-01-06 00:00:00+00:00,,331.7900085449219,META,,,,,,,,,,,,,,,,,,,332.4599914550781,,,,
2022-01-07 00:00:00+00:00,,328.07000732421875,META,,,,,,,,,,,,,,,,,,,331.7900085449219,,,,
2022-01-10 00:00:00+00:00,,334.3699951171875,META,,,,,,,,,,,,,,,,,,,328.07000732421875,,,,
2022-01-11 00:00:00+00:00,,333.260009765625,META,,,,,,,,,,,,,,,,,,,334.3699951171875,,,,
2022-01-12 00:00:00+00:00,,326.4800109863281,META,,,,,,,,,,,,,,,,,,,333.260009765625,,,,
2022-01-13 00:00:00+00:00,,331.8999938964844,META,,,,,,,,,,,,,,,,,,,326.4800109863281,,,,
2022-01-14 00:00:00+00:00,,318.1499938964844,META,,,,,,,,,,,,,,,,,,,331.8999938964844,,,,
2022-01-18 00:00:00+00:00,,319.5899963378906,META,,,,,,,,,,,,,,,,,,,318.1499938964844,,,,
2022-01-19 00:00:00+00:00,,316.55999755859375,META,,,,,,,,,,,,,,,,,,,319.5899963378906,,,,
2022-01-20 00:00:00+00:00,,303.1700134277344,META,,,,,,,,,,,,,,,,,,,316.55999755859375,,,,
2022-01-21 00:00:00+00:00,,308.7099914550781,META,,,,,,,,,,,,,,,,,,,303.1700134277344,,,,
2022-01-24 00:00:00+00:00,,300.1499938964844,META,,,,,,,,,,,,,,,,,,,308.7099914550781,,,,
2022-01-25 00:00:00+00:00,,294.6300048828125,META,,,,,,,,,,,,,,,,,,,300.1499938964844,,,,
2022-01-26 00:00:00+00:00,,294.6400146484375,META,,,,,,,,,,,,,,,,,,,294.6300048828125,,,,
2022-01-27 00:00:00+00:00,,301.7099914550781,META,,,,,,,,,,,,,,,,,,,294.6400146484375,,,,
2022-01-28 00:00:00+00:00,,313.260009765625,META,,,,,,,,,,,,,,,,,,,301.7099914550781,,,,
2022-01-31 00:00:00+00:00,,319.0,META,,,,,,,,,,,,,,,,,,,313.260009765625,,,,
2022-02-01 00:00:00+00:00,,323.0,META,,,,,,,,,,,,,,,,,,,319.0,,,,
2022-02-02 00:00:00+00:00,,237.75999450683594,META,,,,,,,,,,,,,,,,,,,323.0,,,,
2022-02-03 00:00:00+00:00,,237.08999633789062,META,,,,,,,,,,,,,,,,,,,237.75999450683594,,,,
2022-02-04 00:00:00+00:00,,224.91000366210938,META,,,,,,,,,,,,,,,,,,,237.08999633789062,,,,
2022-02-07 00:00:00+00:00,,220.17999267578125,META,,,,,,,,,,,,,,,,,,,224.91000366210938,,,,
2022-02-08 00:00:00+00:00,,232.0,META,,,,,,,,,,,,,,,,,,,220.17999267578125,,,,
2022-02-09 00:00:00+00:00,,228.07000732421875,META,,,,,,,,,,,,,,,,,,,232.0,,,,
2022-02-10 00:00:00+00:00,,219.5500030517578,META,,,,,,,,,,,,,,,,,,,228.07000732421875,,,,
2022-02-11 00:00:00+00:00,,217.6999969482422,META,,,,,,,,,,,,,,,,,,,219.5500030517578,,,,
2022-02-14 00:00:00+00:00,,221.0,META,,,,,,,,,,,,,,,,,,,217.6999969482422,,,,
2022-02-15 00:00:00+00:00,,216.5399932861328,META,,,,,,,,,,,,,,,,,,,221.0,,,,
2022-02-16 00:00:00+00:00,,207.7100067138672,META,,,,,,,,,,,,,,,,,,,216.5399932861328,,,,
2022-02-17 00:00:00+00:00,,206.16000366210938,META,,,,,,,,,,,,,,,,,,,207.7100067138672,,,,
2022-02-18 00:00:00+00:00,,202.0800018310547,META,,,,,,,,,,,,,,,,,,,206.16000366210938,,,,
2022-02-22 00:00:00+00:00,,198.4499969482422,META,,,,,,,,,,,,,,,,,,,202.0800018310547,,,,
2022-02-23 00:00:00+00:00,,207.60000610351562,META,,,,,,,,,,,,,,,,,,,198.4499969482422,,,,
2022-02-24 00:00:00+00:00,,210.47999572753906,META,,,,,,,,,,,,,,,,,,,207.60000610351562,,,,
2022-02-25 00:00:00+00:00,,211.02999877929688,META,,,,,,,,,,,,,,,,,,,210.47999572753906,,,,
2022-02-28 00:00:00+00:00,,203.49000549316406,META,,,,,,,,,,,,,,,,,,,211.02999877929688,,,,
2022-03-01 00:00:00+00:00,,208.11000061035156,META,,,,,,,,,,,,,,,,,,,203.49000549316406,,,,
2022-03-02 00:00:00+00:00,,202.97000122070312,META,,,,,,,,,,,,,,,,,,,208.11000061035156,,,,
2022-03-03 00:00:00+00:00,,200.05999755859375,META,,,,,,,,,,,,,,,,,,,202.97000122070312,,,,
2022-03-04 00:00:00+00:00,,187.47000122070312,META,,,,,,,,,,,,,,,,,,,200.05999755859375,,,,
2022-03-07 00:00:00+00:00,,190.2899932861328,META,,,,,,,,,,,,,,,,,,,187.47000122070312,,,,
2022-03-08 00:00:00+00:00,,198.5,META,,,,,,,,,,,,,,,,,,,190.2899932861328,,,,
2022-03-09 00:00:00+00:00,,195.2100067138672,META,,,,,,,,,,,,,,,,,,,198.5,,,,
2022-03-10 00:00:00+00:00,,187.61000061035156,META,,,,,,,,,,,,,,,,,,,195.2100067138672,,,,
2022-03-11 00:00:00+00:00,,186.6300048828125,META,,,,,,,,,,,,,,,,,,,187.61000061035156,,,,
2022-03-14 00:00:00+00:00,,192.02999877929688,META,,,,,,,,,,,,,,,,,,,186.6300048828125,,,,
2022-03-15 00:00:00+00:00,,203.6300048828125,META,,,,,,,,,,,,,,,,,,,192.02999877929688,,,,
2022-03-16 00:00:00+00:00,,207.83999633789062,META,,,,,,,,,,,,,,,,,,,203.6300048828125,,,,
2022-03-17 00:00:00+00:00,,216.49000549316406,META,,,,,,,,,,,,,,,,,,,207.83999633789062,,,,
2022-03-18 00:00:00+00:00,,211.49000549316406,META,,,,,,,,,,,,,,,,,,,216.49000549316406,,,,
2022-03-21 00:00:00+00:00,,216.64999389648438,META,,,,,,,,,,,,,,,,,,,211.49000549316406,,,,
2022-03-22 00:00:00+00:00,,213.4600067138672,META,,,,,,,,,,,,,,,,,,,216.64999389648438,,,,
2022-03-23 00:00:00+00:00,,219.57000732421875,META,,,,,,,,,,,,,,,,,,,213.4600067138672,,,,
2022-03-24 00:00:00+00:00,,221.82000732421875,META,,,,,,,,,,,,,,,,,,,219.57000732421875,,,,
2022-03-25 00:00:00+00:00,,223.58999633789062,META,,,,,,,,,,,,,,,,,,,221.82000732421875,,,,
2022-03-28 00:00:00+00:00,,229.86000061035156,META,,,,,,,,,,,,,,,,,,,223.58999633789062,,,,
2022-03-29 00:00:00+00:00,,227.85000610351562,META,,,,,,,,,,,,,,,,,,,229.86000061035156,,,,
2022-03-30 00:00:00+00:00,,222.36000061035156,META,,,,,,,,,,,,,,,,,,,227.85000610351562,,,,
2022-03-31 00:00:00+00:00,,224.85000610351562,META,,,,,,,,,,,,,,,,,,,222.36000061035156,,,,
2022-04-01 00:00:00+00:00,,233.88999938964844,META,,,,,,,,,,,,,,,,,,,224.85000610351562,,,,
2022-04-04 00:00:00+00:00,,231.83999633789062,META,,,,,,,,,,,,,,,,,,,233.88999938964844,,,,
2022-04-05 00:00:00+00:00,,223.3000030517578,META,,,,,,,,,,,,,,,,,,,231.83999633789062,,,,
2022-04-06 00:00:00+00:00,,222.9499969482422,META,,,,,,,,,,,,,,,,,,,223.3000030517578,,,,
2022-04-07 00:00:00+00:00,,222.3300018310547,META,,,,,,,,,,,,,,,,,,,222.9499969482422,,,,
2022-04-08 00:00:00+00:00,,216.4600067138672,META,,,,,,,,,,,,,,,,,,,222.3300018310547,,,,
2022-04-11 00:00:00+00:00,,214.13999938964844,META,,,,,,,,,,,,,,,,,,,216.4600067138672,,,,
2022-04-12 00:00:00+00:00,,214.99000549316406,META,,,,,,,,,,,,,,,,,,,214.13999938964844,,,,
2022-04-13 00:00:00+00:00,,210.17999267578125,META,,,,,,,,,,,,,,,,,,,214.99000549316406,,,,
2022-04-14 00:00:00+00:00,,210.77000427246094,META,,,,,,,,,,,,,,,,,,,210.17999267578125,,,,
2022-04-18 00:00:00+00:00,,217.30999755859375,META,,,,,,,,,,,,,,,,,,,210.77000427246094,,,,
2022-04-19 00:00:00+00:00,,200.4199981689453,META,,,,,,,,,,,,,,,,,,,217.30999755859375,,,,
2022-04-20 00:00:00+00:00,,188.07000732421875,META,,,,,,,,,,,,,,,,,,,200.4199981689453,,,,
2022-04-21 00:00:00+00:00,,184.11000061035156,META,,,,,,,,,,,,,,,,,,,188.07000732421875,,,,
2022-04-22 00:00:00+00:00,,186.99000549316406,META,,,,,,,,,,,,,,,,,,,184.11000061035156,,,,
2022-04-25 00:00:00+00:00,,180.9499969482422,META,,,,,,,,,,,,,,,,,,,186.99000549316406,,,,
2022-04-26 00:00:00+00:00,,174.9499969482422,META,,,,,,,,,,,,,,,,,,,180.9499969482422,,,,
2022-04-27 00:00:00+00:00,,205.72999572753906,META,,,,,,,,,,,,,,,,,,,174.9499969482422,,,,
2022-04-28 00:00:00+00:00,,200.47000122070312,META,,,,,,,,,,,,,,,,,,,205.72999572753906,,,,
2022-04-29 00:00:00+00:00,,211.1300048828125,META,,,,,,,,,,,,,,,,,,,200.47000122070312,,,,
2022-05-02 00:00:00+00:00,,212.02999877929688,META,,,,,,,,,,,,,,,,,,,211.1300048828125,,,,
2022-05-03 00:00:00+00:00,,223.41000366210938,META,,,,,,,,,,,,,,,,,,,212.02999877929688,,,,
2022-05-04 00:00:00+00:00,,208.27999877929688,META,,,,,,,,,,,,,,,,,,,223.41000366210938,,,,
2022-05-05 00:00:00+00:00,,203.77000427246094,META,,,,,,,,,,,,,,,,,,,208.27999877929688,,,,
2022-05-06 00:00:00+00:00,,196.2100067138672,META,,,,,,,,,,,,,,,,,,,203.77000427246094,,,,
2022-05-09 00:00:00+00:00,,197.64999389648438,META,,,,,,,,,,,,,,,,,,,196.2100067138672,,,,
2022-05-10 00:00:00+00:00,,188.74000549316406,META,,,,,,,,,,,,,,,,,,,197.64999389648438,,,,
2022-05-11 00:00:00+00:00,,191.24000549316406,META,,,,,,,,,,,,,,,,,,,188.74000549316406,,,,
2022-05-12 00:00:00+00:00,,198.6199951171875,META,,,,,,,,,,,,,,,,,,,191.24000549316406,,,,
2022-05-13 00:00:00+00:00,,200.0399932861328,META,,,,,,,,,,,,,,,,,,,198.6199951171875,,,,
2022-05-16 00:00:00+00:00,,202.6199951171875,META,,,,,,,,,,,,,,,,,,,200.0399932861328,,,,
2022-05-17 00:00:00+00:00,,192.24000549316406,META,,,,,,,,,,,,,,,,,,,202.6199951171875,,,,
2022-05-18 00:00:00+00:00,,191.2899932861328,META,,,,,,,,,,,,,,,,,,,192.24000549316406,,,,
2022-05-19 00:00:00+00:00,,193.5399932861328,META,,,,,,,,,,,,,,,,,,,191.2899932861328,,,,
2022-05-20 00:00:00+00:00,,196.22999572753906,META,,,,,,,,,,,,,,,,,,,193.5399932861328,,,,
2022-05-23 00:00:00+00:00,,181.27999877929688,META,,,,,,,,,,,,,,,,,,,196.22999572753906,,,,
2022-05-24 00:00:00+00:00,,183.8300018310547,META,,,,,,,,,,,,,,,,,,,181.27999877929688,,,,
2022-05-25 00:00:00+00:00,,191.6300048828125,META,,,,,,,,,,,,,,,,,,,183.8300018310547,,,,
2022-05-26 00:00:00+00:00,,195.1300048828125,META,,,,,,,,,,,,,,,,,,,191.6300048828125,,,,
2022-05-27 00:00:00+00:00,,193.63999938964844,META,,,,,,,,,,,,,,,,,,,195.1300048828125,,,,
2022-05-31 00:00:00+00:00,,188.63999938964844,META,,,,,,,,,,,,,,,,,,,193.63999938964844,,,,
2022-06-01 00:00:00+00:00,,198.86000061035156,META,,,,,,,,,,,,,,,,,,,188.63999938964844,,,,
2022-06-02 00:00:00+00:00,,190.77999877929688,META,,,,,,,,,,,,,,,,,,,198.86000061035156,,,,
2022-06-03 00:00:00+00:00,,194.25,META,,,,,,,,,,,,,,,,,,,190.77999877929688,,,,
2022-06-06 00:00:00+00:00,,195.64999389648438,META,,,,,,,,,,,,,,,,,,,194.25,,,,
2022-06-07 00:00:00+00:00,,196.63999938964844,META,,,,,,,,,,,,,,,,,,,195.64999389648438,,,,
2022-06-08 00:00:00+00:00,,184.0,META,,,,,,,,,,,,,,,,,,,196.63999938964844,,,,
2022-06-09 00:00:00+00:00,,175.57000732421875,META,,,,,,,,,,,,,,,,,,,184.0,,,,
2022-06-10 00:00:00+00:00,,164.25999450683594,META,,,,,,,,,,,,,,,,,,,175.57000732421875,,,,
2022-06-13 00:00:00+00:00,,163.72999572753906,META,,,,,,,,,,,,,,,,,,,164.25999450683594,,,,
2022-06-14 00:00:00+00:00,,169.35000610351562,META,,,,,,,,,,,,,,,,,,,163.72999572753906,,,,
2022-06-15 00:00:00+00:00,,160.8699951171875,META,,,,,,,,,,,,,,,,,,,169.35000610351562,,,,
2022-06-16 00:00:00+00:00,,163.74000549316406,META,,,,,,,,,,,,,,,,,,,160.8699951171875,,,,
2022-06-17 00:00:00+00:00,,157.0500030517578,META,,,,,,,,,,,,,,,,,,,163.74000549316406,,,,
2022-06-21 00:00:00+00:00,,155.85000610351562,META,,,,,,,,,,,,,,,,,,,157.0500030517578,,,,
2022-06-22 00:00:00+00:00,,158.75,META,,,,,,,,,,,,,,,,,,,155.85000610351562,,,,
2022-06-23 00:00:00+00:00,,170.16000366210938,META,,,,,,,,,,,,,,,,,,,158.75,,,,
2022-06-24 00:00:00+00:00,,169.49000549316406,META,,,,,,,,,,,,,,,,,,,170.16000366210938,,,,
2022-06-27 00:00:00+00:00,,160.67999267578125,META,,,,,,,,,,,,,,,,,,,169.49000549316406,,,,
2022-06-28 00:00:00+00:00,,163.94000244140625,META,,,,,,,,,,,,,,,,,,,160.67999267578125,,,,
2022-06-29 00:00:00+00:00,,161.25,META,,,,,,,,,,,,,,,,,,,163.94000244140625,,,,
2022-06-30 00:00:00+00:00,,160.02999877929688,META,,,,,,,,,,,,,,,,,,,161.25,,,,
2022-07-01 00:00:00+00:00,,168.19000244140625,META,,,,,,,,,,,,,,,,,,,160.02999877929688,,,,
2022-07-05 00:00:00+00:00,,169.77000427246094,META,,,,,,,,,,,,,,,,,,,168.19000244140625,,,,
2022-07-06 00:00:00+00:00,,172.19000244140625,META,,,,,,,,,,,,,,,,,,,169.77000427246094,,,,
2022-07-07 00:00:00+00:00,,170.8800048828125,META,,,,,,,,,,,,,,,,,,,172.19000244140625,,,,
2022-07-08 00:00:00+00:00,,162.8800048828125,META,,,,,,,,,,,,,,,,,,,170.8800048828125,,,,
2022-07-11 00:00:00+00:00,,163.27000427246094,META,,,,,,,,,,,,,,,,,,,162.8800048828125,,,,
2022-07-12 00:00:00+00:00,,163.49000549316406,META,,,,,,,,,,,,,,,,,,,163.27000427246094,,,,
2022-07-13 00:00:00+00:00,,158.0500030517578,META,,,,,,,,,,,,,,,,,,,163.49000549316406,,,,
2022-07-14 00:00:00+00:00,,164.6999969482422,META,,,,,,,,,,,,,,,,,,,158.0500030517578,,,,
2022-07-15 00:00:00+00:00,,167.22999572753906,META,,,,,,,,,,,,,,,,,,,164.6999969482422,,,,
2022-07-18 00:00:00+00:00,,175.77999877929688,META,,,,,,,,,,,,,,,,,,,167.22999572753906,,,,
2022-07-19 00:00:00+00:00,,183.08999633789062,META,,,,,,,,,,,,,,,,,,,175.77999877929688,,,,
2022-07-20 00:00:00+00:00,,183.1699981689453,META,,,,,,,,,,,,,,,,,,,183.08999633789062,,,,
2022-07-21 00:00:00+00:00,,169.27000427246094,META,,,,,,,,,,,,,,,,,,,183.1699981689453,,,,
2022-07-22 00:00:00+00:00,,166.64999389648438,META,,,,,,,,,,,,,,,,,,,169.27000427246094,,,,
2022-07-25 00:00:00+00:00,,159.14999389648438,META,,,,,,,,,,,,,,,,,,,166.64999389648438,,,,
2022-07-26 00:00:00+00:00,,169.5800018310547,META,,,,,,,,,,,,,,,,,,,159.14999389648438,,,,
2022-07-27 00:00:00+00:00,,160.72000122070312,META,,,,,,,,,,,,,,,,,,,169.5800018310547,,,,
2022-07-28 00:00:00+00:00,,159.10000610351562,META,,,,,,,,,,,,,,,,,,,160.72000122070312,,,,
2022-07-29 00:00:00+00:00,,159.92999267578125,META,,,,,,,,,,,,,,,,,,,159.10000610351562,,,,
2022-08-01 00:00:00+00:00,,160.19000244140625,META,,,,,,,,,,,,,,,,,,,159.92999267578125,,,,
2022-08-02 00:00:00+00:00,,168.8000030517578,META,,,,,,,,,,,,,,,,,,,160.19000244140625,,,,
2022-08-03 00:00:00+00:00,,170.57000732421875,META,,,,,,,,,,,,,,,,,,,168.8000030517578,,,,
2022-08-04 00:00:00+00:00,,167.11000061035156,META,,,,,,,,,,,,,,,,,,,170.57000732421875,,,,
2022-08-05 00:00:00+00:00,,170.25,META,,,,,,,,,,,,,,,,,,,167.11000061035156,,,,
2022-08-08 00:00:00+00:00,,168.52999877929688,META,,,,,,,,,,,,,,,,,,,170.25,,,,
2022-08-09 00:00:00+00:00,,178.33999633789062,META,,,,,,,,,,,,,,,,,,,168.52999877929688,,,,
2022-08-10 00:00:00+00:00,,177.49000549316406,META,,,,,,,,,,,,,,,,,,,178.33999633789062,,,,
2022-08-11 00:00:00+00:00,,180.5,META,,,,,,,,,,,,,,,,,,,177.49000549316406,,,,
2022-08-12 00:00:00+00:00,,180.88999938964844,META,,,,,,,,,,,,,,,,,,,180.5,,,,
2022-08-15 00:00:00+00:00,,179.47000122070312,META,,,,,,,,,,,,,,,,,,,180.88999938964844,,,,
2022-08-16 00:00:00+00:00,,174.85000610351562,META,,,,,,,,,,,,,,,,,,,179.47000122070312,,,,
2022-08-17 00:00:00+00:00,,174.66000366210938,META,,,,,,,,,,,,,,,,,,,174.85000610351562,,,,
2022-08-18 00:00:00+00:00,,167.9600067138672,META,,,,,,,,,,,,,,,,,,,174.66000366210938,,,,
2022-08-19 00:00:00+00:00,,163.0500030517578,META,,,,,,,,,,,,,,,,,,,167.9600067138672,,,,
2022-08-22 00:00:00+00:00,,161.11000061035156,META,,,,,,,,,,,,,,,,,,,163.0500030517578,,,,
2022-08-23 00:00:00+00:00,,163.25999450683594,META,,,,,,,,,,,,,,,,,,,161.11000061035156,,,,
2022-08-24 00:00:00+00:00,,168.77999877929688,META,,,,,,,,,,,,,,,,,,,163.25999450683594,,,,
2022-08-25 00:00:00+00:00,,161.77999877929688,META,,,,,,,,,,,,,,,,,,,168.77999877929688,,,,
2022-08-26 00:00:00+00:00,,159.1699981689453,META,,,,,,,,,,,,,,,,,,,161.77999877929688,,,,
2022-08-29 00:00:00+00:00,,157.16000366210938,META,,,,,,,,,,,,,,,,,,,159.1699981689453,,,,
2022-08-30 00:00:00+00:00,,162.92999267578125,META,,,,,,,,,,,,,,,,,,,157.16000366210938,,,,
2022-08-31 00:00:00+00:00,,165.36000061035156,META,,,,,,,,,,,,,,,,,,,162.92999267578125,,,,
2022-09-01 00:00:00+00:00,,160.32000732421875,META,,,,,,,,,,,,,,,,,,,165.36000061035156,,,,
2022-09-02 00:00:00+00:00,,158.5399932861328,META,,,,,,,,,,,,,,,,,,,160.32000732421875,,,,
2022-09-06 00:00:00+00:00,,160.38999938964844,META,,,,,,,,,,,,,,,,,,,158.5399932861328,,,,
2022-09-07 00:00:00+00:00,,162.05999755859375,META,,,,,,,,,,,,,,,,,,,160.38999938964844,,,,
2022-09-08 00:00:00+00:00,,169.14999389648438,META,,,,,,,,,,,,,,,,,,,162.05999755859375,,,,
2022-09-09 00:00:00+00:00,,168.9600067138672,META,,,,,,,,,,,,,,,,,,,169.14999389648438,,,,
2022-09-12 00:00:00+00:00,,153.1300048828125,META,,,,,,,,,,,,,,,,,,,168.9600067138672,,,,
2022-09-13 00:00:00+00:00,,151.47000122070312,META,,,,,,,,,,,,,,,,,,,153.1300048828125,,,,
2022-09-14 00:00:00+00:00,,149.5500030517578,META,,,,,,,,,,,,,,,,,,,151.47000122070312,,,,
2022-09-15 00:00:00+00:00,,146.2899932861328,META,,,,,,,,,,,,,,,,,,,149.5500030517578,,,,
2022-09-16 00:00:00+00:00,,148.02000427246094,META,,,,,,,,,,,,,,,,,,,146.2899932861328,,,,
2022-09-19 00:00:00+00:00,,146.08999633789062,META,,,,,,,,,,,,,,,,,,,148.02000427246094,,,,
2022-09-20 00:00:00+00:00,,142.1199951171875,META,,,,,,,,,,,,,,,,,,,146.08999633789062,,,,
2022-09-21 00:00:00+00:00,,142.82000732421875,META,,,,,,,,,,,,,,,,,,,142.1199951171875,,,,
2022-09-22 00:00:00+00:00,,140.41000366210938,META,,,,,,,,,,,,,,,,,,,142.82000732421875,,,,
2022-09-23 00:00:00+00:00,,136.3699951171875,META,,,,,,,,,,,,,,,,,,,140.41000366210938,,,,
2022-09-26 00:00:00+00:00,,134.39999389648438,META,,,,,,,,,,,,,,,,,,,136.3699951171875,,,,
2022-09-27 00:00:00+00:00,,141.61000061035156,META,,,,,,,,,,,,,,,,,,,134.39999389648438,,,,
2022-09-28 00:00:00+00:00,,136.41000366210938,META,,,,,,,,,,,,,,,,,,,141.61000061035156,,,,
2022-09-29 00:00:00+00:00,,135.67999267578125,META,,,,,,,,,,,,,,,,,,,136.41000366210938,,,,
2022-09-30 00:00:00+00:00,,138.61000061035156,META,,,,,,,,,,,,,,,,,,,135.67999267578125,,,,
2022-10-03 00:00:00+00:00,,140.27999877929688,META,,,,,,,,,,,,,,,,,,,138.61000061035156,,,,
2022-10-04 00:00:00+00:00,,138.97999572753906,META,,,,,,,,,,,,,,,,,,,140.27999877929688,,,,
2022-10-05 00:00:00+00:00,,139.07000732421875,META,,,,,,,,,,,,,,,,,,,138.97999572753906,,,,
2022-10-06 00:00:00+00:00,,133.4499969482422,META,,,,,,,,,,,,,,,,,,,139.07000732421875,,,,
2022-10-07 00:00:00+00:00,,133.7899932861328,META,,,,,,,,,,,,,,,,,,,133.4499969482422,,,,
2022-10-10 00:00:00+00:00,,128.5399932861328,META,,,,,,,,,,,,,,,,,,,133.7899932861328,,,,
2022-10-11 00:00:00+00:00,,127.5,META,,,,,,,,,,,,,,,,,,,128.5399932861328,,,,
2022-10-12 00:00:00+00:00,,130.2899932861328,META,,,,,,,,,,,,,,,,,,,127.5,,,,
2022-10-13 00:00:00+00:00,,126.76000213623047,META,,,,,,,,,,,,,,,,,,,130.2899932861328,,,,
2022-10-14 00:00:00+00:00,,134.0399932861328,META,,,,,,,,,,,,,,,,,,,126.76000213623047,,,,
2022-10-17 00:00:00+00:00,,132.8000030517578,META,,,,,,,,,,,,,,,,,,,134.0399932861328,,,,
2022-10-18 00:00:00+00:00,,133.22999572753906,META,,,,,,,,,,,,,,,,,,,132.8000030517578,,,,
2022-10-19 00:00:00+00:00,,131.52999877929688,META,,,,,,,,,,,,,,,,,,,133.22999572753906,,,,
2022-10-20 00:00:00+00:00,,130.00999450683594,META,,,,,,,,,,,,,,,,,,,131.52999877929688,,,,
2022-10-21 00:00:00+00:00,,129.72000122070312,META,,,,,,,,,,,,,,,,,,,130.00999450683594,,,,
2022-10-24 00:00:00+00:00,,137.50999450683594,META,,,,,,,,,,,,,,,,,,,129.72000122070312,,,,
2022-10-25 00:00:00+00:00,,129.82000732421875,META,,,,,,,,,,,,,,,,,,,137.50999450683594,,,,
2022-10-26 00:00:00+00:00,,97.94000244140625,META,,,,,,,,,,,,,,,,,,,129.82000732421875,,,,
2022-10-27 00:00:00+00:00,,99.19999694824219,META,,,,,,,,,,,,,,,,,,,97.94000244140625,,,,
2022-10-28 00:00:00+00:00,,93.16000366210938,META,,,,,,,,,,,,,,,,,,,99.19999694824219,,,,
2022-10-31 00:00:00+00:00,,95.19999694824219,META,,,,,,,,,,,,,,,,,,,93.16000366210938,,,,
2022-11-01 00:00:00+00:00,,90.54000091552734,META,,,,,,,,,,,,,,,,,,,95.19999694824219,,,,
2022-11-02 00:00:00+00:00,,88.91000366210938,META,,,,,,,,,,,,,,,,,,,90.54000091552734,,,,
2022-11-03 00:00:00+00:00,,90.79000091552734,META,,,,,,,,,,,,,,,,,,,88.91000366210938,,,,
2022-11-04 00:00:00+00:00,,96.72000122070312,META,,,,,,,,,,,,,,,,,,,90.79000091552734,,,,
2022-11-07 00:00:00+00:00,,96.47000122070312,META,,,,,,,,,,,,,,,,,,,96.72000122070312,,,,
2022-11-08 00:00:00+00:00,,101.47000122070312,META,,,,,,,,,,,,,,,,,,,96.47000122070312,,,,
2022-11-09 00:00:00+00:00,,111.87000274658203,META,,,,,,,,,,,,,,,,,,,101.47000122070312,,,,
2022-11-10 00:00:00+00:00,,113.0199966430664,META,,,,,,,,,,,,,,,,,,,111.87000274658203,,,,
2022-11-11 00:00:00+00:00,,114.22000122070312,META,,,,,,,,,,,,,,,,,,,113.0199966430664,,,,
2022-11-14 00:00:00+00:00,,117.08000183105469,META,,,,,,,,,,,,,,,,,,,114.22000122070312,,,,
2022-11-15 00:00:00+00:00,,113.2300033569336,META,,,,,,,,,,,,,,,,,,,117.08000183105469,,,,
2022-11-16 00:00:00+00:00,,111.44999694824219,META,,,,,,,,,,,,,,,,,,,113.2300033569336,,,,
2022-11-17 00:00:00+00:00,,112.05000305175781,META,,,,,,,,,,,,,,,,,,,111.44999694824219,,,,
2022-11-18 00:00:00+00:00,,109.86000061035156,META,,,,,,,,,,,,,,,,,,,112.05000305175781,,,,
2022-11-21 00:00:00+00:00,,111.44000244140625,META,,,,,,,,,,,,,,,,,,,109.86000061035156,,,,
2022-11-22 00:00:00+00:00,,112.23999786376953,META,,,,,,,,,,,,,,,,,,,111.44000244140625,,,,
2022-11-23 00:00:00+00:00,,111.41000366210938,META,,,,,,,,,,,,,,,,,,,112.23999786376953,,,,
2022-11-25 00:00:00+00:00,,108.77999877929688,META,,,,,,,,,,,,,,,,,,,111.41000366210938,,,,
2022-11-28 00:00:00+00:00,,109.45999908447266,META,,,,,,,,,,,,,,,,,,,108.77999877929688,,,,
2022-11-29 00:00:00+00:00,,118.0999984741211,META,,,,,,,,,,,,,,,,,,,109.45999908447266,,,,
2022-11-30 00:00:00+00:00,,120.44000244140625,META,,,,,,,,,,,,,,,,,,,118.0999984741211,,,,
2022-12-01 00:00:00+00:00,,123.48999786376953,META,,,,,,,,,,,,,,,,,,,120.44000244140625,,,,
2022-12-02 00:00:00+00:00,,122.43000030517578,META,,,,,,,,,,,,,,,,,,,123.48999786376953,,,,
2022-12-05 00:00:00+00:00,,114.12000274658203,META,,,,,,,,,,,,,,,,,,,122.43000030517578,,,,
2022-12-06 00:00:00+00:00,,113.93000030517578,META,,,,,,,,,,,,,,,,,,,114.12000274658203,,,,
2022-12-07 00:00:00+00:00,,115.33000183105469,META,,,,,,,,,,,,,,,,,,,113.93000030517578,,,,
2022-12-08 00:00:00+00:00,,115.9000015258789,META,,,,,,,,,,,,,,,,,,,115.33000183105469,,,,
2022-12-09 00:00:00+00:00,,114.70999908447266,META,,,,,,,,,,,,,,,,,,,115.9000015258789,,,,
2022-12-12 00:00:00+00:00,,120.1500015258789,META,,,,,,,,,,,,,,,,,,,114.70999908447266,,,,
2022-12-13 00:00:00+00:00,,121.58999633789062,META,,,,,,,,,,,,,,,,,,,120.1500015258789,,,,
2022-12-14 00:00:00+00:00,,116.1500015258789,META,,,,,,,,,,,,,,,,,,,121.58999633789062,,,,
2022-12-15 00:00:00+00:00,,119.43000030517578,META,,,,,,,,,,,,,,,,,,,116.1500015258789,,,,
2022-12-16 00:00:00+00:00,,114.4800033569336,META,,,,,,,,,,,,,,,,,,,119.43000030517578,,,,
2022-12-19 00:00:00+00:00,,117.08999633789062,META,,,,,,,,,,,,,,,,,,,114.4800033569336,,,,
2022-12-20 00:00:00+00:00,,119.76000213623047,META,,,,,,,,,,,,,,,,,,,117.08999633789062,,,,
2022-12-21 00:00:00+00:00,,117.12000274658203,META,,,,,,,,,,,,,,,,,,,119.76000213623047,,,,
2022-12-22 00:00:00+00:00,,118.04000091552734,META,,,,,,,,,,,,,,,,,,,117.12000274658203,,,,
2022-12-23 00:00:00+00:00,,116.87999725341797,META,,,,,,,,,,,,,,,,,,,118.04000091552734,,,,
2022-12-27 00:00:00+00:00,,115.62000274658203,META,,,,,,,,,,,,,,,,,,,116.87999725341797,,,,
2022-12-28 00:00:00+00:00,,120.26000213623047,META,,,,,,,,,,,,,,,,,,,115.62000274658203,,,,
2022-12-29 00:00:00+00:00,,120.33999633789062,META,,,,,,,,,,,,,,,,,,,120.26000213623047,,,,
2022-12-30 00:00:00+00:00,,,META,,,,,,,,,,,,,,,,,,,120.33999633789062,,,,
2022-01-03 00:00:00+00:00,,329.010009765625,MSFT,,,,,,,,,,,,,,,,,,,,334.75,,,
2022-01-04 00:00:00+00:00,,316.3800048828125,MSFT,,,,,,,,,,,,,,,,,,,,329.010009765625,,,
2022-01-05 00:00:00+00:00,,313.8800048828125,MSFT,,,,,,,,,,,,,,,,,,,,316.3800048828125,,,
2022-01-06 00:00:00+00:00,,314.0400085449219,MSFT,,,,,,,,,,,,,,,,,,,,313.8800048828125,,,
2022-01-07 00:00:00+00:00,,314.2699890136719,MSFT,,,,,,,,,,,,,,,,,,,,314.0400085449219,,,
2022-01-10 00:00:00+00:00,,314.9800109863281,MSFT,,,,,,,,,,,,,,,,,,,,314.2699890136719,,,
2022-01-11 00:00:00+00:00,,318.2699890136719,MSFT,,,,,,,,,,,,,,,,,,,,314.9800109863281,,,
2022-01-12 00:00:00+00:00,,304.79998779296875,MSFT,,,,,,,,,,,,,,,,,,,,318.2699890136719,,,
2022-01-13 00:00:00+00:00,,310.20001220703125,MSFT,,,,,,,,,,,,,,,,,,,,304.79998779296875,,,
2022-01-14 00:00:00+00:00,,302.6499938964844,MSFT,,,,,,,,,,,,,,,,,,,,310.20001220703125,,,
2022-01-18 00:00:00+00:00,,303.3299865722656,MSFT,,,,,,,,,,,,,,,,,,,,302.6499938964844,,,
2022-01-19 00:00:00+00:00,,301.6000061035156,MSFT,,,,,,,,,,,,,,,,,,,,303.3299865722656,,,
2022-01-20 00:00:00+00:00,,296.0299987792969,MSFT,,,,,,,,,,,,,,,,,,,,301.6000061035156,,,
2022-01-21 00:00:00+00:00,,296.3699951171875,MSFT,,,,,,,,,,,,,,,,,,,,296.0299987792969,,,
2022-01-24 00:00:00+00:00,,288.489990234375,MSFT,,,,,,,,,,,,,,,,,,,,296.3699951171875,,,
2022-01-25 00:00:00+00:00,,296.7099914550781,MSFT,,,,,,,,,,,,,,,,,,,,288.489990234375,,,
2022-01-26 00:00:00+00:00,,299.8399963378906,MSFT,,,,,,,,,,,,,,,,,,,,296.7099914550781,,,
2022-01-27 00:00:00+00:00,,308.260009765625,MSFT,,,,,,,,,,,,,,,,,,,,299.8399963378906,,,
2022-01-28 00:00:00+00:00,,310.9800109863281,MSFT,,,,,,,,,,,,,,,,,,,,308.260009765625,,,
2022-01-31 00:00:00+00:00,,308.760009765625,MSFT,,,,,,,,,,,,,,,,,,,,310.9800109863281,,,
2022-02-01 00:00:00+00:00,,313.4599914550781,MSFT,,,,,,,,,,,,,,,,,,,,308.760009765625,,,
2022-02-02 00:00:00+00:00,,301.25,MSFT,,,,,,,,,,,,,,,,,,,,313.4599914550781,,,
2022-02-03 00:00:00+00:00,,305.94000244140625,MSFT,,,,,,,,,,,,,,,,,,,,301.25,,,
2022-02-04 00:00:00+00:00,,300.95001220703125,MSFT,,,,,,,,,,,,,,,,,,,,305.94000244140625,,,
2022-02-07 00:00:00+00:00,,304.55999755859375,MSFT,,,,,,,,,,,,,,,,,,,,300.95001220703125,,,
2022-02-08 00:00:00+00:00,,311.2099914550781,MSFT,,,,,,,,,,,,,,,,,,,,304.55999755859375,,,
2022-02-09 00:00:00+00:00,,302.3800048828125,MSFT,,,,,,,,,,,,,,,,,,,,311.2099914550781,,,
2022-02-10 00:00:00+00:00,,295.0400085449219,MSFT,,,,,,,,,,,,,,,,,,,,302.3800048828125,,,
2022-02-11 00:00:00+00:00,,295.0,MSFT,,,,,,,,,,,,,,,,,,,,295.0400085449219,,,
2022-02-14 00:00:00+00:00,,300.4700012207031,MSFT,,,,,,,,,,,,,,,,,,,,295.0,,,
2022-02-15 00:00:00+00:00,,299.5,MSFT,,,,,,,,,,,,,,,,,,,,300.4700012207031,,,
2022-02-16 00:00:00+00:00,,290.7300109863281,MSFT,,,,,,,,,,,,,,,,,,,,299.5,,,
2022-02-17 00:00:00+00:00,,287.92999267578125,MSFT,,,,,,,,,,,,,,,,,,,,290.7300109863281,,,
2022-02-18 00:00:00+00:00,,287.7200012207031,MSFT,,,,,,,,,,,,,,,,,,,,287.92999267578125,,,
2022-02-22 00:00:00+00:00,,280.2699890136719,MSFT,,,,,,,,,,,,,,,,,,,,287.7200012207031,,,
2022-02-23 00:00:00+00:00,,294.5899963378906,MSFT,,,,,,,,,,,,,,,,,,,,280.2699890136719,,,
2022-02-24 00:00:00+00:00,,297.30999755859375,MSFT,,,,,,,,,,,,,,,,,,,,294.5899963378906,,,
2022-02-25 00:00:00+00:00,,298.7900085449219,MSFT,,,,,,,,,,,,,,,,,,,,297.30999755859375,,,
2022-02-28 00:00:00+00:00,,294.95001220703125,MSFT,,,,,,,,,,,,,,,,,,,,298.7900085449219,,,
2022-03-01 00:00:00+00:00,,300.19000244140625,MSFT,,,,,,,,,,,,,,,,,,,,294.95001220703125,,,
2022-03-02 00:00:00+00:00,,295.9200134277344,MSFT,,,,,,,,,,,,,,,,,,,,300.19000244140625,,,
2022-03-03 00:00:00+00:00,,289.8599853515625,MSFT,,,,,,,,,,,,,,,,,,,,295.9200134277344,,,
2022-03-04 00:00:00+00:00,,278.9100036621094,MSFT,,,,,,,,,,,,,,,,,,,,289.8599853515625,,,
2022-03-07 00:00:00+00:00,,275.8500061035156,MSFT,,,,,,,,,,,,,,,,,,,,278.9100036621094,,,
2022-03-08 00:00:00+00:00,,288.5,MSFT,,,,,,,,,,,,,,,,,,,,275.8500061035156,,,
2022-03-09 00:00:00+00:00,,285.5899963378906,MSFT,,,,,,,,,,,,,,,,,,,,288.5,,,
2022-03-10 00:00:00+00:00,,280.07000732421875,MSFT,,,,,,,,,,,,,,,,,,,,285.5899963378906,,,
2022-03-11 00:00:00+00:00,,276.44000244140625,MSFT,,,,,,,,,,,,,,,,,,,,280.07000732421875,,,
2022-03-14 00:00:00+00:00,,287.1499938964844,MSFT,,,,,,,,,,,,,,,,,,,,276.44000244140625,,,
2022-03-15 00:00:00+00:00,,294.3900146484375,MSFT,,,,,,,,,,,,,,,,,,,,287.1499938964844,,,
2022-03-16 00:00:00+00:00,,295.2200012207031,MSFT,,,,,,,,,,,,,,,,,,,,294.3900146484375,,,
2022-03-17 00:00:00+00:00,,300.42999267578125,MSFT,,,,,,,,,,,,,,,,,,,,295.2200012207031,,,
2022-03-18 00:00:00+00:00,,299.1600036621094,MSFT,,,,,,,,,,,,,,,,,,,,300.42999267578125,,,
2022-03-21 00:00:00+00:00,,304.05999755859375,MSFT,,,,,,,,,,,,,,,,,,,,299.1600036621094,,,
2022-03-22 00:00:00+00:00,,299.489990234375,MSFT,,,,,,,,,,,,,,,,,,,,304.05999755859375,,,
2022-03-23 00:00:00+00:00,,304.1000061035156,MSFT,,,,,,,,,,,,,,,,,,,,299.489990234375,,,
2022-03-24 00:00:00+00:00,,303.67999267578125,MSFT,,,,,,,,,,,,,,,,,,,,304.1000061035156,,,
2022-03-25 00:00:00+00:00,,310.70001220703125,MSFT,,,,,,,,,,,,,,,,,,,,303.67999267578125,,,
2022-03-28 00:00:00+00:00,,315.4100036621094,MSFT,,,,,,,,,,,,,,,,,,,,310.70001220703125,,,
2022-03-29 00:00:00+00:00,,313.8599853515625,MSFT,,,,,,,,,,,,,,,,,,,,315.4100036621094,,,
2022-03-30 00:00:00+00:00,,308.30999755859375,MSFT,,,,,,,,,,,,,,,,,,,,313.8599853515625,,,
2022-03-31 00:00:00+00:00,,309.4200134277344,MSFT,,,,,,,,,,,,,,,,,,,,308.30999755859375,,,
2022-04-01 00:00:00+00:00,,314.9700012207031,MSFT,,,,,,,,,,,,,,,,,,,,309.4200134277344,,,
2022-04-04 00:00:00+00:00,,310.8800048828125,MSFT,,,,,,,,,,,,,,,,,,,,314.9700012207031,,,
2022-04-05 00:00:00+00:00,,299.5,MSFT,,,,,,,,,,,,,,,,,,,,310.8800048828125,,,
2022-04-06 00:00:00+00:00,,301.3699951171875,MSFT,,,,,,,,,,,,,,,,,,,,299.5,,,
2022-04-07 00:00:00+00:00,,296.9700012207031,MSFT,,,,,,,,,,,,,,,,,,,,301.3699951171875,,,
2022-04-08 00:00:00+00:00,,285.260009765625,MSFT,,,,,,,,,,,,,,,,,,,,296.9700012207031,,,
2022-04-11 00:00:00+00:00,,282.05999755859375,MSFT,,,,,,,,,,,,,,,,,,,,285.260009765625,,,
2022-04-12 00:00:00+00:00,,287.6199951171875,MSFT,,,,,,,,,,,,,,,,,,,,282.05999755859375,,,
2022-04-13 00:00:00+00:00,,279.8299865722656,MSFT,,,,,,,,,,,,,,,,,,,,287.6199951171875,,,
2022-04-14 00:00:00+00:00,,280.5199890136719,MSFT,,,,,,,,,,,,,,,,,,,,279.8299865722656,,,
2022-04-18 00:00:00+00:00,,285.29998779296875,MSFT,,,,,,,,,,,,,,,,,,,,280.5199890136719,,,
2022-04-19 00:00:00+00:00,,286.3599853515625,MSFT,,,,,,,,,,,,,,,,,,,,285.29998779296875,,,
2022-04-20 00:00:00+00:00,,280.80999755859375,MSFT,,,,,,,,,,,,,,,,,,,,286.3599853515625,,,
2022-04-21 00:00:00+00:00,,274.0299987792969,MSFT,,,,,,,,,,,,,,,,,,,,280.80999755859375,,,
2022-04-22 00:00:00+00:00,,280.7200012207031,MSFT,,,,,,,,,,,,,,,,,,,,274.0299987792969,,,
2022-04-25 00:00:00+00:00,,270.2200012207031,MSFT,,,,,,,,,,,,,,,,,,,,280.7200012207031,,,
2022-04-26 00:00:00+00:00,,283.2200012207031,MSFT,,,,,,,,,,,,,,,,,,,,270.2200012207031,,,
2022-04-27 00:00:00+00:00,,289.6300048828125,MSFT,,,,,,,,,,,,,,,,,,,,283.2200012207031,,,
2022-04-28 00:00:00+00:00,,277.5199890136719,MSFT,,,,,,,,,,,,,,,,,,,,289.6300048828125,,,
2022-04-29 00:00:00+00:00,,284.4700012207031,MSFT,,,,,,,,,,,,,,,,,,,,277.5199890136719,,,
2022-05-02 00:00:00+00:00,,281.7799987792969,MSFT,,,,,,,,,,,,,,,,,,,,284.4700012207031,,,
2022-05-03 00:00:00+00:00,,289.9800109863281,MSFT,,,,,,,,,,,,,,,,,,,,281.7799987792969,,,
2022-05-04 00:00:00+00:00,,277.3500061035156,MSFT,,,,,,,,,,,,,,,,,,,,289.9800109863281,,,
2022-05-05 00:00:00+00:00,,274.7300109863281,MSFT,,,,,,,,,,,,,,,,,,,,277.3500061035156,,,
2022-05-06 00:00:00+00:00,,264.5799865722656,MSFT,,,,,,,,,,,,,,,,,,,,274.7300109863281,,,
2022-05-09 00:00:00+00:00,,269.5,MSFT,,,,,,,,,,,,,,,,,,,,264.5799865722656,,,
2022-05-10 00:00:00+00:00,,260.54998779296875,MSFT,,,,,,,,,,,,,,,,,,,,269.5,,,
2022-05-11 00:00:00+00:00,,255.35000610351562,MSFT,,,,,,,,,,,,,,,,,,,,260.54998779296875,,,
2022-05-12 00:00:00+00:00,,261.1199951171875,MSFT,,,,,,,,,,,,,,,,,,,,255.35000610351562,,,
2022-05-13 00:00:00+00:00,,261.5,MSFT,,,,,,,,,,,,,,,,,,,,261.1199951171875,,,
2022-05-16 00:00:00+00:00,,266.82000732421875,MSFT,,,,,,,,,,,,,,,,,,,,261.5,,,
2022-05-17 00:00:00+00:00,,254.0800018310547,MSFT,,,,,,,,,,,,,,,,,,,,266.82000732421875,,,
2022-05-18 00:00:00+00:00,,253.13999938964844,MSFT,,,,,,,,,,,,,,,,,,,,254.0800018310547,,,
2022-05-19 00:00:00+00:00,,252.55999755859375,MSFT,,,,,,,,,,,,,,,,,,,,253.13999938964844,,,
2022-05-20 00:00:00+00:00,,260.6499938964844,MSFT,,,,,,,,,,,,,,,,,,,,252.55999755859375,,,
2022-05-23 00:00:00+00:00,,259.6199951171875,MSFT,,,,,,,,,,,,,,,,,,,,260.6499938964844,,,
2022-05-24 00:00:00+00:00,,262.5199890136719,MSFT,,,,,,,,,,,,,,,,,,,,259.6199951171875,,,
2022-05-25 00:00:00+00:00,,265.8999938964844,MSFT,,,,,,,,,,,,,,,,,,,,262.5199890136719,,,
2022-05-26 00:00:00+00:00,,273.239990234375,MSFT,,,,,,,,,,,,,,,,,,,,265.8999938964844,,,
2022-05-27 00:00:00+00:00,,271.8699951171875,MSFT,,,,,,,,,,,,,,,,,,,,273.239990234375,,,
2022-05-31 00:00:00+00:00,,272.4200134277344,MSFT,,,,,,,,,,,,,,,,,,,,271.8699951171875,,,
2022-06-01 00:00:00+00:00,,274.5799865722656,MSFT,,,,,,,,,,,,,,,,,,,,272.4200134277344,,,
2022-06-02 00:00:00+00:00,,270.0199890136719,MSFT,,,,,,,,,,,,,,,,,,,,274.5799865722656,,,
2022-06-03 00:00:00+00:00,,268.75,MSFT,,,,,,,,,,,,,,,,,,,,270.0199890136719,,,
2022-06-06 00:00:00+00:00,,272.5,MSFT,,,,,,,,,,,,,,,,,,,,268.75,,,
2022-06-07 00:00:00+00:00,,270.4100036621094,MSFT,,,,,,,,,,,,,,,,,,,,272.5,,,
2022-06-08 00:00:00+00:00,,264.7900085449219,MSFT,,,,,,,,,,,,,,,,,,,,270.4100036621094,,,
2022-06-09 00:00:00+00:00,,252.99000549316406,MSFT,,,,,,,,,,,,,,,,,,,,264.7900085449219,,,
2022-06-10 00:00:00+00:00,,242.25999450683594,MSFT,,,,,,,,,,,,,,,,,,,,252.99000549316406,,,
2022-06-13 00:00:00+00:00,,244.49000549316406,MSFT,,,,,,,,,,,,,,,,,,,,242.25999450683594,,,
2022-06-14 00:00:00+00:00,,251.75999450683594,MSFT,,,,,,,,,,,,,,,,,,,,244.49000549316406,,,
2022-06-15 00:00:00+00:00,,244.97000122070312,MSFT,,,,,,,,,,,,,,,,,,,,251.75999450683594,,,
2022-06-16 00:00:00+00:00,,247.64999389648438,MSFT,,,,,,,,,,,,,,,,,,,,244.97000122070312,,,
2022-06-17 00:00:00+00:00,,253.74000549316406,MSFT,,,,,,,,,,,,,,,,,,,,247.64999389648438,,,
2022-06-21 00:00:00+00:00,,253.1300048828125,MSFT,,,,,,,,,,,,,,,,,,,,253.74000549316406,,,
2022-06-22 00:00:00+00:00,,258.8599853515625,MSFT,,,,,,,,,,,,,,,,,,,,253.1300048828125,,,
2022-06-23 00:00:00+00:00,,267.70001220703125,MSFT,,,,,,,,,,,,,,,,,,,,258.8599853515625,,,
2022-06-24 00:00:00+00:00,,264.8900146484375,MSFT,,,,,,,,,,,,,,,,,,,,267.70001220703125,,,
2022-06-27 00:00:00+00:00,,256.4800109863281,MSFT,,,,,,,,,,,,,,,,,,,,264.8900146484375,,,
2022-06-28 00:00:00+00:00,,260.260009765625,MSFT,,,,,,,,,,,,,,,,,,,,256.4800109863281,,,
2022-06-29 00:00:00+00:00,,256.8299865722656,MSFT,,,,,,,,,,,,,,,,,,,,260.260009765625,,,
2022-06-30 00:00:00+00:00,,259.5799865722656,MSFT,,,,,,,,,,,,,,,,,,,,256.8299865722656,,,
2022-07-01 00:00:00+00:00,,262.8500061035156,MSFT,,,,,,,,,,,,,,,,,,,,259.5799865722656,,,
2022-07-05 00:00:00+00:00,,266.2099914550781,MSFT,,,,,,,,,,,,,,,,,,,,262.8500061035156,,,
2022-07-06 00:00:00+00:00,,268.3999938964844,MSFT,,,,,,,,,,,,,,,,,,,,266.2099914550781,,,
2022-07-07 00:00:00+00:00,,267.6600036621094,MSFT,,,,,,,,,,,,,,,,,,,,268.3999938964844,,,
2022-07-08 00:00:00+00:00,,264.510009765625,MSFT,,,,,,,,,,,,,,,,,,,,267.6600036621094,,,
2022-07-11 00:00:00+00:00,,253.6699981689453,MSFT,,,,,,,,,,,,,,,,,,,,264.510009765625,,,
2022-07-12 00:00:00+00:00,,252.72000122070312,MSFT,,,,,,,,,,,,,,,,,,,,253.6699981689453,,,
2022-07-13 00:00:00+00:00,,254.0800018310547,MSFT,,,,,,,,,,,,,,,,,,,,252.72000122070312,,,
2022-07-14 00:00:00+00:00,,256.7200012207031,MSFT,,,,,,,,,,,,,,,,,,,,254.0800018310547,,,
2022-07-15 00:00:00+00:00,,254.25,MSFT,,,,,,,,,,,,,,,,,,,,256.7200012207031,,,
2022-07-18 00:00:00+00:00,,259.5299987792969,MSFT,,,,,,,,,,,,,,,,,,,,254.25,,,
2022-07-19 00:00:00+00:00,,262.2699890136719,MSFT,,,,,,,,,,,,,,,,,,,,259.5299987792969,,,
2022-07-20 00:00:00+00:00,,264.8399963378906,MSFT,,,,,,,,,,,,,,,,,,,,262.2699890136719,,,
2022-07-21 00:00:00+00:00,,260.3599853515625,MSFT,,,,,,,,,,,,,,,,,,,,264.8399963378906,,,
2022-07-22 00:00:00+00:00,,258.8299865722656,MSFT,,,,,,,,,,,,,,,,,,,,260.3599853515625,,,
2022-07-25 00:00:00+00:00,,251.89999389648438,MSFT,,,,,,,,,,,,,,,,,,,,258.8299865722656,,,
2022-07-26 00:00:00+00:00,,268.739990234375,MSFT,,,,,,,,,,,,,,,,,,,,251.89999389648438,,,
2022-07-27 00:00:00+00:00,,276.4100036621094,MSFT,,,,,,,,,,,,,,,,,,,,268.739990234375,,,
2022-07-28 00:00:00+00:00,,280.739990234375,MSFT,,,,,,,,,,,,,,,,,,,,276.4100036621094,,,
2022-07-29 00:00:00+00:00,,278.010009765625,MSFT,,,,,,,,,,,,,,,,,,,,280.739990234375,,,
2022-08-01 00:00:00+00:00,,274.82000732421875,MSFT,,,,,,,,,,,,,,,,,,,,278.010009765625,,,
2022-08-02 00:00:00+00:00,,282.4700012207031,MSFT,,,,,,,,,,,,,,,,,,,,274.82000732421875,,,
2022-08-03 00:00:00+00:00,,283.6499938964844,MSFT,,,,,,,,,,,,,,,,,,,,282.4700012207031,,,
2022-08-04 00:00:00+00:00,,282.9100036621094,MSFT,,,,,,,,,,,,,,,,,,,,283.6499938964844,,,
2022-08-05 00:00:00+00:00,,280.32000732421875,MSFT,,,,,,,,,,,,,,,,,,,,282.9100036621094,,,
2022-08-08 00:00:00+00:00,,282.29998779296875,MSFT,,,,,,,,,,,,,,,,,,,,280.32000732421875,,,
2022-08-09 00:00:00+00:00,,289.1600036621094,MSFT,,,,,,,,,,,,,,,,,,,,282.29998779296875,,,
2022-08-10 00:00:00+00:00,,287.0199890136719,MSFT,,,,,,,,,,,,,,,,,,,,289.1600036621094,,,
2022-08-11 00:00:00+00:00,,291.9100036621094,MSFT,,,,,,,,,,,,,,,,,,,,287.0199890136719,,,
2022-08-12 00:00:00+00:00,,293.4700012207031,MSFT,,,,,,,,,,,,,,,,,,,,291.9100036621094,,,
2022-08-15 00:00:00+00:00,,292.7099914550781,MSFT,,,,,,,,,,,,,,,,,,,,293.4700012207031,,,
2022-08-16 00:00:00+00:00,,291.32000732421875,MSFT,,,,,,,,,,,,,,,,,,,,292.7099914550781,,,
2022-08-17 00:00:00+00:00,,290.1700134277344,MSFT,,,,,,,,,,,,,,,,,,,,291.32000732421875,,,
2022-08-18 00:00:00+00:00,,286.1499938964844,MSFT,,,,,,,,,,,,,,,,,,,,290.1700134277344,,,
2022-08-19 00:00:00+00:00,,277.75,MSFT,,,,,,,,,,,,,,,,,,,,286.1499938964844,,,
2022-08-22 00:00:00+00:00,,276.44000244140625,MSFT,,,,,,,,,,,,,,,,,,,,277.75,,,
2022-08-23 00:00:00+00:00,,275.7900085449219,MSFT,,,,,,,,,,,,,,,,,,,,276.44000244140625,,,
2022-08-24 00:00:00+00:00,,278.8500061035156,MSFT,,,,,,,,,,,,,,,,,,,,275.7900085449219,,,
2022-08-25 00:00:00+00:00,,268.0899963378906,MSFT,,,,,,,,,,,,,,,,,,,,278.8500061035156,,,
2022-08-26 00:00:00+00:00,,265.2300109863281,MSFT,,,,,,,,,,,,,,,,,,,,268.0899963378906,,,
2022-08-29 00:00:00+00:00,,262.9700012207031,MSFT,,,,,,,,,,,,,,,,,,,,265.2300109863281,,,
2022-08-30 00:00:00+00:00,,261.4700012207031,MSFT,,,,,,,,,,,,,,,,,,,,262.9700012207031,,,
2022-08-31 00:00:00+00:00,,260.3999938964844,MSFT,,,,,,,,,,,,,,,,,,,,261.4700012207031,,,
2022-09-01 00:00:00+00:00,,256.05999755859375,MSFT,,,,,,,,,,,,,,,,,,,,260.3999938964844,,,
2022-09-02 00:00:00+00:00,,253.25,MSFT,,,,,,,,,,,,,,,,,,,,256.05999755859375,,,
2022-09-06 00:00:00+00:00,,258.0899963378906,MSFT,,,,,,,,,,,,,,,,,,,,253.25,,,
2022-09-07 00:00:00+00:00,,258.5199890136719,MSFT,,,,,,,,,,,,,,,,,,,,258.0899963378906,,,
2022-09-08 00:00:00+00:00,,264.4599914550781,MSFT,,,,,,,,,,,,,,,,,,,,258.5199890136719,,,
2022-09-09 00:00:00+00:00,,266.6499938964844,MSFT,,,,,,,,,,,,,,,,,,,,264.4599914550781,,,
2022-09-12 00:00:00+00:00,,251.99000549316406,MSFT,,,,,,,,,,,,,,,,,,,,266.6499938964844,,,
2022-09-13 00:00:00+00:00,,252.22000122070312,MSFT,,,,,,,,,,,,,,,,,,,,251.99000549316406,,,
2022-09-14 00:00:00+00:00,,245.3800048828125,MSFT,,,,,,,,,,,,,,,,,,,,252.22000122070312,,,
2022-09-15 00:00:00+00:00,,244.74000549316406,MSFT,,,,,,,,,,,,,,,,,,,,245.3800048828125,,,
2022-09-16 00:00:00+00:00,,244.52000427246094,MSFT,,,,,,,,,,,,,,,,,,,,244.74000549316406,,,
2022-09-19 00:00:00+00:00,,242.4499969482422,MSFT,,,,,,,,,,,,,,,,,,,,244.52000427246094,,,
2022-09-20 00:00:00+00:00,,238.9499969482422,MSFT,,,,,,,,,,,,,,,,,,,,242.4499969482422,,,
2022-09-21 00:00:00+00:00,,240.97999572753906,MSFT,,,,,,,,,,,,,,,,,,,,238.9499969482422,,,
2022-09-22 00:00:00+00:00,,237.9199981689453,MSFT,,,,,,,,,,,,,,,,,,,,240.97999572753906,,,
2022-09-23 00:00:00+00:00,,237.4499969482422,MSFT,,,,,,,,,,,,,,,,,,,,237.9199981689453,,,
2022-09-26 00:00:00+00:00,,236.41000366210938,MSFT,,,,,,,,,,,,,,,,,,,,237.4499969482422,,,
2022-09-27 00:00:00+00:00,,241.07000732421875,MSFT,,,,,,,,,,,,,,,,,,,,236.41000366210938,,,
2022-09-28 00:00:00+00:00,,237.5,MSFT,,,,,,,,,,,,,,,,,,,,241.07000732421875,,,
2022-09-29 00:00:00+00:00,,232.89999389648438,MSFT,,,,,,,,,,,,,,,,,,,,237.5,,,
2022-09-30 00:00:00+00:00,,240.74000549316406,MSFT,,,,,,,,,,,,,,,,,,,,232.89999389648438,,,
2022-10-03 00:00:00+00:00,,248.8800048828125,MSFT,,,,,,,,,,,,,,,,,,,,240.74000549316406,,,
2022-10-04 00:00:00+00:00,,249.1999969482422,MSFT,,,,,,,,,,,,,,,,,,,,248.8800048828125,,,
2022-10-05 00:00:00+00:00,,246.7899932861328,MSFT,,,,,,,,,,,,,,,,,,,,249.1999969482422,,,
2022-10-06 00:00:00+00:00,,234.24000549316406,MSFT,,,,,,,,,,,,,,,,,,,,246.7899932861328,,,
2022-10-07 00:00:00+00:00,,229.25,MSFT,,,,,,,,,,,,,,,,,,,,234.24000549316406,,,
2022-10-10 00:00:00+00:00,,225.41000366210938,MSFT,,,,,,,,,,,,,,,,,,,,229.25,,,
2022-10-11 00:00:00+00:00,,225.75,MSFT,,,,,,,,,,,,,,,,,,,,225.41000366210938,,,
2022-10-12 00:00:00+00:00,,234.24000549316406,MSFT,,,,,,,,,,,,,,,,,,,,225.75,,,
2022-10-13 00:00:00+00:00,,228.55999755859375,MSFT,,,,,,,,,,,,,,,,,,,,234.24000549316406,,,
2022-10-14 00:00:00+00:00,,237.52999877929688,MSFT,,,,,,,,,,,,,,,,,,,,228.55999755859375,,,
2022-10-17 00:00:00+00:00,,238.5,MSFT,,,,,,,,,,,,,,,,,,,,237.52999877929688,,,
2022-10-18 00:00:00+00:00,,236.47999572753906,MSFT,,,,,,,,,,,,,,,,,,,,238.5,,,
2022-10-19 00:00:00+00:00,,236.14999389648438,MSFT,,,,,,,,,,,,,,,,,,,,236.47999572753906,,,
2022-10-20 00:00:00+00:00,,242.1199951171875,MSFT,,,,,,,,,,,,,,,,,,,,236.14999389648438,,,
2022-10-21 00:00:00+00:00,,247.25,MSFT,,,,,,,,,,,,,,,,,,,,242.1199951171875,,,
2022-10-24 00:00:00+00:00,,250.66000366210938,MSFT,,,,,,,,,,,,,,,,,,,,247.25,,,
2022-10-25 00:00:00+00:00,,231.32000732421875,MSFT,,,,,,,,,,,,,,,,,,,,250.66000366210938,,,
2022-10-26 00:00:00+00:00,,226.75,MSFT,,,,,,,,,,,,,,,,,,,,231.32000732421875,,,
2022-10-27 00:00:00+00:00,,235.8699951171875,MSFT,,,,,,,,,,,,,,,,,,,,226.75,,,
2022-10-28 00:00:00+00:00,,232.1300048828125,MSFT,,,,,,,,,,,,,,,,,,,,235.8699951171875,,,
2022-10-31 00:00:00+00:00,,228.1699981689453,MSFT,,,,,,,,,,,,,,,,,,,,232.1300048828125,,,
2022-11-01 00:00:00+00:00,,220.10000610351562,MSFT,,,,,,,,,,,,,,,,,,,,228.1699981689453,,,
2022-11-02 00:00:00+00:00,,214.25,MSFT,,,,,,,,,,,,,,,,,,,,220.10000610351562,,,
2022-11-03 00:00:00+00:00,,221.38999938964844,MSFT,,,,,,,,,,,,,,,,,,,,214.25,,,
2022-11-04 00:00:00+00:00,,227.8699951171875,MSFT,,,,,,,,,,,,,,,,,,,,221.38999938964844,,,
2022-11-07 00:00:00+00:00,,228.8699951171875,MSFT,,,,,,,,,,,,,,,,,,,,227.8699951171875,,,
2022-11-08 00:00:00+00:00,,224.50999450683594,MSFT,,,,,,,,,,,,,,,,,,,,228.8699951171875,,,
2022-11-09 00:00:00+00:00,,242.97999572753906,MSFT,,,,,,,,,,,,,,,,,,,,224.50999450683594,,,
2022-11-10 00:00:00+00:00,,247.11000061035156,MSFT,,,,,,,,,,,,,,,,,,,,242.97999572753906,,,
2022-11-11 00:00:00+00:00,,241.5500030517578,MSFT,,,,,,,,,,,,,,,,,,,,247.11000061035156,,,
2022-11-14 00:00:00+00:00,,241.97000122070312,MSFT,,,,,,,,,,,,,,,,,,,,241.5500030517578,,,
2022-11-15 00:00:00+00:00,,241.72999572753906,MSFT,,,,,,,,,,,,,,,,,,,,241.97000122070312,,,
2022-11-16 00:00:00+00:00,,241.67999267578125,MSFT,,,,,,,,,,,,,,,,,,,,241.72999572753906,,,
2022-11-17 00:00:00+00:00,,241.22000122070312,MSFT,,,,,,,,,,,,,,,,,,,,241.67999267578125,,,
2022-11-18 00:00:00+00:00,,242.0500030517578,MSFT,,,,,,,,,,,,,,,,,,,,241.22000122070312,,,
2022-11-21 00:00:00+00:00,,245.02999877929688,MSFT,,,,,,,,,,,,,,,,,,,,242.0500030517578,,,
2022-11-22 00:00:00+00:00,,247.5800018310547,MSFT,,,,,,,,,,,,,,,,,,,,245.02999877929688,,,
2022-11-23 00:00:00+00:00,,247.49000549316406,MSFT,,,,,,,,,,,,,,,,,,,,247.5800018310547,,,
2022-11-25 00:00:00+00:00,,241.75999450683594,MSFT,,,,,,,,,,,,,,,,,,,,247.49000549316406,,,
2022-11-28 00:00:00+00:00,,240.3300018310547,MSFT,,,,,,,,,,,,,,,,,,,,241.75999450683594,,,
2022-11-29 00:00:00+00:00,,255.13999938964844,MSFT,,,,,,,,,,,,,,,,,,,,240.3300018310547,,,
2022-11-30 00:00:00+00:00,,254.69000244140625,MSFT,,,,,,,,,,,,,,,,,,,,255.13999938964844,,,
2022-12-01 00:00:00+00:00,,255.02000427246094,MSFT,,,,,,,,,,,,,,,,,,,,254.69000244140625,,,
2022-12-02 00:00:00+00:00,,250.1999969482422,MSFT,,,,,,,,,,,,,,,,,,,,255.02000427246094,,,
2022-12-05 00:00:00+00:00,,245.1199951171875,MSFT,,,,,,,,,,,,,,,,,,,,250.1999969482422,,,
2022-12-06 00:00:00+00:00,,244.3699951171875,MSFT,,,,,,,,,,,,,,,,,,,,245.1199951171875,,,
2022-12-07 00:00:00+00:00,,247.39999389648438,MSFT,,,,,,,,,,,,,,,,,,,,244.3699951171875,,,
2022-12-08 00:00:00+00:00,,245.4199981689453,MSFT,,,,,,,,,,,,,,,,,,,,247.39999389648438,,,
2022-12-09 00:00:00+00:00,,252.50999450683594,MSFT,,,,,,,,,,,,,,,,,,,,245.4199981689453,,,
2022-12-12 00:00:00+00:00,,256.9200134277344,MSFT,,,,,,,,,,,,,,,,,,,,252.50999450683594,,,
2022-12-13 00:00:00+00:00,,257.2200012207031,MSFT,,,,,,,,,,,,,,,,,,,,256.9200134277344,,,
2022-12-14 00:00:00+00:00,,249.00999450683594,MSFT,,,,,,,,,,,,,,,,,,,,257.2200012207031,,,
2022-12-15 00:00:00+00:00,,244.69000244140625,MSFT,,,,,,,,,,,,,,,,,,,,249.00999450683594,,,
2022-12-16 00:00:00+00:00,,240.4499969482422,MSFT,,,,,,,,,,,,,,,,,,,,244.69000244140625,,,
2022-12-19 00:00:00+00:00,,241.8000030517578,MSFT,,,,,,,,,,,,,,,,,,,,240.4499969482422,,,
2022-12-20 00:00:00+00:00,,244.42999267578125,MSFT,,,,,,,,,,,,,,,,,,,,241.8000030517578,,,
2022-12-21 00:00:00+00:00,,238.19000244140625,MSFT,,,,,,,,,,,,,,,,,,,,244.42999267578125,,,
2022-12-22 00:00:00+00:00,,238.72999572753906,MSFT,,,,,,,,,,,,,,,,,,,,238.19000244140625,,,
2022-12-23 00:00:00+00:00,,236.9600067138672,MSFT,,,,,,,,,,,,,,,,,,,,238.72999572753906,,,
2022-12-27 00:00:00+00:00,,234.52999877929688,MSFT,,,,,,,,,,,,,,,,,,,,236.9600067138672,,,
2022-12-28 00:00:00+00:00,,241.00999450683594,MSFT,,,,,,,,,,,,,,,,,,,,234.52999877929688,,,
2022-12-29 00:00:00+00:00,,239.82000732421875,MSFT,,,,,,,,,,,,,,,,,,,,241.00999450683594,,,
2022-12-30 00:00:00+00:00,,,MSFT,,,,,,,,,,,,,,,,,,,,239.82000732421875,,,
2022-01-03 00:00:00+00:00,,591.1500244140625,NFLX,,,,,,,,,,,,,,,,,,,,,597.3699951171875,,
2022-01-04 00:00:00+00:00,,567.52001953125,NFLX,,,,,,,,,,,,,,,,,,,,,591.1500244140625,,
2022-01-05 00:00:00+00:00,,553.2899780273438,NFLX,,,,,,,,,,,,,,,,,,,,,567.52001953125,,
2022-01-06 00:00:00+00:00,,541.0599975585938,NFLX,,,,,,,,,,,,,,,,,,,,,553.2899780273438,,
2022-01-07 00:00:00+00:00,,539.8499755859375,NFLX,,,,,,,,,,,,,,,,,,,,,541.0599975585938,,
2022-01-10 00:00:00+00:00,,540.8400268554688,NFLX,,,,,,,,,,,,,,,,,,,,,539.8499755859375,,
2022-01-11 00:00:00+00:00,,537.219970703125,NFLX,,,,,,,,,,,,,,,,,,,,,540.8400268554688,,
2022-01-12 00:00:00+00:00,,519.2000122070312,NFLX,,,,,,,,,,,,,,,,,,,,,537.219970703125,,
2022-01-13 00:00:00+00:00,,525.6900024414062,NFLX,,,,,,,,,,,,,,,,,,,,,519.2000122070312,,
2022-01-14 00:00:00+00:00,,510.79998779296875,NFLX,,,,,,,,,,,,,,,,,,,,,525.6900024414062,,
2022-01-18 00:00:00+00:00,,515.8599853515625,NFLX,,,,,,,,,,,,,,,,,,,,,510.79998779296875,,
2022-01-19 00:00:00+00:00,,508.25,NFLX,,,,,,,,,,,,,,,,,,,,,515.8599853515625,,
2022-01-20 00:00:00+00:00,,397.5,NFLX,,,,,,,,,,,,,,,,,,,,,508.25,,
2022-01-21 00:00:00+00:00,,387.1499938964844,NFLX,,,,,,,,,,,,,,,,,,,,,397.5,,
2022-01-24 00:00:00+00:00,,366.4200134277344,NFLX,,,,,,,,,,,,,,,,,,,,,387.1499938964844,,
2022-01-25 00:00:00+00:00,,359.70001220703125,NFLX,,,,,,,,,,,,,,,,,,,,,366.4200134277344,,
2022-01-26 00:00:00+00:00,,386.70001220703125,NFLX,,,,,,,,,,,,,,,,,,,,,359.70001220703125,,
2022-01-27 00:00:00+00:00,,384.3599853515625,NFLX,,,,,,,,,,,,,,,,,,,,,386.70001220703125,,
2022-01-28 00:00:00+00:00,,427.1400146484375,NFLX,,,,,,,,,,,,,,,,,,,,,384.3599853515625,,
2022-01-31 00:00:00+00:00,,457.1300048828125,NFLX,,,,,,,,,,,,,,,,,,,,,427.1400146484375,,
2022-02-01 00:00:00+00:00,,429.4800109863281,NFLX,,,,,,,,,,,,,,,,,,,,,457.1300048828125,,
2022-02-02 00:00:00+00:00,,405.6000061035156,NFLX,,,,,,,,,,,,,,,,,,,,,429.4800109863281,,
2022-02-03 00:00:00+00:00,,410.1700134277344,NFLX,,,,,,,,,,,,,,,,,,,,,405.6000061035156,,
2022-02-04 00:00:00+00:00,,402.1000061035156,NFLX,,,,,,,,,,,,,,,,,,,,,410.1700134277344,,
2022-02-07 00:00:00+00:00,,403.5299987792969,NFLX,,,,,,,,,,,,,,,,,,,,,402.1000061035156,,
2022-02-08 00:00:00+00:00,,412.8900146484375,NFLX,,,,,,,,,,,,,,,,,,,,,403.5299987792969,,
2022-02-09 00:00:00+00:00,,406.2699890136719,NFLX,,,,,,,,,,,,,,,,,,,,,412.8900146484375,,
2022-02-10 00:00:00+00:00,,391.30999755859375,NFLX,,,,,,,,,,,,,,,,,,,,,406.2699890136719,,
2022-02-11 00:00:00+00:00,,396.57000732421875,NFLX,,,,,,,,,,,,,,,,,,,,,391.30999755859375,,
2022-02-14 00:00:00+00:00,,407.4599914550781,NFLX,,,,,,,,,,,,,,,,,,,,,396.57000732421875,,
2022-02-15 00:00:00+00:00,,398.0799865722656,NFLX,,,,,,,,,,,,,,,,,,,,,407.4599914550781,,
2022-02-16 00:00:00+00:00,,386.6700134277344,NFLX,,,,,,,,,,,,,,,,,,,,,398.0799865722656,,
2022-02-17 00:00:00+00:00,,391.2900085449219,NFLX,,,,,,,,,,,,,,,,,,,,,386.6700134277344,,
2022-02-18 00:00:00+00:00,,377.3800048828125,NFLX,,,,,,,,,,,,,,,,,,,,,391.2900085449219,,
2022-02-22 00:00:00+00:00,,367.4599914550781,NFLX,,,,,,,,,,,,,,,,,,,,,377.3800048828125,,
2022-02-23 00:00:00+00:00,,390.0299987792969,NFLX,,,,,,,,,,,,,,,,,,,,,367.4599914550781,,
2022-02-24 00:00:00+00:00,,390.79998779296875,NFLX,,,,,,,,,,,,,,,,,,,,,390.0299987792969,,
2022-02-25 00:00:00+00:00,,394.5199890136719,NFLX,,,,,,,,,,,,,,,,,,,,,390.79998779296875,,
2022-02-28 00:00:00+00:00,,386.239990234375,NFLX,,,,,,,,,,,,,,,,,,,,,394.5199890136719,,
2022-03-01 00:00:00+00:00,,380.0299987792969,NFLX,,,,,,,,,,,,,,,,,,,,,386.239990234375,,
2022-03-02 00:00:00+00:00,,368.07000732421875,NFLX,,,,,,,,,,,,,,,,,,,,,380.0299987792969,,
2022-03-03 00:00:00+00:00,,361.7300109863281,NFLX,,,,,,,,,,,,,,,,,,,,,368.07000732421875,,
2022-03-04 00:00:00+00:00,,350.260009765625,NFLX,,,,,,,,,,,,,,,,,,,,,361.7300109863281,,
2022-03-07 00:00:00+00:00,,341.760009765625,NFLX,,,,,,,,,,,,,,,,,,,,,350.260009765625,,
2022-03-08 00:00:00+00:00,,358.7900085449219,NFLX,,,,,,,,,,,,,,,,,,,,,341.760009765625,,
2022-03-09 00:00:00+00:00,,356.7699890136719,NFLX,,,,,,,,,,,,,,,,,,,,,358.7900085449219,,
2022-03-10 00:00:00+00:00,,340.32000732421875,NFLX,,,,,,,,,,,,,,,,,,,,,356.7699890136719,,
2022-03-11 00:00:00+00:00,,331.010009765625,NFLX,,,,,,,,,,,,,,,,,,,,,340.32000732421875,,
2022-03-14 00:00:00+00:00,,343.75,NFLX,,,,,,,,,,,,,,,,,,,,,331.010009765625,,
2022-03-15 00:00:00+00:00,,357.5299987792969,NFLX,,,,,,,,,,,,,,,,,,,,,343.75,,
2022-03-16 00:00:00+00:00,,371.3999938964844,NFLX,,,,,,,,,,,,,,,,,,,,,357.5299987792969,,
2022-03-17 00:00:00+00:00,,380.6000061035156,NFLX,,,,,,,,,,,,,,,,,,,,,371.3999938964844,,
2022-03-18 00:00:00+00:00,,374.5899963378906,NFLX,,,,,,,,,,,,,,,,,,,,,380.6000061035156,,
2022-03-21 00:00:00+00:00,,382.9200134277344,NFLX,,,,,,,,,,,,,,,,,,,,,374.5899963378906,,
2022-03-22 00:00:00+00:00,,374.489990234375,NFLX,,,,,,,,,,,,,,,,,,,,,382.9200134277344,,
2022-03-23 00:00:00+00:00,,375.7099914550781,NFLX,,,,,,,,,,,,,,,,,,,,,374.489990234375,,
2022-03-24 00:00:00+00:00,,373.8500061035156,NFLX,,,,,,,,,,,,,,,,,,,,,375.7099914550781,,
2022-03-25 00:00:00+00:00,,378.510009765625,NFLX,,,,,,,,,,,,,,,,,,,,,373.8500061035156,,
2022-03-28 00:00:00+00:00,,391.82000732421875,NFLX,,,,,,,,,,,,,,,,,,,,,378.510009765625,,
2022-03-29 00:00:00+00:00,,381.4700012207031,NFLX,,,,,,,,,,,,,,,,,,,,,391.82000732421875,,
2022-03-30 00:00:00+00:00,,374.5899963378906,NFLX,,,,,,,,,,,,,,,,,,,,,381.4700012207031,,
2022-03-31 00:00:00+00:00,,373.4700012207031,NFLX,,,,,,,,,,,,,,,,,,,,,374.5899963378906,,
2022-04-01 00:00:00+00:00,,391.5,NFLX,,,,,,,,,,,,,,,,,,,,,373.4700012207031,,
2022-04-04 00:00:00+00:00,,380.1499938964844,NFLX,,,,,,,,,,,,,,,,,,,,,391.5,,
2022-04-05 00:00:00+00:00,,368.3500061035156,NFLX,,,,,,,,,,,,,,,,,,,,,380.1499938964844,,
2022-04-06 00:00:00+00:00,,362.1499938964844,NFLX,,,,,,,,,,,,,,,,,,,,,368.3500061035156,,
2022-04-07 00:00:00+00:00,,355.8800048828125,NFLX,,,,,,,,,,,,,,,,,,,,,362.1499938964844,,
2022-04-08 00:00:00+00:00,,348.0,NFLX,,,,,,,,,,,,,,,,,,,,,355.8800048828125,,
2022-04-11 00:00:00+00:00,,344.1000061035156,NFLX,,,,,,,,,,,,,,,,,,,,,348.0,,
2022-04-12 00:00:00+00:00,,350.42999267578125,NFLX,,,,,,,,,,,,,,,,,,,,,344.1000061035156,,
2022-04-13 00:00:00+00:00,,341.1300048828125,NFLX,,,,,,,,,,,,,,,,,,,,,350.42999267578125,,
2022-04-14 00:00:00+00:00,,337.8599853515625,NFLX,,,,,,,,,,,,,,,,,,,,,341.1300048828125,,
2022-04-18 00:00:00+00:00,,348.6099853515625,NFLX,,,,,,,,,,,,,,,,,,,,,337.8599853515625,,
2022-04-19 00:00:00+00:00,,226.19000244140625,NFLX,,,,,,,,,,,,,,,,,,,,,348.6099853515625,,
2022-04-20 00:00:00+00:00,,218.22000122070312,NFLX,,,,,,,,,,,,,,,,,,,,,226.19000244140625,,
2022-04-21 00:00:00+00:00,,215.52000427246094,NFLX,,,,,,,,,,,,,,,,,,,,,218.22000122070312,,
2022-04-22 00:00:00+00:00,,209.91000366210938,NFLX,,,,,,,,,,,,,,,,,,,,,215.52000427246094,,
2022-04-25 00:00:00+00:00,,198.39999389648438,NFLX,,,,,,,,,,,,,,,,,,,,,209.91000366210938,,
2022-04-26 00:00:00+00:00,,188.5399932861328,NFLX,,,,,,,,,,,,,,,,,,,,,198.39999389648438,,
2022-04-27 00:00:00+00:00,,199.52000427246094,NFLX,,,,,,,,,,,,,,,,,,,,,188.5399932861328,,
2022-04-28 00:00:00+00:00,,190.36000061035156,NFLX,,,,,,,,,,,,,,,,,,,,,199.52000427246094,,
2022-04-29 00:00:00+00:00,,199.4600067138672,NFLX,,,,,,,,,,,,,,,,,,,,,190.36000061035156,,
2022-05-02 00:00:00+00:00,,199.8699951171875,NFLX,,,,,,,,,,,,,,,,,,,,,199.4600067138672,,
2022-05-03 00:00:00+00:00,,204.00999450683594,NFLX,,,,,,,,,,,,,,,,,,,,,199.8699951171875,,
2022-05-04 00:00:00+00:00,,188.32000732421875,NFLX,,,,,,,,,,,,,,,,,,,,,204.00999450683594,,
2022-05-05 00:00:00+00:00,,180.97000122070312,NFLX,,,,,,,,,,,,,,,,,,,,,188.32000732421875,,
2022-05-06 00:00:00+00:00,,173.10000610351562,NFLX,,,,,,,,,,,,,,,,,,,,,180.97000122070312,,
2022-05-09 00:00:00+00:00,,177.66000366210938,NFLX,,,,,,,,,,,,,,,,,,,,,173.10000610351562,,
2022-05-10 00:00:00+00:00,,166.3699951171875,NFLX,,,,,,,,,,,,,,,,,,,,,177.66000366210938,,
2022-05-11 00:00:00+00:00,,174.30999755859375,NFLX,,,,,,,,,,,,,,,,,,,,,166.3699951171875,,
2022-05-12 00:00:00+00:00,,187.63999938964844,NFLX,,,,,,,,,,,,,,,,,,,,,174.30999755859375,,
2022-05-13 00:00:00+00:00,,186.50999450683594,NFLX,,,,,,,,,,,,,,,,,,,,,187.63999938964844,,
2022-05-16 00:00:00+00:00,,190.55999755859375,NFLX,,,,,,,,,,,,,,,,,,,,,186.50999450683594,,
2022-05-17 00:00:00+00:00,,177.19000244140625,NFLX,,,,,,,,,,,,,,,,,,,,,190.55999755859375,,
2022-05-18 00:00:00+00:00,,183.47999572753906,NFLX,,,,,,,,,,,,,,,,,,,,,177.19000244140625,,
2022-05-19 00:00:00+00:00,,186.35000610351562,NFLX,,,,,,,,,,,,,,,,,,,,,183.47999572753906,,
2022-05-20 00:00:00+00:00,,187.44000244140625,NFLX,,,,,,,,,,,,,,,,,,,,,186.35000610351562,,
2022-05-23 00:00:00+00:00,,180.33999633789062,NFLX,,,,,,,,,,,,,,,,,,,,,187.44000244140625,,
2022-05-24 00:00:00+00:00,,187.8300018310547,NFLX,,,,,,,,,,,,,,,,,,,,,180.33999633789062,,
2022-05-25 00:00:00+00:00,,191.39999389648438,NFLX,,,,,,,,,,,,,,,,,,,,,187.8300018310547,,
2022-05-26 00:00:00+00:00,,195.19000244140625,NFLX,,,,,,,,,,,,,,,,,,,,,191.39999389648438,,
2022-05-27 00:00:00+00:00,,197.44000244140625,NFLX,,,,,,,,,,,,,,,,,,,,,195.19000244140625,,
2022-05-31 00:00:00+00:00,,192.91000366210938,NFLX,,,,,,,,,,,,,,,,,,,,,197.44000244140625,,
2022-06-01 00:00:00+00:00,,205.08999633789062,NFLX,,,,,,,,,,,,,,,,,,,,,192.91000366210938,,
2022-06-02 00:00:00+00:00,,198.97999572753906,NFLX,,,,,,,,,,,,,,,,,,,,,205.08999633789062,,
2022-06-03 00:00:00+00:00,,197.13999938964844,NFLX,,,,,,,,,,,,,,,,,,,,,198.97999572753906,,
2022-06-06 00:00:00+00:00,,198.61000061035156,NFLX,,,,,,,,,,,,,,,,,,,,,197.13999938964844,,
2022-06-07 00:00:00+00:00,,202.8300018310547,NFLX,,,,,,,,,,,,,,,,,,,,,198.61000061035156,,
2022-06-08 00:00:00+00:00,,192.77000427246094,NFLX,,,,,,,,,,,,,,,,,,,,,202.8300018310547,,
2022-06-09 00:00:00+00:00,,182.94000244140625,NFLX,,,,,,,,,,,,,,,,,,,,,192.77000427246094,,
2022-06-10 00:00:00+00:00,,169.69000244140625,NFLX,,,,,,,,,,,,,,,,,,,,,182.94000244140625,,
2022-06-13 00:00:00+00:00,,167.5399932861328,NFLX,,,,,,,,,,,,,,,,,,,,,169.69000244140625,,
2022-06-14 00:00:00+00:00,,180.11000061035156,NFLX,,,,,,,,,,,,,,,,,,,,,167.5399932861328,,
2022-06-15 00:00:00+00:00,,173.35000610351562,NFLX,,,,,,,,,,,,,,,,,,,,,180.11000061035156,,
2022-06-16 00:00:00+00:00,,175.50999450683594,NFLX,,,,,,,,,,,,,,,,,,,,,173.35000610351562,,
2022-06-17 00:00:00+00:00,,170.91000366210938,NFLX,,,,,,,,,,,,,,,,,,,,,175.50999450683594,,
2022-06-21 00:00:00+00:00,,178.88999938964844,NFLX,,,,,,,,,,,,,,,,,,,,,170.91000366210938,,
2022-06-22 00:00:00+00:00,,181.7100067138672,NFLX,,,,,,,,,,,,,,,,,,,,,178.88999938964844,,
2022-06-23 00:00:00+00:00,,190.85000610351562,NFLX,,,,,,,,,,,,,,,,,,,,,181.7100067138672,,
2022-06-24 00:00:00+00:00,,189.13999938964844,NFLX,,,,,,,,,,,,,,,,,,,,,190.85000610351562,,
2022-06-27 00:00:00+00:00,,179.60000610351562,NFLX,,,,,,,,,,,,,,,,,,,,,189.13999938964844,,
2022-06-28 00:00:00+00:00,,178.36000061035156,NFLX,,,,,,,,,,,,,,,,,,,,,179.60000610351562,,
2022-06-29 00:00:00+00:00,,174.8699951171875,NFLX,,,,,,,,,,,,,,,,,,,,,178.36000061035156,,
2022-06-30 00:00:00+00:00,,179.9499969482422,NFLX,,,,,,,,,,,,,,,,,,,,,174.8699951171875,,
2022-07-01 00:00:00+00:00,,185.8800048828125,NFLX,,,,,,,,,,,,,,,,,,,,,179.9499969482422,,
2022-07-05 00:00:00+00:00,,184.05999755859375,NFLX,,,,,,,,,,,,,,,,,,,,,185.8800048828125,,
2022-07-06 00:00:00+00:00,,189.27000427246094,NFLX,,,,,,,,,,,,,,,,,,,,,184.05999755859375,,
2022-07-07 00:00:00+00:00,,186.97999572753906,NFLX,,,,,,,,,,,,,,,,,,,,,189.27000427246094,,
2022-07-08 00:00:00+00:00,,177.33999633789062,NFLX,,,,,,,,,,,,,,,,,,,,,186.97999572753906,,
2022-07-11 00:00:00+00:00,,174.4499969482422,NFLX,,,,,,,,,,,,,,,,,,,,,177.33999633789062,,
2022-07-12 00:00:00+00:00,,176.55999755859375,NFLX,,,,,,,,,,,,,,,,,,,,,174.4499969482422,,
2022-07-13 00:00:00+00:00,,174.77999877929688,NFLX,,,,,,,,,,,,,,,,,,,,,176.55999755859375,,
2022-07-14 00:00:00+00:00,,189.11000061035156,NFLX,,,,,,,,,,,,,,,,,,,,,174.77999877929688,,
2022-07-15 00:00:00+00:00,,190.9199981689453,NFLX,,,,,,,,,,,,,,,,,,,,,189.11000061035156,,
2022-07-18 00:00:00+00:00,,201.6300048828125,NFLX,,,,,,,,,,,,,,,,,,,,,190.9199981689453,,
2022-07-19 00:00:00+00:00,,216.44000244140625,NFLX,,,,,,,,,,,,,,,,,,,,,201.6300048828125,,
2022-07-20 00:00:00+00:00,,223.8800048828125,NFLX,,,,,,,,,,,,,,,,,,,,,216.44000244140625,,
2022-07-21 00:00:00+00:00,,220.44000244140625,NFLX,,,,,,,,,,,,,,,,,,,,,223.8800048828125,,
2022-07-22 00:00:00+00:00,,218.50999450683594,NFLX,,,,,,,,,,,,,,,,,,,,,220.44000244140625,,
2022-07-25 00:00:00+00:00,,213.91000366210938,NFLX,,,,,,,,,,,,,,,,,,,,,218.50999450683594,,
2022-07-26 00:00:00+00:00,,226.75,NFLX,,,,,,,,,,,,,,,,,,,,,213.91000366210938,,
2022-07-27 00:00:00+00:00,,226.02000427246094,NFLX,,,,,,,,,,,,,,,,,,,,,226.75,,
2022-07-28 00:00:00+00:00,,224.89999389648438,NFLX,,,,,,,,,,,,,,,,,,,,,226.02000427246094,,
2022-07-29 00:00:00+00:00,,226.2100067138672,NFLX,,,,,,,,,,,,,,,,,,,,,224.89999389648438,,
2022-08-01 00:00:00+00:00,,221.4199981689453,NFLX,,,,,,,,,,,,,,,,,,,,,226.2100067138672,,
2022-08-02 00:00:00+00:00,,226.72999572753906,NFLX,,,,,,,,,,,,,,,,,,,,,221.4199981689453,,
2022-08-03 00:00:00+00:00,,229.91000366210938,NFLX,,,,,,,,,,,,,,,,,,,,,226.72999572753906,,
2022-08-04 00:00:00+00:00,,226.77999877929688,NFLX,,,,,,,,,,,,,,,,,,,,,229.91000366210938,,
2022-08-05 00:00:00+00:00,,233.49000549316406,NFLX,,,,,,,,,,,,,,,,,,,,,226.77999877929688,,
2022-08-08 00:00:00+00:00,,229.94000244140625,NFLX,,,,,,,,,,,,,,,,,,,,,233.49000549316406,,
2022-08-09 00:00:00+00:00,,244.11000061035156,NFLX,,,,,,,,,,,,,,,,,,,,,229.94000244140625,,
2022-08-10 00:00:00+00:00,,242.6999969482422,NFLX,,,,,,,,,,,,,,,,,,,,,244.11000061035156,,
2022-08-11 00:00:00+00:00,,249.3000030517578,NFLX,,,,,,,,,,,,,,,,,,,,,242.6999969482422,,
2022-08-12 00:00:00+00:00,,249.11000061035156,NFLX,,,,,,,,,,,,,,,,,,,,,249.3000030517578,,
2022-08-15 00:00:00+00:00,,245.69000244140625,NFLX,,,,,,,,,,,,,,,,,,,,,249.11000061035156,,
2022-08-16 00:00:00+00:00,,241.14999389648438,NFLX,,,,,,,,,,,,,,,,,,,,,245.69000244140625,,
2022-08-17 00:00:00+00:00,,245.1699981689453,NFLX,,,,,,,,,,,,,,,,,,,,,241.14999389648438,,
2022-08-18 00:00:00+00:00,,241.16000366210938,NFLX,,,,,,,,,,,,,,,,,,,,,245.1699981689453,,
2022-08-19 00:00:00+00:00,,226.5399932861328,NFLX,,,,,,,,,,,,,,,,,,,,,241.16000366210938,,
2022-08-22 00:00:00+00:00,,224.5500030517578,NFLX,,,,,,,,,,,,,,,,,,,,,226.5399932861328,,
2022-08-23 00:00:00+00:00,,229.61000061035156,NFLX,,,,,,,,,,,,,,,,,,,,,224.5500030517578,,
2022-08-24 00:00:00+00:00,,233.97999572753906,NFLX,,,,,,,,,,,,,,,,,,,,,229.61000061035156,,
2022-08-25 00:00:00+00:00,,223.27999877929688,NFLX,,,,,,,,,,,,,,,,,,,,,233.97999572753906,,
2022-08-26 00:00:00+00:00,,224.57000732421875,NFLX,,,,,,,,,,,,,,,,,,,,,223.27999877929688,,
2022-08-29 00:00:00+00:00,,220.64999389648438,NFLX,,,,,,,,,,,,,,,,,,,,,224.57000732421875,,
2022-08-30 00:00:00+00:00,,223.55999755859375,NFLX,,,,,,,,,,,,,,,,,,,,,220.64999389648438,,
2022-08-31 00:00:00+00:00,,230.0399932861328,NFLX,,,,,,,,,,,,,,,,,,,,,223.55999755859375,,
2022-09-01 00:00:00+00:00,,226.11000061035156,NFLX,,,,,,,,,,,,,,,,,,,,,230.0399932861328,,
2022-09-02 00:00:00+00:00,,218.38999938964844,NFLX,,,,,,,,,,,,,,,,,,,,,226.11000061035156,,
2022-09-06 00:00:00+00:00,,228.9600067138672,NFLX,,,,,,,,,,,,,,,,,,,,,218.38999938964844,,
2022-09-07 00:00:00+00:00,,227.44000244140625,NFLX,,,,,,,,,,,,,,,,,,,,,228.9600067138672,,
2022-09-08 00:00:00+00:00,,233.57000732421875,NFLX,,,,,,,,,,,,,,,,,,,,,227.44000244140625,,
2022-09-09 00:00:00+00:00,,236.52999877929688,NFLX,,,,,,,,,,,,,,,,,,,,,233.57000732421875,,
2022-09-12 00:00:00+00:00,,218.1300048828125,NFLX,,,,,,,,,,,,,,,,,,,,,236.52999877929688,,
2022-09-13 00:00:00+00:00,,224.1199951171875,NFLX,,,,,,,,,,,,,,,,,,,,,218.1300048828125,,
2022-09-14 00:00:00+00:00,,235.3800048828125,NFLX,,,,,,,,,,,,,,,,,,,,,224.1199951171875,,
2022-09-15 00:00:00+00:00,,240.1300048828125,NFLX,,,,,,,,,,,,,,,,,,,,,235.3800048828125,,
2022-09-16 00:00:00+00:00,,243.6300048828125,NFLX,,,,,,,,,,,,,,,,,,,,,240.1300048828125,,
2022-09-19 00:00:00+00:00,,242.85000610351562,NFLX,,,,,,,,,,,,,,,,,,,,,243.6300048828125,,
2022-09-20 00:00:00+00:00,,236.8699951171875,NFLX,,,,,,,,,,,,,,,,,,,,,242.85000610351562,,
2022-09-21 00:00:00+00:00,,237.0500030517578,NFLX,,,,,,,,,,,,,,,,,,,,,236.8699951171875,,
2022-09-22 00:00:00+00:00,,226.41000366210938,NFLX,,,,,,,,,,,,,,,,,,,,,237.0500030517578,,
2022-09-23 00:00:00+00:00,,224.07000732421875,NFLX,,,,,,,,,,,,,,,,,,,,,226.41000366210938,,
2022-09-26 00:00:00+00:00,,224.36000061035156,NFLX,,,,,,,,,,,,,,,,,,,,,224.07000732421875,,
2022-09-27 00:00:00+00:00,,245.1999969482422,NFLX,,,,,,,,,,,,,,,,,,,,,224.36000061035156,,
2022-09-28 00:00:00+00:00,,239.7100067138672,NFLX,,,,,,,,,,,,,,,,,,,,,245.1999969482422,,
2022-09-29 00:00:00+00:00,,235.44000244140625,NFLX,,,,,,,,,,,,,,,,,,,,,239.7100067138672,,
2022-09-30 00:00:00+00:00,,239.0399932861328,NFLX,,,,,,,,,,,,,,,,,,,,,235.44000244140625,,
2022-10-03 00:00:00+00:00,,240.74000549316406,NFLX,,,,,,,,,,,,,,,,,,,,,239.0399932861328,,
2022-10-04 00:00:00+00:00,,236.72999572753906,NFLX,,,,,,,,,,,,,,,,,,,,,240.74000549316406,,
2022-10-05 00:00:00+00:00,,240.02000427246094,NFLX,,,,,,,,,,,,,,,,,,,,,236.72999572753906,,
2022-10-06 00:00:00+00:00,,224.75,NFLX,,,,,,,,,,,,,,,,,,,,,240.02000427246094,,
2022-10-07 00:00:00+00:00,,229.97999572753906,NFLX,,,,,,,,,,,,,,,,,,,,,224.75,,
2022-10-10 00:00:00+00:00,,214.2899932861328,NFLX,,,,,,,,,,,,,,,,,,,,,229.97999572753906,,
2022-10-11 00:00:00+00:00,,220.8699951171875,NFLX,,,,,,,,,,,,,,,,,,,,,214.2899932861328,,
2022-10-12 00:00:00+00:00,,232.50999450683594,NFLX,,,,,,,,,,,,,,,,,,,,,220.8699951171875,,
2022-10-13 00:00:00+00:00,,230.0,NFLX,,,,,,,,,,,,,,,,,,,,,232.50999450683594,,
2022-10-14 00:00:00+00:00,,245.10000610351562,NFLX,,,,,,,,,,,,,,,,,,,,,230.0,,
2022-10-17 00:00:00+00:00,,240.86000061035156,NFLX,,,,,,,,,,,,,,,,,,,,,245.10000610351562,,
2022-10-18 00:00:00+00:00,,272.3800048828125,NFLX,,,,,,,,,,,,,,,,,,,,,240.86000061035156,,
2022-10-19 00:00:00+00:00,,268.1600036621094,NFLX,,,,,,,,,,,,,,,,,,,,,272.3800048828125,,
2022-10-20 00:00:00+00:00,,289.57000732421875,NFLX,,,,,,,,,,,,,,,,,,,,,268.1600036621094,,
2022-10-21 00:00:00+00:00,,282.45001220703125,NFLX,,,,,,,,,,,,,,,,,,,,,289.57000732421875,,
2022-10-24 00:00:00+00:00,,291.0199890136719,NFLX,,,,,,,,,,,,,,,,,,,,,282.45001220703125,,
2022-10-25 00:00:00+00:00,,298.6199951171875,NFLX,,,,,,,,,,,,,,,,,,,,,291.0199890136719,,
2022-10-26 00:00:00+00:00,,296.94000244140625,NFLX,,,,,,,,,,,,,,,,,,,,,298.6199951171875,,
2022-10-27 00:00:00+00:00,,295.7200012207031,NFLX,,,,,,,,,,,,,,,,,,,,,296.94000244140625,,
2022-10-28 00:00:00+00:00,,291.8800048828125,NFLX,,,,,,,,,,,,,,,,,,,,,295.7200012207031,,
2022-10-31 00:00:00+00:00,,286.75,NFLX,,,,,,,,,,,,,,,,,,,,,291.8800048828125,,
2022-11-01 00:00:00+00:00,,273.0,NFLX,,,,,,,,,,,,,,,,,,,,,286.75,,
2022-11-02 00:00:00+00:00,,269.05999755859375,NFLX,,,,,,,,,,,,,,,,,,,,,273.0,,
2022-11-03 00:00:00+00:00,,260.7900085449219,NFLX,,,,,,,,,,,,,,,,,,,,,269.05999755859375,,
2022-11-04 00:00:00+00:00,,258.6000061035156,NFLX,,,,,,,,,,,,,,,,,,,,,260.7900085449219,,
2022-11-07 00:00:00+00:00,,263.4599914550781,NFLX,,,,,,,,,,,,,,,,,,,,,258.6000061035156,,
2022-11-08 00:00:00+00:00,,254.66000366210938,NFLX,,,,,,,,,,,,,,,,,,,,,263.4599914550781,,
2022-11-09 00:00:00+00:00,,274.9700012207031,NFLX,,,,,,,,,,,,,,,,,,,,,254.66000366210938,,
2022-11-10 00:00:00+00:00,,290.1300048828125,NFLX,,,,,,,,,,,,,,,,,,,,,274.9700012207031,,
2022-11-11 00:00:00+00:00,,299.2699890136719,NFLX,,,,,,,,,,,,,,,,,,,,,290.1300048828125,,
2022-11-14 00:00:00+00:00,,310.20001220703125,NFLX,,,,,,,,,,,,,,,,,,,,,299.2699890136719,,
2022-11-15 00:00:00+00:00,,306.0199890136719,NFLX,,,,,,,,,,,,,,,,,,,,,310.20001220703125,,
2022-11-16 00:00:00+00:00,,295.2799987792969,NFLX,,,,,,,,,,,,,,,,,,,,,306.0199890136719,,
2022-11-17 00:00:00+00:00,,287.9800109863281,NFLX,,,,,,,,,,,,,,,,,,,,,295.2799987792969,,
2022-11-18 00:00:00+00:00,,285.04998779296875,NFLX,,,,,,,,,,,,,,,,,,,,,287.9800109863281,,
2022-11-21 00:00:00+00:00,,286.69000244140625,NFLX,,,,,,,,,,,,,,,,,,,,,285.04998779296875,,
2022-11-22 00:00:00+00:00,,291.5,NFLX,,,,,,,,,,,,,,,,,,,,,286.69000244140625,,
2022-11-23 00:00:00+00:00,,285.5400085449219,NFLX,,,,,,,,,,,,,,,,,,,,,291.5,,
2022-11-25 00:00:00+00:00,,281.1700134277344,NFLX,,,,,,,,,,,,,,,,,,,,,285.5400085449219,,
2022-11-28 00:00:00+00:00,,280.9599914550781,NFLX,,,,,,,,,,,,,,,,,,,,,281.1700134277344,,
2022-11-29 00:00:00+00:00,,305.5299987792969,NFLX,,,,,,,,,,,,,,,,,,,,,280.9599914550781,,
2022-11-30 00:00:00+00:00,,316.95001220703125,NFLX,,,,,,,,,,,,,,,,,,,,,305.5299987792969,,
2022-12-01 00:00:00+00:00,,320.4100036621094,NFLX,,,,,,,,,,,,,,,,,,,,,316.95001220703125,,
2022-12-02 00:00:00+00:00,,312.5899963378906,NFLX,,,,,,,,,,,,,,,,,,,,,320.4100036621094,,
2022-12-05 00:00:00+00:00,,305.55999755859375,NFLX,,,,,,,,,,,,,,,,,,,,,312.5899963378906,,
2022-12-06 00:00:00+00:00,,308.4200134277344,NFLX,,,,,,,,,,,,,,,,,,,,,305.55999755859375,,
2022-12-07 00:00:00+00:00,,310.260009765625,NFLX,,,,,,,,,,,,,,,,,,,,,308.4200134277344,,
2022-12-08 00:00:00+00:00,,320.010009765625,NFLX,,,,,,,,,,,,,,,,,,,,,310.260009765625,,
2022-12-09 00:00:00+00:00,,315.17999267578125,NFLX,,,,,,,,,,,,,,,,,,,,,320.010009765625,,
2022-12-12 00:00:00+00:00,,320.3399963378906,NFLX,,,,,,,,,,,,,,,,,,,,,315.17999267578125,,
2022-12-13 00:00:00+00:00,,317.8299865722656,NFLX,,,,,,,,,,,,,,,,,,,,,320.3399963378906,,
2022-12-14 00:00:00+00:00,,290.4100036621094,NFLX,,,,,,,,,,,,,,,,,,,,,317.8299865722656,,
2022-12-15 00:00:00+00:00,,290.7099914550781,NFLX,,,,,,,,,,,,,,,,,,,,,290.4100036621094,,
2022-12-16 00:00:00+00:00,,288.29998779296875,NFLX,,,,,,,,,,,,,,,,,,,,,290.7099914550781,,
2022-12-19 00:00:00+00:00,,288.19000244140625,NFLX,,,,,,,,,,,,,,,,,,,,,288.29998779296875,,
2022-12-20 00:00:00+00:00,,297.9599914550781,NFLX,,,,,,,,,,,,,,,,,,,,,288.19000244140625,,
2022-12-21 00:00:00+00:00,,297.75,NFLX,,,,,,,,,,,,,,,,,,,,,297.9599914550781,,
2022-12-22 00:00:00+00:00,,294.9599914550781,NFLX,,,,,,,,,,,,,,,,,,,,,297.75,,
2022-12-23 00:00:00+00:00,,284.1700134277344,NFLX,,,,,,,,,,,,,,,,,,,,,294.9599914550781,,
2022-12-27 00:00:00+00:00,,276.8800048828125,NFLX,,,,,,,,,,,,,,,,,,,,,284.1700134277344,,
2022-12-28 00:00:00+00:00,,291.1199951171875,NFLX,,,,,,,,,,,,,,,,,,,,,276.8800048828125,,
2022-12-29 00:00:00+00:00,,294.8800048828125,NFLX,,,,,,,,,,,,,,,,,,,,,291.1199951171875,,
2022-12-30 00:00:00+00:00,,,NFLX,,,,,,,,,,,,,,,,,,,,,294.8800048828125,,
2022-01-03 00:00:00+00:00,,29.290000915527344,NVDA,,,,,,,,,,,,,,,,,,,,,,30.121000289916992,
2022-01-04 00:00:00+00:00,,27.604000091552734,NVDA,,,,,,,,,,,,,,,,,,,,,,29.290000915527344,
2022-01-05 00:00:00+00:00,,28.17799949645996,NVDA,,,,,,,,,,,,,,,,,,,,,,27.604000091552734,
2022-01-06 00:00:00+00:00,,27.246999740600586,NVDA,,,,,,,,,,,,,,,,,,,,,,28.17799949645996,
2022-01-07 00:00:00+00:00,,27.399999618530273,NVDA,,,,,,,,,,,,,,,,,,,,,,27.246999740600586,
2022-01-10 00:00:00+00:00,,27.816999435424805,NVDA,,,,,,,,,,,,,,,,,,,,,,27.399999618530273,
2022-01-11 00:00:00+00:00,,27.999000549316406,NVDA,,,,,,,,,,,,,,,,,,,,,,27.816999435424805,
2022-01-12 00:00:00+00:00,,26.575000762939453,NVDA,,,,,,,,,,,,,,,,,,,,,,27.999000549316406,
2022-01-13 00:00:00+00:00,,26.941999435424805,NVDA,,,,,,,,,,,,,,,,,,,,,,26.575000762939453,
2022-01-14 00:00:00+00:00,,25.902999877929688,NVDA,,,,,,,,,,,,,,,,,,,,,,26.941999435424805,
2022-01-18 00:00:00+00:00,,25.066999435424805,NVDA,,,,,,,,,,,,,,,,,,,,,,25.902999877929688,
2022-01-19 00:00:00+00:00,,24.149999618530273,NVDA,,,,,,,,,,,,,,,,,,,,,,25.066999435424805,
2022-01-20 00:00:00+00:00,,23.374000549316406,NVDA,,,,,,,,,,,,,,,,,,,,,,24.149999618530273,
2022-01-21 00:00:00+00:00,,23.371999740600586,NVDA,,,,,,,,,,,,,,,,,,,,,,23.374000549316406,
2022-01-24 00:00:00+00:00,,22.323999404907227,NVDA,,,,,,,,,,,,,,,,,,,,,,23.371999740600586,
2022-01-25 00:00:00+00:00,,22.77199935913086,NVDA,,,,,,,,,,,,,,,,,,,,,,22.323999404907227,
2022-01-26 00:00:00+00:00,,21.944000244140625,NVDA,,,,,,,,,,,,,,,,,,,,,,22.77199935913086,
2022-01-27 00:00:00+00:00,,22.84000015258789,NVDA,,,,,,,,,,,,,,,,,,,,,,21.944000244140625,
2022-01-28 00:00:00+00:00,,24.486000061035156,NVDA,,,,,,,,,,,,,,,,,,,,,,22.84000015258789,
2022-01-31 00:00:00+00:00,,24.63800048828125,NVDA,,,,,,,,,,,,,,,,,,,,,,24.486000061035156,
2022-02-01 00:00:00+00:00,,25.242000579833984,NVDA,,,,,,,,,,,,,,,,,,,,,,24.63800048828125,
2022-02-02 00:00:00+00:00,,23.947999954223633,NVDA,,,,,,,,,,,,,,,,,,,,,,25.242000579833984,
2022-02-03 00:00:00+00:00,,24.319000244140625,NVDA,,,,,,,,,,,,,,,,,,,,,,23.947999954223633,
2022-02-04 00:00:00+00:00,,24.72800064086914,NVDA,,,,,,,,,,,,,,,,,,,,,,24.319000244140625,
2022-02-07 00:00:00+00:00,,25.107999801635742,NVDA,,,,,,,,,,,,,,,,,,,,,,24.72800064086914,
2022-02-08 00:00:00+00:00,,26.704999923706055,NVDA,,,,,,,,,,,,,,,,,,,,,,25.107999801635742,
2022-02-09 00:00:00+00:00,,25.823999404907227,NVDA,,,,,,,,,,,,,,,,,,,,,,26.704999923706055,
2022-02-10 00:00:00+00:00,,23.948999404907227,NVDA,,,,,,,,,,,,,,,,,,,,,,25.823999404907227,
2022-02-11 00:00:00+00:00,,24.267000198364258,NVDA,,,,,,,,,,,,,,,,,,,,,,23.948999404907227,
2022-02-14 00:00:00+00:00,,26.4950008392334,NVDA,,,,,,,,,,,,,,,,,,,,,,24.267000198364258,
2022-02-15 00:00:00+00:00,,26.51099967956543,NVDA,,,,,,,,,,,,,,,,,,,,,,26.4950008392334,
2022-02-16 00:00:00+00:00,,24.506999969482422,NVDA,,,,,,,,,,,,,,,,,,,,,,26.51099967956543,
2022-02-17 00:00:00+00:00,,23.642000198364258,NVDA,,,,,,,,,,,,,,,,,,,,,,24.506999969482422,
2022-02-18 00:00:00+00:00,,23.389999389648438,NVDA,,,,,,,,,,,,,,,,,,,,,,23.642000198364258,
2022-02-22 00:00:00+00:00,,22.386999130249023,NVDA,,,,,,,,,,,,,,,,,,,,,,23.389999389648438,
2022-02-23 00:00:00+00:00,,23.74799919128418,NVDA,,,,,,,,,,,,,,,,,,,,,,22.386999130249023,
2022-02-24 00:00:00+00:00,,24.156999588012695,NVDA,,,,,,,,,,,,,,,,,,,,,,23.74799919128418,
2022-02-25 00:00:00+00:00,,24.385000228881836,NVDA,,,,,,,,,,,,,,,,,,,,,,24.156999588012695,
2022-02-28 00:00:00+00:00,,23.476999282836914,NVDA,,,,,,,,,,,,,,,,,,,,,,24.385000228881836,
2022-03-01 00:00:00+00:00,,24.219999313354492,NVDA,,,,,,,,,,,,,,,,,,,,,,23.476999282836914,
2022-03-02 00:00:00+00:00,,23.714000701904297,NVDA,,,,,,,,,,,,,,,,,,,,,,24.219999313354492,
2022-03-03 00:00:00+00:00,,22.93600082397461,NVDA,,,,,,,,,,,,,,,,,,,,,,23.714000701904297,
2022-03-04 00:00:00+00:00,,21.351999282836914,NVDA,,,,,,,,,,,,,,,,,,,,,,22.93600082397461,
2022-03-07 00:00:00+00:00,,21.513999938964844,NVDA,,,,,,,,,,,,,,,,,,,,,,21.351999282836914,
2022-03-08 00:00:00+00:00,,23.013999938964844,NVDA,,,,,,,,,,,,,,,,,,,,,,21.513999938964844,
2022-03-09 00:00:00+00:00,,22.658000946044922,NVDA,,,,,,,,,,,,,,,,,,,,,,23.013999938964844,
2022-03-10 00:00:00+00:00,,22.100000381469727,NVDA,,,,,,,,,,,,,,,,,,,,,,22.658000946044922,
2022-03-11 00:00:00+00:00,,21.329999923706055,NVDA,,,,,,,,,,,,,,,,,,,,,,22.100000381469727,
2022-03-14 00:00:00+00:00,,22.972999572753906,NVDA,,,,,,,,,,,,,,,,,,,,,,21.329999923706055,
2022-03-15 00:00:00+00:00,,24.496000289916992,NVDA,,,,,,,,,,,,,,,,,,,,,,22.972999572753906,
2022-03-16 00:00:00+00:00,,24.766000747680664,NVDA,,,,,,,,,,,,,,,,,,,,,,24.496000289916992,
2022-03-17 00:00:00+00:00,,26.452999114990234,NVDA,,,,,,,,,,,,,,,,,,,,,,24.766000747680664,
2022-03-18 00:00:00+00:00,,26.733999252319336,NVDA,,,,,,,,,,,,,,,,,,,,,,26.452999114990234,
2022-03-21 00:00:00+00:00,,26.52400016784668,NVDA,,,,,,,,,,,,,,,,,,,,,,26.733999252319336,
2022-03-22 00:00:00+00:00,,25.634000778198242,NVDA,,,,,,,,,,,,,,,,,,,,,,26.52400016784668,
2022-03-23 00:00:00+00:00,,28.149999618530273,NVDA,,,,,,,,,,,,,,,,,,,,,,25.634000778198242,
2022-03-24 00:00:00+00:00,,27.691999435424805,NVDA,,,,,,,,,,,,,,,,,,,,,,28.149999618530273,
2022-03-25 00:00:00+00:00,,28.2189998626709,NVDA,,,,,,,,,,,,,,,,,,,,,,27.691999435424805,
2022-03-28 00:00:00+00:00,,28.6560001373291,NVDA,,,,,,,,,,,,,,,,,,,,,,28.2189998626709,
2022-03-29 00:00:00+00:00,,27.690000534057617,NVDA,,,,,,,,,,,,,,,,,,,,,,28.6560001373291,
2022-03-30 00:00:00+00:00,,27.285999298095703,NVDA,,,,,,,,,,,,,,,,,,,,,,27.690000534057617,
2022-03-31 00:00:00+00:00,,26.711999893188477,NVDA,,,,,,,,,,,,,,,,,,,,,,27.285999298095703,
2022-04-01 00:00:00+00:00,,27.360000610351562,NVDA,,,,,,,,,,,,,,,,,,,,,,26.711999893188477,
2022-04-04 00:00:00+00:00,,25.930999755859375,NVDA,,,,,,,,,,,,,,,,,,,,,,27.360000610351562,
2022-04-05 00:00:00+00:00,,24.406999588012695,NVDA,,,,,,,,,,,,,,,,,,,,,,25.930999755859375,
2022-04-06 00:00:00+00:00,,24.20800018310547,NVDA,,,,,,,,,,,,,,,,,,,,,,24.406999588012695,
2022-04-07 00:00:00+00:00,,23.118999481201172,NVDA,,,,,,,,,,,,,,,,,,,,,,24.20800018310547,
2022-04-08 00:00:00+00:00,,21.91699981689453,NVDA,,,,,,,,,,,,,,,,,,,,,,23.118999481201172,
2022-04-11 00:00:00+00:00,,21.503999710083008,NVDA,,,,,,,,,,,,,,,,,,,,,,21.91699981689453,
2022-04-12 00:00:00+00:00,,22.202999114990234,NVDA,,,,,,,,,,,,,,,,,,,,,,21.503999710083008,
2022-04-13 00:00:00+00:00,,21.257999420166016,NVDA,,,,,,,,,,,,,,,,,,,,,,22.202999114990234,
2022-04-14 00:00:00+00:00,,21.783000946044922,NVDA,,,,,,,,,,,,,,,,,,,,,,21.257999420166016,
2022-04-18 00:00:00+00:00,,22.197999954223633,NVDA,,,,,,,,,,,,,,,,,,,,,,21.783000946044922,
2022-04-19 00:00:00+00:00,,21.48200035095215,NVDA,,,,,,,,,,,,,,,,,,,,,,22.197999954223633,
2022-04-20 00:00:00+00:00,,20.183000564575195,NVDA,,,,,,,,,,,,,,,,,,,,,,21.48200035095215,
2022-04-21 00:00:00+00:00,,19.514999389648438,NVDA,,,,,,,,,,,,,,,,,,,,,,20.183000564575195,
2022-04-22 00:00:00+00:00,,19.902000427246094,NVDA,,,,,,,,,,,,,,,,,,,,,,19.514999389648438,
2022-04-25 00:00:00+00:00,,18.788000106811523,NVDA,,,,,,,,,,,,,,,,,,,,,,19.902000427246094,
2022-04-26 00:00:00+00:00,,18.415000915527344,NVDA,,,,,,,,,,,,,,,,,,,,,,18.788000106811523,
2022-04-27 00:00:00+00:00,,19.781999588012695,NVDA,,,,,,,,,,,,,,,,,,,,,,18.415000915527344,
2022-04-28 00:00:00+00:00,,18.547000885009766,NVDA,,,,,,,,,,,,,,,,,,,,,,19.781999588012695,
2022-04-29 00:00:00+00:00,,19.533000946044922,NVDA,,,,,,,,,,,,,,,,,,,,,,18.547000885009766,
2022-05-02 00:00:00+00:00,,19.601999282836914,NVDA,,,,,,,,,,,,,,,,,,,,,,19.533000946044922,
2022-05-03 00:00:00+00:00,,20.333999633789062,NVDA,,,,,,,,,,,,,,,,,,,,,,19.601999282836914,
2022-05-04 00:00:00+00:00,,18.8439998626709,NVDA,,,,,,,,,,,,,,,,,,,,,,20.333999633789062,
2022-05-05 00:00:00+00:00,,18.674999237060547,NVDA,,,,,,,,,,,,,,,,,,,,,,18.8439998626709,
2022-05-06 00:00:00+00:00,,16.950000762939453,NVDA,,,,,,,,,,,,,,,,,,,,,,18.674999237060547,
2022-05-09 00:00:00+00:00,,17.594999313354492,NVDA,,,,,,,,,,,,,,,,,,,,,,16.950000762939453,
2022-05-10 00:00:00+00:00,,16.6299991607666,NVDA,,,,,,,,,,,,,,,,,,,,,,17.594999313354492,
2022-05-11 00:00:00+00:00,,16.174999237060547,NVDA,,,,,,,,,,,,,,,,,,,,,,16.6299991607666,
2022-05-12 00:00:00+00:00,,17.70599937438965,NVDA,,,,,,,,,,,,,,,,,,,,,,16.174999237060547,
2022-05-13 00:00:00+00:00,,17.263999938964844,NVDA,,,,,,,,,,,,,,,,,,,,,,17.70599937438965,
2022-05-16 00:00:00+00:00,,18.177000045776367,NVDA,,,,,,,,,,,,,,,,,,,,,,17.263999938964844,
2022-05-17 00:00:00+00:00,,16.937999725341797,NVDA,,,,,,,,,,,,,,,,,,,,,,18.177000045776367,
2022-05-18 00:00:00+00:00,,17.124000549316406,NVDA,,,,,,,,,,,,,,,,,,,,,,16.937999725341797,
2022-05-19 00:00:00+00:00,,16.694000244140625,NVDA,,,,,,,,,,,,,,,,,,,,,,17.124000549316406,
2022-05-20 00:00:00+00:00,,16.898000717163086,NVDA,,,,,,,,,,,,,,,,,,,,,,16.694000244140625,
2022-05-23 00:00:00+00:00,,16.15399932861328,NVDA,,,,,,,,,,,,,,,,,,,,,,16.898000717163086,
2022-05-24 00:00:00+00:00,,16.975000381469727,NVDA,,,,,,,,,,,,,,,,,,,,,,16.15399932861328,
2022-05-25 00:00:00+00:00,,17.85099983215332,NVDA,,,,,,,,,,,,,,,,,,,,,,16.975000381469727,
2022-05-26 00:00:00+00:00,,18.81100082397461,NVDA,,,,,,,,,,,,,,,,,,,,,,17.85099983215332,
2022-05-27 00:00:00+00:00,,18.672000885009766,NVDA,,,,,,,,,,,,,,,,,,,,,,18.81100082397461,
2022-05-31 00:00:00+00:00,,18.31999969482422,NVDA,,,,,,,,,,,,,,,,,,,,,,18.672000885009766,
2022-06-01 00:00:00+00:00,,19.591999053955078,NVDA,,,,,,,,,,,,,,,,,,,,,,18.31999969482422,
2022-06-02 00:00:00+00:00,,18.719999313354492,NVDA,,,,,,,,,,,,,,,,,,,,,,19.591999053955078,
2022-06-03 00:00:00+00:00,,18.785999298095703,NVDA,,,,,,,,,,,,,,,,,,,,,,18.719999313354492,
2022-06-06 00:00:00+00:00,,18.926000595092773,NVDA,,,,,,,,,,,,,,,,,,,,,,18.785999298095703,
2022-06-07 00:00:00+00:00,,18.648000717163086,NVDA,,,,,,,,,,,,,,,,,,,,,,18.926000595092773,
2022-06-08 00:00:00+00:00,,18.04800033569336,NVDA,,,,,,,,,,,,,,,,,,,,,,18.648000717163086,
2022-06-09 00:00:00+00:00,,16.974000930786133,NVDA,,,,,,,,,,,,,,,,,,,,,,18.04800033569336,
2022-06-10 00:00:00+00:00,,15.647000312805176,NVDA,,,,,,,,,,,,,,,,,,,,,,16.974000930786133,
2022-06-13 00:00:00+00:00,,15.836000442504883,NVDA,,,,,,,,,,,,,,,,,,,,,,15.647000312805176,
2022-06-14 00:00:00+00:00,,16.527000427246094,NVDA,,,,,,,,,,,,,,,,,,,,,,15.836000442504883,
2022-06-15 00:00:00+00:00,,15.60099983215332,NVDA,,,,,,,,,,,,,,,,,,,,,,16.527000427246094,
2022-06-16 00:00:00+00:00,,15.880000114440918,NVDA,,,,,,,,,,,,,,,,,,,,,,15.60099983215332,
2022-06-17 00:00:00+00:00,,16.56599998474121,NVDA,,,,,,,,,,,,,,,,,,,,,,15.880000114440918,
2022-06-21 00:00:00+00:00,,16.360000610351562,NVDA,,,,,,,,,,,,,,,,,,,,,,16.56599998474121,
2022-06-22 00:00:00+00:00,,16.225000381469727,NVDA,,,,,,,,,,,,,,,,,,,,,,16.360000610351562,
2022-06-23 00:00:00+00:00,,17.125999450683594,NVDA,,,,,,,,,,,,,,,,,,,,,,16.225000381469727,
2022-06-24 00:00:00+00:00,,16.868999481201172,NVDA,,,,,,,,,,,,,,,,,,,,,,17.125999450683594,
2022-06-27 00:00:00+00:00,,15.982000350952148,NVDA,,,,,,,,,,,,,,,,,,,,,,16.868999481201172,
2022-06-28 00:00:00+00:00,,15.541999816894531,NVDA,,,,,,,,,,,,,,,,,,,,,,15.982000350952148,
2022-06-29 00:00:00+00:00,,15.159000396728516,NVDA,,,,,,,,,,,,,,,,,,,,,,15.541999816894531,
2022-06-30 00:00:00+00:00,,14.52299976348877,NVDA,,,,,,,,,,,,,,,,,,,,,,15.159000396728516,
2022-07-01 00:00:00+00:00,,14.96399974822998,NVDA,,,,,,,,,,,,,,,,,,,,,,14.52299976348877,
2022-07-05 00:00:00+00:00,,15.130000114440918,NVDA,,,,,,,,,,,,,,,,,,,,,,14.96399974822998,
2022-07-06 00:00:00+00:00,,15.857999801635742,NVDA,,,,,,,,,,,,,,,,,,,,,,15.130000114440918,
2022-07-07 00:00:00+00:00,,15.838000297546387,NVDA,,,,,,,,,,,,,,,,,,,,,,15.857999801635742,
2022-07-08 00:00:00+00:00,,15.152000427246094,NVDA,,,,,,,,,,,,,,,,,,,,,,15.838000297546387,
2022-07-11 00:00:00+00:00,,15.081999778747559,NVDA,,,,,,,,,,,,,,,,,,,,,,15.152000427246094,
2022-07-12 00:00:00+00:00,,15.163999557495117,NVDA,,,,,,,,,,,,,,,,,,,,,,15.081999778747559,
2022-07-13 00:00:00+00:00,,15.371999740600586,NVDA,,,,,,,,,,,,,,,,,,,,,,15.163999557495117,
2022-07-14 00:00:00+00:00,,15.76200008392334,NVDA,,,,,,,,,,,,,,,,,,,,,,15.371999740600586,
2022-07-15 00:00:00+00:00,,16.10099983215332,NVDA,,,,,,,,,,,,,,,,,,,,,,15.76200008392334,
2022-07-18 00:00:00+00:00,,16.992000579833984,NVDA,,,,,,,,,,,,,,,,,,,,,,16.10099983215332,
2022-07-19 00:00:00+00:00,,17.80699920654297,NVDA,,,,,,,,,,,,,,,,,,,,,,16.992000579833984,
2022-07-20 00:00:00+00:00,,18.049999237060547,NVDA,,,,,,,,,,,,,,,,,,,,,,17.80699920654297,
2022-07-21 00:00:00+00:00,,17.319000244140625,NVDA,,,,,,,,,,,,,,,,,,,,,,18.049999237060547,
2022-07-22 00:00:00+00:00,,17.02400016784668,NVDA,,,,,,,,,,,,,,,,,,,,,,17.319000244140625,
2022-07-25 00:00:00+00:00,,16.533000946044922,NVDA,,,,,,,,,,,,,,,,,,,,,,17.02400016784668,
2022-07-26 00:00:00+00:00,,17.790000915527344,NVDA,,,,,,,,,,,,,,,,,,,,,,16.533000946044922,
2022-07-27 00:00:00+00:00,,17.983999252319336,NVDA,,,,,,,,,,,,,,,,,,,,,,17.790000915527344,
2022-07-28 00:00:00+00:00,,18.163000106811523,NVDA,,,,,,,,,,,,,,,,,,,,,,17.983999252319336,
2022-07-29 00:00:00+00:00,,18.44099998474121,NVDA,,,,,,,,,,,,,,,,,,,,,,18.163000106811523,
2022-08-01 00:00:00+00:00,,18.525999069213867,NVDA,,,,,,,,,,,,,,,,,,,,,,18.44099998474121,
2022-08-02 00:00:00+00:00,,18.89299964904785,NVDA,,,,,,,,,,,,,,,,,,,,,,18.525999069213867,
2022-08-03 00:00:00+00:00,,19.21500015258789,NVDA,,,,,,,,,,,,,,,,,,,,,,18.89299964904785,
2022-08-04 00:00:00+00:00,,18.98900032043457,NVDA,,,,,,,,,,,,,,,,,,,,,,19.21500015258789,
2022-08-05 00:00:00+00:00,,17.792999267578125,NVDA,,,,,,,,,,,,,,,,,,,,,,18.98900032043457,
2022-08-08 00:00:00+00:00,,17.086000442504883,NVDA,,,,,,,,,,,,,,,,,,,,,,17.792999267578125,
2022-08-09 00:00:00+00:00,,18.097000122070312,NVDA,,,,,,,,,,,,,,,,,,,,,,17.086000442504883,
2022-08-10 00:00:00+00:00,,17.941999435424805,NVDA,,,,,,,,,,,,,,,,,,,,,,18.097000122070312,
2022-08-11 00:00:00+00:00,,18.708999633789062,NVDA,,,,,,,,,,,,,,,,,,,,,,17.941999435424805,
2022-08-12 00:00:00+00:00,,19.031999588012695,NVDA,,,,,,,,,,,,,,,,,,,,,,18.708999633789062,
2022-08-15 00:00:00+00:00,,18.878999710083008,NVDA,,,,,,,,,,,,,,,,,,,,,,19.031999588012695,
2022-08-16 00:00:00+00:00,,18.334999084472656,NVDA,,,,,,,,,,,,,,,,,,,,,,18.878999710083008,
2022-08-17 00:00:00+00:00,,18.773000717163086,NVDA,,,,,,,,,,,,,,,,,,,,,,18.334999084472656,
2022-08-18 00:00:00+00:00,,17.849000930786133,NVDA,,,,,,,,,,,,,,,,,,,,,,18.773000717163086,
2022-08-19 00:00:00+00:00,,17.034000396728516,NVDA,,,,,,,,,,,,,,,,,,,,,,17.849000930786133,
2022-08-22 00:00:00+00:00,,17.180999755859375,NVDA,,,,,,,,,,,,,,,,,,,,,,17.034000396728516,
2022-08-23 00:00:00+00:00,,17.222000122070312,NVDA,,,,,,,,,,,,,,,,,,,,,,17.180999755859375,
2022-08-24 00:00:00+00:00,,17.913000106811523,NVDA,,,,,,,,,,,,,,,,,,,,,,17.222000122070312,
2022-08-25 00:00:00+00:00,,16.260000228881836,NVDA,,,,,,,,,,,,,,,,,,,,,,17.913000106811523,
2022-08-26 00:00:00+00:00,,15.800999641418457,NVDA,,,,,,,,,,,,,,,,,,,,,,16.260000228881836,
2022-08-29 00:00:00+00:00,,15.468000411987305,NVDA,,,,,,,,,,,,,,,,,,,,,,15.800999641418457,
2022-08-30 00:00:00+00:00,,15.093999862670898,NVDA,,,,,,,,,,,,,,,,,,,,,,15.468000411987305,
2022-08-31 00:00:00+00:00,,13.937000274658203,NVDA,,,,,,,,,,,,,,,,,,,,,,15.093999862670898,
2022-09-01 00:00:00+00:00,,13.647000312805176,NVDA,,,,,,,,,,,,,,,,,,,,,,13.937000274658203,
2022-09-02 00:00:00+00:00,,13.46500015258789,NVDA,,,,,,,,,,,,,,,,,,,,,,13.647000312805176,
2022-09-06 00:00:00+00:00,,13.71399974822998,NVDA,,,,,,,,,,,,,,,,,,,,,,13.46500015258789,
2022-09-07 00:00:00+00:00,,13.989999771118164,NVDA,,,,,,,,,,,,,,,,,,,,,,13.71399974822998,
2022-09-08 00:00:00+00:00,,14.38700008392334,NVDA,,,,,,,,,,,,,,,,,,,,,,13.989999771118164,
2022-09-09 00:00:00+00:00,,14.505000114440918,NVDA,,,,,,,,,,,,,,,,,,,,,,14.38700008392334,
2022-09-12 00:00:00+00:00,,13.130999565124512,NVDA,,,,,,,,,,,,,,,,,,,,,,14.505000114440918,
2022-09-13 00:00:00+00:00,,13.128000259399414,NVDA,,,,,,,,,,,,,,,,,,,,,,13.130999565124512,
2022-09-14 00:00:00+00:00,,12.928999900817871,NVDA,,,,,,,,,,,,,,,,,,,,,,13.128000259399414,
2022-09-15 00:00:00+00:00,,13.197999954223633,NVDA,,,,,,,,,,,,,,,,,,,,,,12.928999900817871,
2022-09-16 00:00:00+00:00,,13.381999969482422,NVDA,,,,,,,,,,,,,,,,,,,,,,13.197999954223633,
2022-09-19 00:00:00+00:00,,13.175999641418457,NVDA,,,,,,,,,,,,,,,,,,,,,,13.381999969482422,
2022-09-20 00:00:00+00:00,,13.26099967956543,NVDA,,,,,,,,,,,,,,,,,,,,,,13.175999641418457,
2022-09-21 00:00:00+00:00,,12.560999870300293,NVDA,,,,,,,,,,,,,,,,,,,,,,13.26099967956543,
2022-09-22 00:00:00+00:00,,12.515999794006348,NVDA,,,,,,,,,,,,,,,,,,,,,,12.560999870300293,
2022-09-23 00:00:00+00:00,,12.227999687194824,NVDA,,,,,,,,,,,,,,,,,,,,,,12.515999794006348,
2022-09-26 00:00:00+00:00,,12.413000106811523,NVDA,,,,,,,,,,,,,,,,,,,,,,12.227999687194824,
2022-09-27 00:00:00+00:00,,12.736000061035156,NVDA,,,,,,,,,,,,,,,,,,,,,,12.413000106811523,
2022-09-28 00:00:00+00:00,,12.220000267028809,NVDA,,,,,,,,,,,,,,,,,,,,,,12.736000061035156,
2022-09-29 00:00:00+00:00,,12.138999938964844,NVDA,,,,,,,,,,,,,,,,,,,,,,12.220000267028809,
2022-09-30 00:00:00+00:00,,12.51200008392334,NVDA,,,,,,,,,,,,,,,,,,,,,,12.138999938964844,
2022-10-03 00:00:00+00:00,,13.166999816894531,NVDA,,,,,,,,,,,,,,,,,,,,,,12.51200008392334,
2022-10-04 00:00:00+00:00,,13.208999633789062,NVDA,,,,,,,,,,,,,,,,,,,,,,13.166999816894531,
2022-10-05 00:00:00+00:00,,13.130000114440918,NVDA,,,,,,,,,,,,,,,,,,,,,,13.208999633789062,
2022-10-06 00:00:00+00:00,,12.076000213623047,NVDA,,,,,,,,,,,,,,,,,,,,,,13.130000114440918,
2022-10-07 00:00:00+00:00,,11.670000076293945,NVDA,,,,,,,,,,,,,,,,,,,,,,12.076000213623047,
2022-10-10 00:00:00+00:00,,11.586000442504883,NVDA,,,,,,,,,,,,,,,,,,,,,,11.670000076293945,
2022-10-11 00:00:00+00:00,,11.5,NVDA,,,,,,,,,,,,,,,,,,,,,,11.586000442504883,
2022-10-12 00:00:00+00:00,,11.960000038146973,NVDA,,,,,,,,,,,,,,,,,,,,,,11.5,
2022-10-13 00:00:00+00:00,,11.22700023651123,NVDA,,,,,,,,,,,,,,,,,,,,,,11.960000038146973,
2022-10-14 00:00:00+00:00,,11.887999534606934,NVDA,,,,,,,,,,,,,,,,,,,,,,11.22700023651123,
2022-10-17 00:00:00+00:00,,11.967000007629395,NVDA,,,,,,,,,,,,,,,,,,,,,,11.887999534606934,
2022-10-18 00:00:00+00:00,,12.050999641418457,NVDA,,,,,,,,,,,,,,,,,,,,,,11.967000007629395,
2022-10-19 00:00:00+00:00,,12.194000244140625,NVDA,,,,,,,,,,,,,,,,,,,,,,12.050999641418457,
2022-10-20 00:00:00+00:00,,12.465999603271484,NVDA,,,,,,,,,,,,,,,,,,,,,,12.194000244140625,
2022-10-21 00:00:00+00:00,,12.598999977111816,NVDA,,,,,,,,,,,,,,,,,,,,,,12.465999603271484,
2022-10-24 00:00:00+00:00,,13.26099967956543,NVDA,,,,,,,,,,,,,,,,,,,,,,12.598999977111816,
2022-10-25 00:00:00+00:00,,12.895999908447266,NVDA,,,,,,,,,,,,,,,,,,,,,,13.26099967956543,
2022-10-26 00:00:00+00:00,,13.175999641418457,NVDA,,,,,,,,,,,,,,,,,,,,,,12.895999908447266,
2022-10-27 00:00:00+00:00,,13.833999633789062,NVDA,,,,,,,,,,,,,,,,,,,,,,13.175999641418457,
2022-10-28 00:00:00+00:00,,13.496999740600586,NVDA,,,,,,,,,,,,,,,,,,,,,,13.833999633789062,
2022-10-31 00:00:00+00:00,,13.543000221252441,NVDA,,,,,,,,,,,,,,,,,,,,,,13.496999740600586,
2022-11-01 00:00:00+00:00,,13.218999862670898,NVDA,,,,,,,,,,,,,,,,,,,,,,13.543000221252441,
2022-11-02 00:00:00+00:00,,13.420999526977539,NVDA,,,,,,,,,,,,,,,,,,,,,,13.218999862670898,
2022-11-03 00:00:00+00:00,,14.156000137329102,NVDA,,,,,,,,,,,,,,,,,,,,,,13.420999526977539,
2022-11-04 00:00:00+00:00,,14.300999641418457,NVDA,,,,,,,,,,,,,,,,,,,,,,14.156000137329102,
2022-11-07 00:00:00+00:00,,14.60200023651123,NVDA,,,,,,,,,,,,,,,,,,,,,,14.300999641418457,
2022-11-08 00:00:00+00:00,,13.776000022888184,NVDA,,,,,,,,,,,,,,,,,,,,,,14.60200023651123,
2022-11-09 00:00:00+00:00,,15.75,NVDA,,,,,,,,,,,,,,,,,,,,,,13.776000022888184,
2022-11-10 00:00:00+00:00,,16.32699966430664,NVDA,,,,,,,,,,,,,,,,,,,,,,15.75,
2022-11-11 00:00:00+00:00,,16.295000076293945,NVDA,,,,,,,,,,,,,,,,,,,,,,16.32699966430664,
2022-11-14 00:00:00+00:00,,16.666000366210938,NVDA,,,,,,,,,,,,,,,,,,,,,,16.295000076293945,
2022-11-15 00:00:00+00:00,,15.90999984741211,NVDA,,,,,,,,,,,,,,,,,,,,,,16.666000366210938,
2022-11-16 00:00:00+00:00,,15.677000045776367,NVDA,,,,,,,,,,,,,,,,,,,,,,15.90999984741211,
2022-11-17 00:00:00+00:00,,15.409000396728516,NVDA,,,,,,,,,,,,,,,,,,,,,,15.677000045776367,
2022-11-18 00:00:00+00:00,,15.317000389099121,NVDA,,,,,,,,,,,,,,,,,,,,,,15.409000396728516,
2022-11-21 00:00:00+00:00,,16.038000106811523,NVDA,,,,,,,,,,,,,,,,,,,,,,15.317000389099121,
2022-11-22 00:00:00+00:00,,16.518999099731445,NVDA,,,,,,,,,,,,,,,,,,,,,,16.038000106811523,
2022-11-23 00:00:00+00:00,,16.270000457763672,NVDA,,,,,,,,,,,,,,,,,,,,,,16.518999099731445,
2022-11-25 00:00:00+00:00,,15.82699966430664,NVDA,,,,,,,,,,,,,,,,,,,,,,16.270000457763672,
2022-11-28 00:00:00+00:00,,15.638999938964844,NVDA,,,,,,,,,,,,,,,,,,,,,,15.82699966430664,
2022-11-29 00:00:00+00:00,,16.92300033569336,NVDA,,,,,,,,,,,,,,,,,,,,,,15.638999938964844,
2022-11-30 00:00:00+00:00,,17.135000228881836,NVDA,,,,,,,,,,,,,,,,,,,,,,16.92300033569336,
2022-12-01 00:00:00+00:00,,16.875999450683594,NVDA,,,,,,,,,,,,,,,,,,,,,,17.135000228881836,
2022-12-02 00:00:00+00:00,,16.610000610351562,NVDA,,,,,,,,,,,,,,,,,,,,,,16.875999450683594,
2022-12-05 00:00:00+00:00,,15.987000465393066,NVDA,,,,,,,,,,,,,,,,,,,,,,16.610000610351562,
2022-12-06 00:00:00+00:00,,16.1200008392334,NVDA,,,,,,,,,,,,,,,,,,,,,,15.987000465393066,
2022-12-07 00:00:00+00:00,,17.16900062561035,NVDA,,,,,,,,,,,,,,,,,,,,,,16.1200008392334,
2022-12-08 00:00:00+00:00,,17.000999450683594,NVDA,,,,,,,,,,,,,,,,,,,,,,17.16900062561035,
2022-12-09 00:00:00+00:00,,17.53499984741211,NVDA,,,,,,,,,,,,,,,,,,,,,,17.000999450683594,
2022-12-12 00:00:00+00:00,,18.07200050354004,NVDA,,,,,,,,,,,,,,,,,,,,,,17.53499984741211,
2022-12-13 00:00:00+00:00,,17.673999786376953,NVDA,,,,,,,,,,,,,,,,,,,,,,18.07200050354004,
2022-12-14 00:00:00+00:00,,16.95199966430664,NVDA,,,,,,,,,,,,,,,,,,,,,,17.673999786376953,
2022-12-15 00:00:00+00:00,,16.570999145507812,NVDA,,,,,,,,,,,,,,,,,,,,,,16.95199966430664,
2022-12-16 00:00:00+00:00,,16.253999710083008,NVDA,,,,,,,,,,,,,,,,,,,,,,16.570999145507812,
2022-12-19 00:00:00+00:00,,16.084999084472656,NVDA,,,,,,,,,,,,,,,,,,,,,,16.253999710083008,
2022-12-20 00:00:00+00:00,,16.500999450683594,NVDA,,,,,,,,,,,,,,,,,,,,,,16.084999084472656,
2022-12-21 00:00:00+00:00,,15.33899974822998,NVDA,,,,,,,,,,,,,,,,,,,,,,16.500999450683594,
2022-12-22 00:00:00+00:00,,15.206000328063965,NVDA,,,,,,,,,,,,,,,,,,,,,,15.33899974822998,
2022-12-23 00:00:00+00:00,,14.121000289916992,NVDA,,,,,,,,,,,,,,,,,,,,,,15.206000328063965,
2022-12-27 00:00:00+00:00,,14.03600025177002,NVDA,,,,,,,,,,,,,,,,,,,,,,14.121000289916992,
2022-12-28 00:00:00+00:00,,14.602999687194824,NVDA,,,,,,,,,,,,,,,,,,,,,,14.03600025177002,
2022-12-29 00:00:00+00:00,,14.61400032043457,NVDA,,,,,,,,,,,,,,,,,,,,,,14.602999687194824,
2022-12-30 00:00:00+00:00,,,NVDA,,,,,,,,,,,,,,,,,,,,,,14.61400032043457,
2022-01-03 00:00:00+00:00,,383.1966552734375,TSLA,,,,,,,,,,,,,,,,,,,,,,,399.9266662597656
2022-01-04 00:00:00+00:00,,362.7066650390625,TSLA,,,,,,,,,,,,,,,,,,,,,,,383.1966552734375
2022-01-05 00:00:00+00:00,,354.8999938964844,TSLA,,,,,,,,,,,,,,,,,,,,,,,362.7066650390625
2022-01-06 00:00:00+00:00,,342.32000732421875,TSLA,,,,,,,,,,,,,,,,,,,,,,,354.8999938964844
2022-01-07 00:00:00+00:00,,352.7066650390625,TSLA,,,,,,,,,,,,,,,,,,,,,,,342.32000732421875
2022-01-10 00:00:00+00:00,,354.79998779296875,TSLA,,,,,,,,,,,,,,,,,,,,,,,352.7066650390625
2022-01-11 00:00:00+00:00,,368.739990234375,TSLA,,,,,,,,,,,,,,,,,,,,,,,354.79998779296875
2022-01-12 00:00:00+00:00,,343.85333251953125,TSLA,,,,,,,,,,,,,,,,,,,,,,,368.739990234375
2022-01-13 00:00:00+00:00,,349.8699951171875,TSLA,,,,,,,,,,,,,,,,,,,,,,,343.85333251953125
2022-01-14 00:00:00+00:00,,343.5033264160156,TSLA,,,,,,,,,,,,,,,,,,,,,,,349.8699951171875
2022-01-18 00:00:00+00:00,,331.8833312988281,TSLA,,,,,,,,,,,,,,,,,,,,,,,343.5033264160156
2022-01-19 00:00:00+00:00,,332.0899963378906,TSLA,,,,,,,,,,,,,,,,,,,,,,,331.8833312988281
2022-01-20 00:00:00+00:00,,314.6333312988281,TSLA,,,,,,,,,,,,,,,,,,,,,,,332.0899963378906
2022-01-21 00:00:00+00:00,,310.0,TSLA,,,,,,,,,,,,,,,,,,,,,,,314.6333312988281
2022-01-24 00:00:00+00:00,,306.1333312988281,TSLA,,,,,,,,,,,,,,,,,,,,,,,310.0
2022-01-25 00:00:00+00:00,,312.4700012207031,TSLA,,,,,,,,,,,,,,,,,,,,,,,306.1333312988281
2022-01-26 00:00:00+00:00,,276.3666687011719,TSLA,,,,,,,,,,,,,,,,,,,,,,,312.4700012207031
2022-01-27 00:00:00+00:00,,282.1166687011719,TSLA,,,,,,,,,,,,,,,,,,,,,,,276.3666687011719
2022-01-28 00:00:00+00:00,,312.239990234375,TSLA,,,,,,,,,,,,,,,,,,,,,,,282.1166687011719
2022-01-31 00:00:00+00:00,,310.4166564941406,TSLA,,,,,,,,,,,,,,,,,,,,,,,312.239990234375
2022-02-01 00:00:00+00:00,,301.88665771484375,TSLA,,,,,,,,,,,,,,,,,,,,,,,310.4166564941406
2022-02-02 00:00:00+00:00,,297.0466613769531,TSLA,,,,,,,,,,,,,,,,,,,,,,,301.88665771484375
2022-02-03 00:00:00+00:00,,307.7733459472656,TSLA,,,,,,,,,,,,,,,,,,,,,,,297.0466613769531
2022-02-04 00:00:00+00:00,,302.4466552734375,TSLA,,,,,,,,,,,,,,,,,,,,,,,307.7733459472656
2022-02-07 00:00:00+00:00,,307.3333435058594,TSLA,,,,,,,,,,,,,,,,,,,,,,,302.4466552734375
2022-02-08 00:00:00+00:00,,310.6666564941406,TSLA,,,,,,,,,,,,,,,,,,,,,,,307.3333435058594
2022-02-09 00:00:00+00:00,,301.51666259765625,TSLA,,,,,,,,,,,,,,,,,,,,,,,310.6666564941406
2022-02-10 00:00:00+00:00,,286.6666564941406,TSLA,,,,,,,,,,,,,,,,,,,,,,,301.51666259765625
2022-02-11 00:00:00+00:00,,291.9200134277344,TSLA,,,,,,,,,,,,,,,,,,,,,,,286.6666564941406
2022-02-14 00:00:00+00:00,,307.4766540527344,TSLA,,,,,,,,,,,,,,,,,,,,,,,291.9200134277344
2022-02-15 00:00:00+00:00,,307.7966613769531,TSLA,,,,,,,,,,,,,,,,,,,,,,,307.4766540527344
2022-02-16 00:00:00+00:00,,292.1166687011719,TSLA,,,,,,,,,,,,,,,,,,,,,,,307.7966613769531
2022-02-17 00:00:00+00:00,,285.6600036621094,TSLA,,,,,,,,,,,,,,,,,,,,,,,292.1166687011719
2022-02-18 00:00:00+00:00,,273.84332275390625,TSLA,,,,,,,,,,,,,,,,,,,,,,,285.6600036621094
2022-02-22 00:00:00+00:00,,254.67999267578125,TSLA,,,,,,,,,,,,,,,,,,,,,,,273.84332275390625
2022-02-23 00:00:00+00:00,,266.92333984375,TSLA,,,,,,,,,,,,,,,,,,,,,,,254.67999267578125
2022-02-24 00:00:00+00:00,,269.9566650390625,TSLA,,,,,,,,,,,,,,,,,,,,,,,266.92333984375
2022-02-25 00:00:00+00:00,,290.1433410644531,TSLA,,,,,,,,,,,,,,,,,,,,,,,269.9566650390625
2022-02-28 00:00:00+00:00,,288.1233215332031,TSLA,,,,,,,,,,,,,,,,,,,,,,,290.1433410644531
2022-03-01 00:00:00+00:00,,293.2966613769531,TSLA,,,,,,,,,,,,,,,,,,,,,,,288.1233215332031
2022-03-02 00:00:00+00:00,,279.7633361816406,TSLA,,,,,,,,,,,,,,,,,,,,,,,293.2966613769531
2022-03-03 00:00:00+00:00,,279.42999267578125,TSLA,,,,,,,,,,,,,,,,,,,,,,,279.7633361816406
2022-03-04 00:00:00+00:00,,268.1933288574219,TSLA,,,,,,,,,,,,,,,,,,,,,,,279.42999267578125
2022-03-07 00:00:00+00:00,,274.79998779296875,TSLA,,,,,,,,,,,,,,,,,,,,,,,268.1933288574219
2022-03-08 00:00:00+00:00,,286.3233337402344,TSLA,,,,,,,,,,,,,,,,,,,,,,,274.79998779296875
2022-03-09 00:00:00+00:00,,279.4333190917969,TSLA,,,,,,,,,,,,,,,,,,,,,,,286.3233337402344
2022-03-10 00:00:00+00:00,,265.1166687011719,TSLA,,,,,,,,,,,,,,,,,,,,,,,279.4333190917969
2022-03-11 00:00:00+00:00,,255.4566650390625,TSLA,,,,,,,,,,,,,,,,,,,,,,,265.1166687011719
2022-03-14 00:00:00+00:00,,267.2966613769531,TSLA,,,,,,,,,,,,,,,,,,,,,,,255.4566650390625
2022-03-15 00:00:00+00:00,,280.07666015625,TSLA,,,,,,,,,,,,,,,,,,,,,,,267.2966613769531
2022-03-16 00:00:00+00:00,,290.5333251953125,TSLA,,,,,,,,,,,,,,,,,,,,,,,280.07666015625
2022-03-17 00:00:00+00:00,,301.7966613769531,TSLA,,,,,,,,,,,,,,,,,,,,,,,290.5333251953125
2022-03-18 00:00:00+00:00,,307.0533447265625,TSLA,,,,,,,,,,,,,,,,,,,,,,,301.7966613769531
2022-03-21 00:00:00+00:00,,331.32666015625,TSLA,,,,,,,,,,,,,,,,,,,,,,,307.0533447265625
2022-03-22 00:00:00+00:00,,333.03668212890625,TSLA,,,,,,,,,,,,,,,,,,,,,,,331.32666015625
2022-03-23 00:00:00+00:00,,337.97332763671875,TSLA,,,,,,,,,,,,,,,,,,,,,,,333.03668212890625
2022-03-24 00:00:00+00:00,,336.8800048828125,TSLA,,,,,,,,,,,,,,,,,,,,,,,337.97332763671875
2022-03-25 00:00:00+00:00,,363.9466552734375,TSLA,,,,,,,,,,,,,,,,,,,,,,,336.8800048828125
2022-03-28 00:00:00+00:00,,366.5233459472656,TSLA,,,,,,,,,,,,,,,,,,,,,,,363.9466552734375
2022-03-29 00:00:00+00:00,,364.663330078125,TSLA,,,,,,,,,,,,,,,,,,,,,,,366.5233459472656
2022-03-30 00:00:00+00:00,,359.20001220703125,TSLA,,,,,,,,,,,,,,,,,,,,,,,364.663330078125
2022-03-31 00:00:00+00:00,,361.5299987792969,TSLA,,,,,,,,,,,,,,,,,,,,,,,359.20001220703125
2022-04-01 00:00:00+00:00,,381.8166809082031,TSLA,,,,,,,,,,,,,,,,,,,,,,,361.5299987792969
2022-04-04 00:00:00+00:00,,363.7533264160156,TSLA,,,,,,,,,,,,,,,,,,,,,,,381.8166809082031
2022-04-05 00:00:00+00:00,,348.586669921875,TSLA,,,,,,,,,,,,,,,,,,,,,,,363.7533264160156
2022-04-06 00:00:00+00:00,,352.4200134277344,TSLA,,,,,,,,,,,,,,,,,,,,,,,348.586669921875
2022-04-07 00:00:00+00:00,,341.8299865722656,TSLA,,,,,,,,,,,,,,,,,,,,,,,352.4200134277344
2022-04-08 00:00:00+00:00,,325.30999755859375,TSLA,,,,,,,,,,,,,,,,,,,,,,,341.8299865722656
2022-04-11 00:00:00+00:00,,328.98333740234375,TSLA,,,,,,,,,,,,,,,,,,,,,,,325.30999755859375
2022-04-12 00:00:00+00:00,,340.7900085449219,TSLA,,,,,,,,,,,,,,,,,,,,,,,328.98333740234375
2022-04-13 00:00:00+00:00,,328.3333435058594,TSLA,,,,,,,,,,,,,,,,,,,,,,,340.7900085449219
2022-04-14 00:00:00+00:00,,334.7633361816406,TSLA,,,,,,,,,,,,,,,,,,,,,,,328.3333435058594
2022-04-18 00:00:00+00:00,,342.7166748046875,TSLA,,,,,,,,,,,,,,,,,,,,,,,334.7633361816406
2022-04-19 00:00:00+00:00,,325.73333740234375,TSLA,,,,,,,,,,,,,,,,,,,,,,,342.7166748046875
2022-04-20 00:00:00+00:00,,336.260009765625,TSLA,,,,,,,,,,,,,,,,,,,,,,,325.73333740234375
2022-04-21 00:00:00+00:00,,335.01666259765625,TSLA,,,,,,,,,,,,,,,,,,,,,,,336.260009765625
2022-04-22 00:00:00+00:00,,332.67333984375,TSLA,,,,,,,,,,,,,,,,,,,,,,,335.01666259765625
2022-04-25 00:00:00+00:00,,292.1400146484375,TSLA,,,,,,,,,,,,,,,,,,,,,,,332.67333984375
2022-04-26 00:00:00+00:00,,293.836669921875,TSLA,,,,,,,,,,,,,,,,,,,,,,,292.1400146484375
2022-04-27 00:00:00+00:00,,292.5033264160156,TSLA,,,,,,,,,,,,,,,,,,,,,,,293.836669921875
2022-04-28 00:00:00+00:00,,290.2533264160156,TSLA,,,,,,,,,,,,,,,,,,,,,,,292.5033264160156
2022-04-29 00:00:00+00:00,,300.9800109863281,TSLA,,,,,,,,,,,,,,,,,,,,,,,290.2533264160156
2022-05-02 00:00:00+00:00,,303.0833435058594,TSLA,,,,,,,,,,,,,,,,,,,,,,,300.9800109863281
2022-05-03 00:00:00+00:00,,317.5400085449219,TSLA,,,,,,,,,,,,,,,,,,,,,,,303.0833435058594
2022-05-04 00:00:00+00:00,,291.09332275390625,TSLA,,,,,,,,,,,,,,,,,,,,,,,317.5400085449219
2022-05-05 00:00:00+00:00,,288.54998779296875,TSLA,,,,,,,,,,,,,,,,,,,,,,,291.09332275390625
2022-05-06 00:00:00+00:00,,262.3699951171875,TSLA,,,,,,,,,,,,,,,,,,,,,,,288.54998779296875
2022-05-09 00:00:00+00:00,,266.67999267578125,TSLA,,,,,,,,,,,,,,,,,,,,,,,262.3699951171875
2022-05-10 00:00:00+00:00,,244.6666717529297,TSLA,,,,,,,,,,,,,,,,,,,,,,,266.67999267578125
2022-05-11 00:00:00+00:00,,242.6666717529297,TSLA,,,,,,,,,,,,,,,,,,,,,,,244.6666717529297
2022-05-12 00:00:00+00:00,,256.5299987792969,TSLA,,,,,,,,,,,,,,,,,,,,,,,242.6666717529297
2022-05-13 00:00:00+00:00,,241.4566650390625,TSLA,,,,,,,,,,,,,,,,,,,,,,,256.5299987792969
2022-05-16 00:00:00+00:00,,253.8699951171875,TSLA,,,,,,,,,,,,,,,,,,,,,,,241.4566650390625
2022-05-17 00:00:00+00:00,,236.60333251953125,TSLA,,,,,,,,,,,,,,,,,,,,,,,253.8699951171875
2022-05-18 00:00:00+00:00,,236.47332763671875,TSLA,,,,,,,,,,,,,,,,,,,,,,,236.60333251953125
2022-05-19 00:00:00+00:00,,221.3000030517578,TSLA,,,,,,,,,,,,,,,,,,,,,,,236.47332763671875
2022-05-20 00:00:00+00:00,,224.96665954589844,TSLA,,,,,,,,,,,,,,,,,,,,,,,221.3000030517578
2022-05-23 00:00:00+00:00,,209.3866729736328,TSLA,,,,,,,,,,,,,,,,,,,,,,,224.96665954589844
2022-05-24 00:00:00+00:00,,219.60000610351562,TSLA,,,,,,,,,,,,,,,,,,,,,,,209.3866729736328
2022-05-25 00:00:00+00:00,,235.91000366210938,TSLA,,,,,,,,,,,,,,,,,,,,,,,219.60000610351562
2022-05-26 00:00:00+00:00,,253.2100067138672,TSLA,,,,,,,,,,,,,,,,,,,,,,,235.91000366210938
2022-05-27 00:00:00+00:00,,252.75332641601562,TSLA,,,,,,,,,,,,,,,,,,,,,,,253.2100067138672
2022-05-31 00:00:00+00:00,,246.7899932861328,TSLA,,,,,,,,,,,,,,,,,,,,,,,252.75332641601562
2022-06-01 00:00:00+00:00,,258.3333435058594,TSLA,,,,,,,,,,,,,,,,,,,,,,,246.7899932861328
2022-06-02 00:00:00+00:00,,234.51666259765625,TSLA,,,,,,,,,,,,,,,,,,,,,,,258.3333435058594
2022-06-03 00:00:00+00:00,,238.27999877929688,TSLA,,,,,,,,,,,,,,,,,,,,,,,234.51666259765625
2022-06-06 00:00:00+00:00,,238.8866729736328,TSLA,,,,,,,,,,,,,,,,,,,,,,,238.27999877929688
2022-06-07 00:00:00+00:00,,241.86666870117188,TSLA,,,,,,,,,,,,,,,,,,,,,,,238.8866729736328
2022-06-08 00:00:00+00:00,,239.7066650390625,TSLA,,,,,,,,,,,,,,,,,,,,,,,241.86666870117188
2022-06-09 00:00:00+00:00,,232.22999572753906,TSLA,,,,,,,,,,,,,,,,,,,,,,,239.7066650390625
2022-06-10 00:00:00+00:00,,215.73666381835938,TSLA,,,,,,,,,,,,,,,,,,,,,,,232.22999572753906
2022-06-13 00:00:00+00:00,,220.88999938964844,TSLA,,,,,,,,,,,,,,,,,,,,,,,215.73666381835938
2022-06-14 00:00:00+00:00,,233.0,TSLA,,,,,,,,,,,,,,,,,,,,,,,220.88999938964844
2022-06-15 00:00:00+00:00,,213.10000610351562,TSLA,,,,,,,,,,,,,,,,,,,,,,,233.0
2022-06-16 00:00:00+00:00,,216.75999450683594,TSLA,,,,,,,,,,,,,,,,,,,,,,,213.10000610351562
2022-06-17 00:00:00+00:00,,237.0366668701172,TSLA,,,,,,,,,,,,,,,,,,,,,,,216.75999450683594
2022-06-21 00:00:00+00:00,,236.086669921875,TSLA,,,,,,,,,,,,,,,,,,,,,,,237.0366668701172
2022-06-22 00:00:00+00:00,,235.07000732421875,TSLA,,,,,,,,,,,,,,,,,,,,,,,236.086669921875
2022-06-23 00:00:00+00:00,,245.7066650390625,TSLA,,,,,,,,,,,,,,,,,,,,,,,235.07000732421875
2022-06-24 00:00:00+00:00,,244.9199981689453,TSLA,,,,,,,,,,,,,,,,,,,,,,,245.7066650390625
2022-06-27 00:00:00+00:00,,232.663330078125,TSLA,,,,,,,,,,,,,,,,,,,,,,,244.9199981689453
2022-06-28 00:00:00+00:00,,228.49000549316406,TSLA,,,,,,,,,,,,,,,,,,,,,,,232.663330078125
2022-06-29 00:00:00+00:00,,224.47332763671875,TSLA,,,,,,,,,,,,,,,,,,,,,,,228.49000549316406
2022-06-30 00:00:00+00:00,,227.26333618164062,TSLA,,,,,,,,,,,,,,,,,,,,,,,224.47332763671875
2022-07-01 00:00:00+00:00,,233.06666564941406,TSLA,,,,,,,,,,,,,,,,,,,,,,,227.26333618164062
2022-07-05 00:00:00+00:00,,231.73333740234375,TSLA,,,,,,,,,,,,,,,,,,,,,,,233.06666564941406
2022-07-06 00:00:00+00:00,,244.5433349609375,TSLA,,,,,,,,,,,,,,,,,,,,,,,231.73333740234375
2022-07-07 00:00:00+00:00,,250.76333618164062,TSLA,,,,,,,,,,,,,,,,,,,,,,,244.5433349609375
2022-07-08 00:00:00+00:00,,234.3433380126953,TSLA,,,,,,,,,,,,,,,,,,,,,,,250.76333618164062
2022-07-11 00:00:00+00:00,,233.07000732421875,TSLA,,,,,,,,,,,,,,,,,,,,,,,234.3433380126953
2022-07-12 00:00:00+00:00,,237.0399932861328,TSLA,,,,,,,,,,,,,,,,,,,,,,,233.07000732421875
2022-07-13 00:00:00+00:00,,238.31333923339844,TSLA,,,,,,,,,,,,,,,,,,,,,,,237.0399932861328
2022-07-14 00:00:00+00:00,,240.06666564941406,TSLA,,,,,,,,,,,,,,,,,,,,,,,238.31333923339844
2022-07-15 00:00:00+00:00,,240.54666137695312,TSLA,,,,,,,,,,,,,,,,,,,,,,,240.06666564941406
2022-07-18 00:00:00+00:00,,245.52999877929688,TSLA,,,,,,,,,,,,,,,,,,,,,,,240.54666137695312
2022-07-19 00:00:00+00:00,,247.5,TSLA,,,,,,,,,,,,,,,,,,,,,,,245.52999877929688
2022-07-20 00:00:00+00:00,,271.7066650390625,TSLA,,,,,,,,,,,,,,,,,,,,,,,247.5
2022-07-21 00:00:00+00:00,,272.24334716796875,TSLA,,,,,,,,,,,,,,,,,,,,,,,271.7066650390625
2022-07-22 00:00:00+00:00,,268.4333190917969,TSLA,,,,,,,,,,,,,,,,,,,,,,,272.24334716796875
2022-07-25 00:00:00+00:00,,258.8599853515625,TSLA,,,,,,,,,,,,,,,,,,,,,,,268.4333190917969
2022-07-26 00:00:00+00:00,,274.82000732421875,TSLA,,,,,,,,,,,,,,,,,,,,,,,258.8599853515625
2022-07-27 00:00:00+00:00,,280.8999938964844,TSLA,,,,,,,,,,,,,,,,,,,,,,,274.82000732421875
2022-07-28 00:00:00+00:00,,297.1499938964844,TSLA,,,,,,,,,,,,,,,,,,,,,,,280.8999938964844
2022-07-29 00:00:00+00:00,,297.27667236328125,TSLA,,,,,,,,,,,,,,,,,,,,,,,297.1499938964844
2022-08-01 00:00:00+00:00,,300.586669921875,TSLA,,,,,,,,,,,,,,,,,,,,,,,297.27667236328125
2022-08-02 00:00:00+00:00,,307.39666748046875,TSLA,,,,,,,,,,,,,,,,,,,,,,,300.586669921875
2022-08-03 00:00:00+00:00,,308.6333312988281,TSLA,,,,,,,,,,,,,,,,,,,,,,,307.39666748046875
2022-08-04 00:00:00+00:00,,288.1700134277344,TSLA,,,,,,,,,,,,,,,,,,,,,,,308.6333312988281
2022-08-05 00:00:00+00:00,,290.42333984375,TSLA,,,,,,,,,,,,,,,,,,,,,,,288.1700134277344
2022-08-08 00:00:00+00:00,,283.3333435058594,TSLA,,,,,,,,,,,,,,,,,,,,,,,290.42333984375
2022-08-09 00:00:00+00:00,,294.3566589355469,TSLA,,,,,,,,,,,,,,,,,,,,,,,283.3333435058594
2022-08-10 00:00:00+00:00,,286.6300048828125,TSLA,,,,,,,,,,,,,,,,,,,,,,,294.3566589355469
2022-08-11 00:00:00+00:00,,300.0299987792969,TSLA,,,,,,,,,,,,,,,,,,,,,,,286.6300048828125
2022-08-12 00:00:00+00:00,,309.32000732421875,TSLA,,,,,,,,,,,,,,,,,,,,,,,300.0299987792969
2022-08-15 00:00:00+00:00,,306.5633239746094,TSLA,,,,,,,,,,,,,,,,,,,,,,,309.32000732421875
2022-08-16 00:00:00+00:00,,303.9966735839844,TSLA,,,,,,,,,,,,,,,,,,,,,,,306.5633239746094
2022-08-17 00:00:00+00:00,,302.8699951171875,TSLA,,,,,,,,,,,,,,,,,,,,,,,303.9966735839844
2022-08-18 00:00:00+00:00,,296.6666564941406,TSLA,,,,,,,,,,,,,,,,,,,,,,,302.8699951171875
2022-08-19 00:00:00+00:00,,289.913330078125,TSLA,,,,,,,,,,,,,,,,,,,,,,,296.6666564941406
2022-08-22 00:00:00+00:00,,296.4533386230469,TSLA,,,,,,,,,,,,,,,,,,,,,,,289.913330078125
2022-08-23 00:00:00+00:00,,297.0966796875,TSLA,,,,,,,,,,,,,,,,,,,,,,,296.4533386230469
2022-08-24 00:00:00+00:00,,296.07000732421875,TSLA,,,,,,,,,,,,,,,,,,,,,,,297.0966796875
2022-08-25 00:00:00+00:00,,288.0899963378906,TSLA,,,,,,,,,,,,,,,,,,,,,,,296.07000732421875
2022-08-26 00:00:00+00:00,,284.82000732421875,TSLA,,,,,,,,,,,,,,,,,,,,,,,288.0899963378906
2022-08-29 00:00:00+00:00,,277.70001220703125,TSLA,,,,,,,,,,,,,,,,,,,,,,,284.82000732421875
2022-08-30 00:00:00+00:00,,275.6099853515625,TSLA,,,,,,,,,,,,,,,,,,,,,,,277.70001220703125
2022-08-31 00:00:00+00:00,,277.1600036621094,TSLA,,,,,,,,,,,,,,,,,,,,,,,275.6099853515625
2022-09-01 00:00:00+00:00,,270.2099914550781,TSLA,,,,,,,,,,,,,,,,,,,,,,,277.1600036621094
2022-09-02 00:00:00+00:00,,274.4200134277344,TSLA,,,,,,,,,,,,,,,,,,,,,,,270.2099914550781
2022-09-06 00:00:00+00:00,,283.70001220703125,TSLA,,,,,,,,,,,,,,,,,,,,,,,274.4200134277344
2022-09-07 00:00:00+00:00,,289.260009765625,TSLA,,,,,,,,,,,,,,,,,,,,,,,283.70001220703125
2022-09-08 00:00:00+00:00,,299.67999267578125,TSLA,,,,,,,,,,,,,,,,,,,,,,,289.260009765625
2022-09-09 00:00:00+00:00,,304.4200134277344,TSLA,,,,,,,,,,,,,,,,,,,,,,,299.67999267578125
2022-09-12 00:00:00+00:00,,292.1300048828125,TSLA,,,,,,,,,,,,,,,,,,,,,,,304.4200134277344
2022-09-13 00:00:00+00:00,,302.6099853515625,TSLA,,,,,,,,,,,,,,,,,,,,,,,292.1300048828125
2022-09-14 00:00:00+00:00,,303.75,TSLA,,,,,,,,,,,,,,,,,,,,,,,302.6099853515625
2022-09-15 00:00:00+00:00,,303.3500061035156,TSLA,,,,,,,,,,,,,,,,,,,,,,,303.75
2022-09-16 00:00:00+00:00,,309.07000732421875,TSLA,,,,,,,,,,,,,,,,,,,,,,,303.3500061035156
2022-09-19 00:00:00+00:00,,308.7300109863281,TSLA,,,,,,,,,,,,,,,,,,,,,,,309.07000732421875
2022-09-20 00:00:00+00:00,,300.79998779296875,TSLA,,,,,,,,,,,,,,,,,,,,,,,308.7300109863281
2022-09-21 00:00:00+00:00,,288.5899963378906,TSLA,,,,,,,,,,,,,,,,,,,,,,,300.79998779296875
2022-09-22 00:00:00+00:00,,275.3299865722656,TSLA,,,,,,,,,,,,,,,,,,,,,,,288.5899963378906
2022-09-23 00:00:00+00:00,,276.010009765625,TSLA,,,,,,,,,,,,,,,,,,,,,,,275.3299865722656
2022-09-26 00:00:00+00:00,,282.94000244140625,TSLA,,,,,,,,,,,,,,,,,,,,,,,276.010009765625
2022-09-27 00:00:00+00:00,,287.80999755859375,TSLA,,,,,,,,,,,,,,,,,,,,,,,282.94000244140625
2022-09-28 00:00:00+00:00,,268.2099914550781,TSLA,,,,,,,,,,,,,,,,,,,,,,,287.80999755859375
2022-09-29 00:00:00+00:00,,265.25,TSLA,,,,,,,,,,,,,,,,,,,,,,,268.2099914550781
2022-09-30 00:00:00+00:00,,242.39999389648438,TSLA,,,,,,,,,,,,,,,,,,,,,,,265.25
2022-10-03 00:00:00+00:00,,249.44000244140625,TSLA,,,,,,,,,,,,,,,,,,,,,,,242.39999389648438
2022-10-04 00:00:00+00:00,,240.80999755859375,TSLA,,,,,,,,,,,,,,,,,,,,,,,249.44000244140625
2022-10-05 00:00:00+00:00,,238.1300048828125,TSLA,,,,,,,,,,,,,,,,,,,,,,,240.80999755859375
2022-10-06 00:00:00+00:00,,223.07000732421875,TSLA,,,,,,,,,,,,,,,,,,,,,,,238.1300048828125
2022-10-07 00:00:00+00:00,,222.9600067138672,TSLA,,,,,,,,,,,,,,,,,,,,,,,223.07000732421875
2022-10-10 00:00:00+00:00,,216.5,TSLA,,,,,,,,,,,,,,,,,,,,,,,222.9600067138672
2022-10-11 00:00:00+00:00,,217.24000549316406,TSLA,,,,,,,,,,,,,,,,,,,,,,,216.5
2022-10-12 00:00:00+00:00,,221.72000122070312,TSLA,,,,,,,,,,,,,,,,,,,,,,,217.24000549316406
2022-10-13 00:00:00+00:00,,204.99000549316406,TSLA,,,,,,,,,,,,,,,,,,,,,,,221.72000122070312
2022-10-14 00:00:00+00:00,,219.35000610351562,TSLA,,,,,,,,,,,,,,,,,,,,,,,204.99000549316406
2022-10-17 00:00:00+00:00,,220.19000244140625,TSLA,,,,,,,,,,,,,,,,,,,,,,,219.35000610351562
2022-10-18 00:00:00+00:00,,222.0399932861328,TSLA,,,,,,,,,,,,,,,,,,,,,,,220.19000244140625
2022-10-19 00:00:00+00:00,,207.27999877929688,TSLA,,,,,,,,,,,,,,,,,,,,,,,222.0399932861328
2022-10-20 00:00:00+00:00,,214.44000244140625,TSLA,,,,,,,,,,,,,,,,,,,,,,,207.27999877929688
2022-10-21 00:00:00+00:00,,211.25,TSLA,,,,,,,,,,,,,,,,,,,,,,,214.44000244140625
2022-10-24 00:00:00+00:00,,222.4199981689453,TSLA,,,,,,,,,,,,,,,,,,,,,,,211.25
2022-10-25 00:00:00+00:00,,224.63999938964844,TSLA,,,,,,,,,,,,,,,,,,,,,,,222.4199981689453
2022-10-26 00:00:00+00:00,,225.08999633789062,TSLA,,,,,,,,,,,,,,,,,,,,,,,224.63999938964844
2022-10-27 00:00:00+00:00,,228.52000427246094,TSLA,,,,,,,,,,,,,,,,,,,,,,,225.08999633789062
2022-10-28 00:00:00+00:00,,227.5399932861328,TSLA,,,,,,,,,,,,,,,,,,,,,,,228.52000427246094
2022-10-31 00:00:00+00:00,,227.82000732421875,TSLA,,,,,,,,,,,,,,,,,,,,,,,227.5399932861328
2022-11-01 00:00:00+00:00,,214.97999572753906,TSLA,,,,,,,,,,,,,,,,,,,,,,,227.82000732421875
2022-11-02 00:00:00+00:00,,215.30999755859375,TSLA,,,,,,,,,,,,,,,,,,,,,,,214.97999572753906
2022-11-03 00:00:00+00:00,,207.47000122070312,TSLA,,,,,,,,,,,,,,,,,,,,,,,215.30999755859375
2022-11-04 00:00:00+00:00,,197.0800018310547,TSLA,,,,,,,,,,,,,,,,,,,,,,,207.47000122070312
2022-11-07 00:00:00+00:00,,191.3000030517578,TSLA,,,,,,,,,,,,,,,,,,,,,,,197.0800018310547
2022-11-08 00:00:00+00:00,,177.58999633789062,TSLA,,,,,,,,,,,,,,,,,,,,,,,191.3000030517578
2022-11-09 00:00:00+00:00,,190.72000122070312,TSLA,,,,,,,,,,,,,,,,,,,,,,,177.58999633789062
2022-11-10 00:00:00+00:00,,195.97000122070312,TSLA,,,,,,,,,,,,,,,,,,,,,,,190.72000122070312
2022-11-11 00:00:00+00:00,,190.9499969482422,TSLA,,,,,,,,,,,,,,,,,,,,,,,195.97000122070312
2022-11-14 00:00:00+00:00,,194.4199981689453,TSLA,,,,,,,,,,,,,,,,,,,,,,,190.9499969482422
2022-11-15 00:00:00+00:00,,186.9199981689453,TSLA,,,,,,,,,,,,,,,,,,,,,,,194.4199981689453
2022-11-16 00:00:00+00:00,,183.1699981689453,TSLA,,,,,,,,,,,,,,,,,,,,,,,186.9199981689453
2022-11-17 00:00:00+00:00,,180.19000244140625,TSLA,,,,,,,,,,,,,,,,,,,,,,,183.1699981689453
2022-11-18 00:00:00+00:00,,167.8699951171875,TSLA,,,,,,,,,,,,,,,,,,,,,,,180.19000244140625
2022-11-21 00:00:00+00:00,,169.91000366210938,TSLA,,,,,,,,,,,,,,,,,,,,,,,167.8699951171875
2022-11-22 00:00:00+00:00,,183.1999969482422,TSLA,,,,,,,,,,,,,,,,,,,,,,,169.91000366210938
2022-11-23 00:00:00+00:00,,182.86000061035156,TSLA,,,,,,,,,,,,,,,,,,,,,,,183.1999969482422
2022-11-25 00:00:00+00:00,,182.9199981689453,TSLA,,,,,,,,,,,,,,,,,,,,,,,182.86000061035156
2022-11-28 00:00:00+00:00,,180.8300018310547,TSLA,,,,,,,,,,,,,,,,,,,,,,,182.9199981689453
2022-11-29 00:00:00+00:00,,194.6999969482422,TSLA,,,,,,,,,,,,,,,,,,,,,,,180.8300018310547
2022-11-30 00:00:00+00:00,,194.6999969482422,TSLA,,,,,,,,,,,,,,,,,,,,,,,194.6999969482422
2022-12-01 00:00:00+00:00,,194.86000061035156,TSLA,,,,,,,,,,,,,,,,,,,,,,,194.6999969482422
2022-12-02 00:00:00+00:00,,182.4499969482422,TSLA,,,,,,,,,,,,,,,,,,,,,,,194.86000061035156
2022-12-05 00:00:00+00:00,,179.82000732421875,TSLA,,,,,,,,,,,,,,,,,,,,,,,182.4499969482422
2022-12-06 00:00:00+00:00,,174.0399932861328,TSLA,,,,,,,,,,,,,,,,,,,,,,,179.82000732421875
2022-12-07 00:00:00+00:00,,173.44000244140625,TSLA,,,,,,,,,,,,,,,,,,,,,,,174.0399932861328
2022-12-08 00:00:00+00:00,,179.0500030517578,TSLA,,,,,,,,,,,,,,,,,,,,,,,173.44000244140625
2022-12-09 00:00:00+00:00,,167.82000732421875,TSLA,,,,,,,,,,,,,,,,,,,,,,,179.0500030517578
2022-12-12 00:00:00+00:00,,160.9499969482422,TSLA,,,,,,,,,,,,,,,,,,,,,,,167.82000732421875
2022-12-13 00:00:00+00:00,,156.8000030517578,TSLA,,,,,,,,,,,,,,,,,,,,,,,160.9499969482422
2022-12-14 00:00:00+00:00,,157.6699981689453,TSLA,,,,,,,,,,,,,,,,,,,,,,,156.8000030517578
2022-12-15 00:00:00+00:00,,150.22999572753906,TSLA,,,,,,,,,,,,,,,,,,,,,,,157.6699981689453
2022-12-16 00:00:00+00:00,,149.8699951171875,TSLA,,,,,,,,,,,,,,,,,,,,,,,150.22999572753906
2022-12-19 00:00:00+00:00,,137.8000030517578,TSLA,,,,,,,,,,,,,,,,,,,,,,,149.8699951171875
2022-12-20 00:00:00+00:00,,137.57000732421875,TSLA,,,,,,,,,,,,,,,,,,,,,,,137.8000030517578
2022-12-21 00:00:00+00:00,,125.3499984741211,TSLA,,,,,,,,,,,,,,,,,,,,,,,137.57000732421875
2022-12-22 00:00:00+00:00,,123.1500015258789,TSLA,,,,,,,,,,,,,,,,,,,,,,,125.3499984741211
2022-12-23 00:00:00+00:00,,109.0999984741211,TSLA,,,,,,,,,,,,,,,,,,,,,,,123.1500015258789
2022-12-27 00:00:00+00:00,,112.70999908447266,TSLA,,,,,,,,,,,,,,,,,,,,,,,109.0999984741211
2022-12-28 00:00:00+00:00,,121.81999969482422,TSLA,,,,,,,,,,,,,,,,,,,,,,,112.70999908447266
2022-12-29 00:00:00+00:00,,123.18000030517578,TSLA,,,,,,,,,,,,,,,,,,,,,,,121.81999969482422
2022-12-30 00:00:00+00:00,,,TSLA,,,,,,,,,,,,,,,,,,,,,,,123.18000030517578
